Retailer,Retailer ID,Date,Month,Region,State,Beverage Brand,Price per Unit,Units Sold,Total Revenue
Rewe,1185732,2022-01-14,January,Northeast,Saxony,Fritz-Kola,0.46,12000,5520.0
Rewe,1185732,2022-01-14,January,Northeast,North Rhine-Westphalia,Fritz-Kola,0.46,10000,4600.0
Lidl,1185732,2022-01-14,January,Northeast,Bavaria,Bionade,0.37,10000,3700.0
Metro,1185732,2022-01-14,January,Northeast,Saxony-Anhalt,Mezzo Mix,0.41,8500,3485.0
Penny,1185732,2022-01-14,January,Northeast,Hesse,Vita Cola,0.55,9000,4950.0
Lidl,1185732,2022-01-14,January,Northeast,Saxony-Anhalt,Gerolsteiner,0.46,10000,4600.0
Kaufland,1185732,2022-02-12,February,Northeast,Saxony-Anhalt,Gerolsteiner,0.46,12500,5750.0
Lidl,1185732,2022-02-12,February,Northeast,Baden-Württemberg,Mezzo Mix,0.46,9000,4140.0
Netto,1185732,2022-02-12,February,Northeast,Baden-Württemberg,Gerolsteiner,0.37,9500,3515.0
Lidl,1185732,2022-02-12,February,Northeast,Mecklenburg-Vorpommern,Fritz-Kola,0.41,8250,3382.5
Netto,1185732,2022-02-12,February,Northeast,Baden-Württemberg,Bionade,0.55,9000,4950.0
Edeka,1185732,2022-02-12,February,Northeast,Thuringia,Gerolsteiner,0.46,10000,4600.0
Aldi,1185732,2022-03-10,March,Northeast,North Rhine-Westphalia,Bionade,0.46,12200,5612.0
Penny,1185732,2022-03-10,March,Northeast,Berlin,Vita Cola,0.46,9250,4255.0
Penny,1185732,2022-03-10,March,Northeast,Mecklenburg-Vorpommern,Club-Mate,0.37,9500,3515.0
Penny,1185732,2022-03-10,March,Northeast,Saxony,Mezzo Mix,0.41,8000,3280.0
Aldi,1185732,2022-03-10,March,Northeast,Brandenburg,Bionade,0.55,8500,4675.0
Netto,1185732,2022-03-10,March,Northeast,Hesse,Vita Cola,0.46,9500,4370.0
Metro,1185732,2022-04-11,April,Northeast,Schleswig-Holstein,Club-Mate,0.46,12000,5520.0
Aldi,1185732,2022-04-11,April,Northeast,North Rhine-Westphalia,Mezzo Mix,0.46,9000,4140.0
Penny,1185732,2022-04-11,April,Northeast,Baden-Württemberg,Gerolsteiner,0.37,9000,3330.0
Metro,1185732,2022-04-11,April,Northeast,North Rhine-Westphalia,Vita Cola,0.41,8250,3382.5
Lidl,1185732,2022-04-11,April,Northeast,Baden-Württemberg,Bionade,0.55,8250,4537.5
Netto,1185732,2022-04-11,April,Northeast,Schleswig-Holstein,Gerolsteiner,0.46,9500,4370.0
Kaufland,1185732,2022-05-10,May,Northeast,Saxony,Bionade,0.55,12200,6710.000000000001
Metro,1185732,2022-05-10,May,Northeast,Mecklenburg-Vorpommern,Vita Cola,0.51,9250,4717.5
Lidl,1185732,2022-05-10,May,Northeast,Mecklenburg-Vorpommern,Mezzo Mix,0.46,9000,4140.0
Edeka,1185732,2022-05-10,May,Northeast,Bavaria,Gerolsteiner,0.46,8500,3910.0
Rewe,1185732,2022-05-10,May,Northeast,Hesse,Mezzo Mix,0.55,8750,4812.5
Aldi,1185732,2022-05-10,May,Northeast,Saxony,Gerolsteiner,0.6,10000,6000.0
Rewe,1185732,2022-06-12,June,Northeast,Berlin,Club-Mate,0.55,12500,6875.000000000001
Lidl,1185732,2022-06-12,June,Northeast,Berlin,Vita Cola,0.51,10000,5100.0
Metro,1185732,2022-06-12,June,Northeast,Baden-Württemberg,Gerolsteiner,0.46,9250,4255.0
Penny,1185732,2022-06-12,June,Northeast,Berlin,Club-Mate,0.46,9000,4140.0
Edeka,1185732,2022-06-12,June,Northeast,Thuringia,Mezzo Mix,0.55,9000,4950.0
Edeka,1185732,2022-06-12,June,Northeast,Thuringia,Bionade,0.6,10500,6300.0
Aldi,1185732,2022-07-10,July,Northeast,Bavaria,Vita Cola,0.55,12750,7012.500000000001
Penny,1185732,2022-07-10,July,Northeast,Hamburg,Mezzo Mix,0.51,10250,5227.5
Rewe,1185732,2022-07-10,July,Northeast,Mecklenburg-Vorpommern,Club-Mate,0.46,9500,4370.0
Lidl,1185732,2022-07-10,July,Northeast,North Rhine-Westphalia,Mezzo Mix,0.46,9000,4140.0
Metro,1185732,2022-07-10,July,Northeast,Brandenburg,Fritz-Kola,0.55,9250,5087.5
Aldi,1185732,2022-07-10,July,Northeast,North Rhine-Westphalia,Vita Cola,0.6,11000,6600.0
Edeka,1185732,2022-08-11,August,Northeast,North Rhine-Westphalia,Vita Cola,0.55,12500,6875.000000000001
Edeka,1185732,2022-08-11,August,Northeast,Thuringia,Fritz-Kola,0.51,10250,5227.5
Metro,1185732,2022-08-11,August,Northeast,Saxony-Anhalt,Mezzo Mix,0.46,9500,4370.0
Kaufland,1185732,2022-08-11,August,Northeast,Bavaria,Mezzo Mix,0.46,9250,4255.0
Lidl,1185732,2022-08-11,August,Northeast,Bavaria,Bionade,0.55,9000,4950.0
Aldi,1185732,2022-08-11,August,Northeast,Hesse,Fritz-Kola,0.6,10750,6450.0
Netto,1185732,2022-09-10,September,Northeast,North Rhine-Westphalia,Bionade,0.55,12000,6600.000000000001
Lidl,1185732,2022-09-10,September,Northeast,Thuringia,Mezzo Mix,0.51,10000,5100.0
Kaufland,1185732,2022-09-10,September,Northeast,Mecklenburg-Vorpommern,Bionade,0.46,9250,4255.0
Lidl,1185732,2022-09-10,September,Northeast,Brandenburg,Vita Cola,0.46,9000,4140.0
Aldi,1185732,2022-09-10,September,Northeast,Saxony,Bionade,0.55,9000,4950.0
Edeka,1185732,2022-09-10,September,Northeast,Hamburg,Bionade,0.6,10000,6000.0
Metro,1185732,2022-10-12,October,Northeast,Baden-Württemberg,Club-Mate,0.6,11750,7050.0
Lidl,1185732,2022-10-12,October,Northeast,Hesse,Fritz-Kola,0.51,10000,5100.0
Aldi,1185732,2022-10-12,October,Northeast,Mecklenburg-Vorpommern,Mezzo Mix,0.51,9000,4590.0
Metro,1185732,2022-10-12,October,Northeast,Saxony,Vita Cola,0.51,8750,4462.5
Penny,1185732,2022-10-12,October,Northeast,Baden-Württemberg,Bionade,0.6,8750,5250.0
Edeka,1185732,2022-10-12,October,Northeast,Brandenburg,Gerolsteiner,0.64,10000,6400.0
Lidl,1185732,2022-11-11,November,Northeast,Saxony-Anhalt,Club-Mate,0.6,11500,6900.0
Kaufland,1185732,2022-11-11,November,Northeast,Saxony-Anhalt,Fritz-Kola,0.51,9750,4972.5
Penny,1185732,2022-11-11,November,Northeast,Hamburg,Fritz-Kola,0.51,9200,4692.0
Kaufland,1185732,2022-11-11,November,Northeast,Schleswig-Holstein,Gerolsteiner,0.51,9000,4590.0
Metro,1185732,2022-11-11,November,Northeast,Mecklenburg-Vorpommern,Vita Cola,0.6,8750,5250.0
Rewe,1185732,2022-11-11,November,Northeast,North Rhine-Westphalia,Club-Mate,0.64,9750,6240.0
Rewe,1185732,2022-12-10,December,Northeast,Hamburg,Fritz-Kola,0.6,12000,7200.0
Lidl,1185732,2022-12-10,December,Northeast,Thuringia,Mezzo Mix,0.51,10000,5100.0
Penny,1185732,2022-12-10,December,Northeast,Saxony,Fritz-Kola,0.51,9500,4845.0
Metro,1185732,2022-12-10,December,Northeast,Hesse,Fritz-Kola,0.51,9000,4590.0
Rewe,1185732,2022-12-10,December,Northeast,Schleswig-Holstein,Vita Cola,0.6,9000,5400.0
Kaufland,1185732,2022-12-10,December,Northeast,Brandenburg,Mezzo Mix,0.64,10000,6400.0
Kaufland,1197831,2022-01-02,January,South,Berlin,Club-Mate,0.23,9000,2070.0
Netto,1197831,2022-01-02,January,South,Berlin,Bionade,0.32,9000,2880.0
Kaufland,1197831,2022-01-02,January,South,Hesse,Bionade,0.32,7000,2240.0
Rewe,1197831,2022-01-02,January,South,Hesse,Gerolsteiner,0.32,7000,2240.0
Aldi,1197831,2022-01-02,January,South,Baden-Württemberg,Gerolsteiner,0.37,5500,2035.0
Penny,1197831,2022-01-02,January,South,Thuringia,Club-Mate,0.32,7000,2240.0
Rewe,1197831,2022-02-01,February,South,Baden-Württemberg,Vita Cola,0.23,8500,1955.0
Lidl,1197831,2022-02-01,February,South,Brandenburg,Club-Mate,0.32,8500,2720.0
Edeka,1197831,2022-02-01,February,South,Mecklenburg-Vorpommern,Vita Cola,0.32,6750,2160.0
Edeka,1197831,2022-02-01,February,South,Schleswig-Holstein,Bionade,0.32,6250,2000.0
Aldi,1197831,2022-02-01,February,South,Berlin,Fritz-Kola,0.37,5000,1850.0
Kaufland,1197831,2022-02-01,February,South,Baden-Württemberg,Gerolsteiner,0.32,7000,2240.0
Lidl,1197831,2022-03-03,March,South,Saxony,Club-Mate,0.28,8750,2450.0000000000005
Rewe,1197831,2022-03-03,March,South,Mecklenburg-Vorpommern,Vita Cola,0.37,8750,3237.5
Aldi,1197831,2022-03-03,March,South,North Rhine-Westphalia,Fritz-Kola,0.32,7000,2240.0
Lidl,1197831,2022-03-03,March,South,Bavaria,Gerolsteiner,0.37,6000,2220.0
Aldi,1197831,2022-03-03,March,South,Hamburg,Fritz-Kola,0.41,5000,2050.0
Kaufland,1197831,2022-03-03,March,South,Schleswig-Holstein,Fritz-Kola,0.37,6500,2405.0
Netto,1197831,2022-04-02,April,South,Baden-Württemberg,Gerolsteiner,0.28,9000,2520.0000000000005
Aldi,1197831,2022-04-02,April,South,Mecklenburg-Vorpommern,Fritz-Kola,0.37,9000,3330.0
Metro,1197831,2022-04-02,April,South,North Rhine-Westphalia,Gerolsteiner,0.32,7250,2320.0
Penny,1197831,2022-04-02,April,South,Saxony,Gerolsteiner,0.37,6250,2312.5
Metro,1197831,2022-04-02,April,South,Schleswig-Holstein,Gerolsteiner,0.41,5250,2152.5
Penny,1197831,2022-04-02,April,South,Saxony,Vita Cola,0.37,8000,2960.0
Kaufland,1197831,2022-05-02,May,South,Mecklenburg-Vorpommern,Club-Mate,0.28,9250,2590.0000000000005
Rewe,1197831,2022-05-02,May,South,North Rhine-Westphalia,Vita Cola,0.37,9250,3422.5
Penny,1197831,2022-05-02,May,South,Saxony-Anhalt,Vita Cola,0.32,7750,2480.0
Rewe,1197831,2022-05-02,May,South,Saxony-Anhalt,Gerolsteiner,0.37,7000,2590.0
Metro,1197831,2022-05-02,May,South,Saxony,Bionade,0.41,6000,2460.0
Aldi,1197831,2022-05-02,May,South,Thuringia,Gerolsteiner,0.37,9500,3515.0
Lidl,1197831,2022-06-01,June,South,Berlin,Vita Cola,0.37,9500,3515.0
Edeka,1197831,2022-06-01,June,South,Mecklenburg-Vorpommern,Club-Mate,0.41,9500,3894.9999999999995
Kaufland,1197831,2022-06-01,June,South,Hesse,Mezzo Mix,0.37,8000,2960.0
Penny,1197831,2022-06-01,June,South,Berlin,Vita Cola,0.37,7500,2775.0
Metro,1197831,2022-06-01,June,South,Mecklenburg-Vorpommern,Bionade,0.41,6500,2665.0
Netto,1197831,2022-06-01,June,South,Baden-Württemberg,Gerolsteiner,0.46,10000,4600.0
Penny,1197831,2022-07-03,July,South,Mecklenburg-Vorpommern,Club-Mate,0.37,9500,3515.0
Aldi,1197831,2022-07-03,July,South,Mecklenburg-Vorpommern,Club-Mate,0.41,9500,3894.9999999999995
Penny,1197831,2022-07-03,July,South,Berlin,Mezzo Mix,0.37,11000,4070.0
Metro,1197831,2022-07-03,July,South,Schleswig-Holstein,Bionade,0.37,7000,2590.0
Metro,1197831,2022-07-03,July,South,North Rhine-Westphalia,Gerolsteiner,0.41,7000,2870.0
Netto,1197831,2022-07-03,July,South,Saxony,Mezzo Mix,0.46,9750,4485.0
Rewe,1197831,2022-08-05,August,South,Saxony,Vita Cola,0.37,9250,3422.5
Metro,1197831,2022-08-05,August,South,Hamburg,Mezzo Mix,0.41,9250,3792.5
Rewe,1197831,2022-08-05,August,South,North Rhine-Westphalia,Bionade,0.37,11000,4070.0
Penny,1197831,2022-08-05,August,South,Mecklenburg-Vorpommern,Bionade,0.37,6500,2405.0
Penny,1197831,2022-08-05,August,South,Schleswig-Holstein,Gerolsteiner,0.41,6500,2665.0
Lidl,1197831,2022-08-05,August,South,Mecklenburg-Vorpommern,Gerolsteiner,0.46,9000,4140.0
Lidl,1197831,2022-09-02,September,South,Mecklenburg-Vorpommern,Fritz-Kola,0.41,8500,3485.0
Lidl,1197831,2022-09-02,September,South,Saxony-Anhalt,Vita Cola,0.41,8500,3485.0
Netto,1197831,2022-09-02,September,South,Bavaria,Bionade,0.46,9000,4140.0
Lidl,1197831,2022-09-02,September,South,Schleswig-Holstein,Gerolsteiner,0.46,6250,2875.0
Aldi,1197831,2022-09-02,September,South,Saxony,Vita Cola,0.41,6250,2562.5
Aldi,1197831,2022-09-02,September,South,Mecklenburg-Vorpommern,Gerolsteiner,0.51,8500,4335.0
Kaufland,1197831,2022-10-01,October,South,Saxony-Anhalt,Club-Mate,0.41,8000,3280.0
Edeka,1197831,2022-10-01,October,South,Hesse,Club-Mate,0.41,8000,3280.0
Netto,1197831,2022-10-01,October,South,Hesse,Vita Cola,0.46,7500,3450.0
Edeka,1197831,2022-10-01,October,South,Baden-Württemberg,Bionade,0.46,6000,2760.0
Netto,1197831,2022-10-01,October,South,North Rhine-Westphalia,Gerolsteiner,0.41,5750,2357.5
Aldi,1197831,2022-10-01,October,South,Berlin,Club-Mate,0.51,7500,3825.0
Penny,1197831,2022-11-02,November,South,Schleswig-Holstein,Fritz-Kola,0.41,9000,3690.0
Kaufland,1197831,2022-11-02,November,South,Hamburg,Vita Cola,0.41,9000,3690.0
Aldi,1197831,2022-11-02,November,South,Schleswig-Holstein,Gerolsteiner,0.46,8250,3795.0
Penny,1197831,2022-11-02,November,South,Thuringia,Gerolsteiner,0.46,6750,3105.0
Aldi,1197831,2022-11-02,November,South,Mecklenburg-Vorpommern,Club-Mate,0.41,6500,2665.0
Lidl,1197831,2022-11-02,November,South,Saxony,Fritz-Kola,0.51,8500,4335.0
Edeka,1197831,2022-12-01,December,South,Hesse,Club-Mate,0.41,9500,3894.9999999999995
Aldi,1197831,2022-12-01,December,South,Thuringia,Vita Cola,0.41,9500,3894.9999999999995
Lidl,1197831,2022-12-01,December,South,Schleswig-Holstein,Vita Cola,0.46,8500,3910.0
Netto,1197831,2022-12-01,December,South,Baden-Württemberg,Bionade,0.46,7000,3220.0
Edeka,1197831,2022-12-01,December,South,Schleswig-Holstein,Bionade,0.41,6500,2665.0
Aldi,1197831,2022-12-01,December,South,Hamburg,Gerolsteiner,0.51,9000,4590.0
Netto,1128299,2022-01-20,January,West,Schleswig-Holstein,Fritz-Kola,0.37,7750,2867.5
Penny,1128299,2022-01-20,January,West,Hesse,Gerolsteiner,0.46,7750,3565.0
Metro,1128299,2022-01-20,January,West,Berlin,Fritz-Kola,0.46,7750,3565.0
Aldi,1128299,2022-01-20,January,West,Berlin,Bionade,0.46,6250,2875.0
Edeka,1128299,2022-01-20,January,West,Hesse,Club-Mate,0.51,5750,2932.5
Aldi,1128299,2022-01-20,January,West,Brandenburg,Mezzo Mix,0.46,7750,3565.0
Edeka,1128299,2022-02-20,February,West,Brandenburg,Vita Cola,0.37,8250,3052.5
Netto,1128299,2022-02-20,February,West,North Rhine-Westphalia,Club-Mate,0.46,7250,3335.0
Kaufland,1128299,2022-02-20,February,West,Bavaria,Vita Cola,0.46,7250,3335.0
Penny,1128299,2022-02-20,February,West,Schleswig-Holstein,Fritz-Kola,0.46,5750,2645.0
Kaufland,1128299,2022-02-20,February,West,Schleswig-Holstein,Club-Mate,0.51,5000,2550.0
Netto,1128299,2022-02-20,February,West,Mecklenburg-Vorpommern,Bionade,0.46,7000,3220.0
Lidl,1128299,2022-03-19,March,West,Brandenburg,Vita Cola,0.46,8500,3910.0
Lidl,1128299,2022-03-19,March,West,Hamburg,Club-Mate,0.55,7000,3850.0000000000005
Rewe,1128299,2022-03-19,March,West,Saxony-Anhalt,Bionade,0.55,7000,3850.0000000000005
Edeka,1128299,2022-03-19,March,West,Mecklenburg-Vorpommern,Fritz-Kola,0.55,6000,3300.0000000000005
Kaufland,1128299,2022-03-19,March,West,Thuringia,Vita Cola,0.6,5000,3000.0
Rewe,1128299,2022-03-19,March,West,Mecklenburg-Vorpommern,Fritz-Kola,0.55,7000,3850.0000000000005
Kaufland,1128299,2022-04-20,April,West,Baden-Württemberg,Vita Cola,0.55,8750,4812.5
Kaufland,1128299,2022-04-20,April,West,Mecklenburg-Vorpommern,Fritz-Kola,0.6,6750,4050.0
Metro,1128299,2022-04-20,April,West,Hamburg,Fritz-Kola,0.6,7250,4350.0
Netto,1128299,2022-04-20,April,West,Schleswig-Holstein,Bionade,0.55,6250,3437.5000000000005
Metro,1128299,2022-04-20,April,West,Schleswig-Holstein,Bionade,0.6,5250,3150.0
Netto,1128299,2022-04-20,April,West,Bavaria,Gerolsteiner,0.74,7000,5180.0
Edeka,1128299,2022-05-21,May,West,Baden-Württemberg,Bionade,0.55,9000,4950.0
Kaufland,1128299,2022-05-21,May,West,Baden-Württemberg,Fritz-Kola,0.6,7500,4500.0
Aldi,1128299,2022-05-21,May,West,Hesse,Club-Mate,0.6,7500,4500.0
Aldi,1128299,2022-05-21,May,West,Saxony,Mezzo Mix,0.55,6500,3575.0000000000005
Metro,1128299,2022-05-21,May,West,Schleswig-Holstein,Bionade,0.6,5500,3300.0
Rewe,1128299,2022-05-21,May,West,Mecklenburg-Vorpommern,Fritz-Kola,0.74,7250,5365.0
Metro,1128299,2022-06-20,June,West,Mecklenburg-Vorpommern,Bionade,0.55,9750,5362.5
Penny,1128299,2022-06-20,June,West,Baden-Württemberg,Vita Cola,0.6,8250,4950.0
Edeka,1128299,2022-06-20,June,West,Mecklenburg-Vorpommern,Mezzo Mix,0.6,8250,4950.0
Edeka,1128299,2022-06-20,June,West,Mecklenburg-Vorpommern,Gerolsteiner,0.55,7000,3850.0000000000005
Edeka,1128299,2022-06-20,June,West,Saxony-Anhalt,Mezzo Mix,0.6,5750,3450.0
Netto,1128299,2022-06-20,June,West,Baden-Württemberg,Vita Cola,0.74,8750,6475.0
Aldi,1128299,2022-07-19,July,West,Baden-Württemberg,Club-Mate,0.55,10250,5637.500000000001
Lidl,1128299,2022-07-19,July,West,Brandenburg,Gerolsteiner,0.6,8750,5250.0
Penny,1128299,2022-07-19,July,West,Brandenburg,Mezzo Mix,0.6,8250,4950.0
Edeka,1128299,2022-07-19,July,West,Hesse,Gerolsteiner,0.55,7250,3987.5000000000005
Aldi,1128299,2022-07-19,July,West,Saxony,Bionade,0.6,7750,4650.0
Aldi,1128299,2022-07-19,July,West,Brandenburg,Fritz-Kola,0.74,7750,5735.0
Penny,1128299,2022-08-20,August,West,Hamburg,Mezzo Mix,0.6,9750,5850.0
Edeka,1128299,2022-08-20,August,West,Hesse,Vita Cola,0.64,9250,5920.0
Kaufland,1128299,2022-08-20,August,West,Berlin,Club-Mate,0.6,8000,4800.0
Netto,1128299,2022-08-20,August,West,Thuringia,Club-Mate,0.6,7500,4500.0
Metro,1128299,2022-08-20,August,West,Saxony,Mezzo Mix,0.69,7500,5175.0
Penny,1128299,2022-08-20,August,West,Hesse,Mezzo Mix,0.74,7250,5365.0
Penny,1128299,2022-09-21,September,West,Schleswig-Holstein,Bionade,0.51,9250,4717.5
Netto,1128299,2022-09-21,September,West,Schleswig-Holstein,Bionade,0.55,9250,5087.5
Metro,1128299,2022-09-21,September,West,Baden-Württemberg,Gerolsteiner,0.51,7750,3952.5
Penny,1128299,2022-09-21,September,West,Baden-Württemberg,Vita Cola,0.51,7250,3697.5
Netto,1128299,2022-09-21,September,West,Thuringia,Bionade,0.6,7250,4350.0
Netto,1128299,2022-09-21,September,West,Thuringia,Gerolsteiner,0.64,7750,4960.0
Lidl,1128299,2022-10-20,October,West,Hesse,Vita Cola,0.51,8750,4462.5
Rewe,1128299,2022-10-20,October,West,North Rhine-Westphalia,Club-Mate,0.55,8750,4812.5
Kaufland,1128299,2022-10-20,October,West,Saxony-Anhalt,Mezzo Mix,0.51,7000,3570.0
Metro,1128299,2022-10-20,October,West,Baden-Württemberg,Club-Mate,0.51,6750,3442.5
Edeka,1128299,2022-10-20,October,West,Saxony-Anhalt,Fritz-Kola,0.6,6500,3900.0
Lidl,1128299,2022-10-20,October,West,Mecklenburg-Vorpommern,Vita Cola,0.64,7000,4480.0
Penny,1128299,2022-11-20,November,West,Thuringia,Bionade,0.51,8750,4462.5
Metro,1128299,2022-11-20,November,West,Saxony-Anhalt,Bionade,0.55,8750,4812.5
Kaufland,1128299,2022-11-20,November,West,Hesse,Mezzo Mix,0.51,7250,3697.5
Edeka,1128299,2022-11-20,November,West,Thuringia,Club-Mate,0.51,7000,3570.0
Netto,1128299,2022-11-20,November,West,Bavaria,Vita Cola,0.6,6500,3900.0
Metro,1128299,2022-11-20,November,West,Thuringia,Club-Mate,0.64,7750,4960.0
Rewe,1128299,2022-12-19,December,West,Mecklenburg-Vorpommern,Club-Mate,0.51,9750,4972.5
Netto,1128299,2022-12-19,December,West,Saxony-Anhalt,Mezzo Mix,0.55,9750,5362.5
Aldi,1128299,2022-12-19,December,West,Schleswig-Holstein,Gerolsteiner,0.51,7750,3952.5
Lidl,1128299,2022-12-19,December,West,Baden-Württemberg,Fritz-Kola,0.51,7750,3952.5
Rewe,1128299,2022-12-19,December,West,Hamburg,Vita Cola,0.6,7000,4200.0
Kaufland,1128299,2022-12-19,December,West,North Rhine-Westphalia,Fritz-Kola,0.64,8000,5120.0
Aldi,1189833,2022-01-15,January,West,Brandenburg,Club-Mate,0.32,7000,2240.0
Metro,1189833,2022-01-15,January,West,Bavaria,Fritz-Kola,0.41,7000,2870.0
Penny,1189833,2022-01-15,January,West,Bavaria,Vita Cola,0.41,7000,2870.0
Netto,1189833,2022-01-15,January,West,Thuringia,Mezzo Mix,0.41,5500,2255.0
Kaufland,1189833,2022-01-15,January,West,Saxony-Anhalt,Bionade,0.46,5000,2300.0
Aldi,1189833,2022-01-15,January,West,North Rhine-Westphalia,Mezzo Mix,0.41,7000,2870.0
Rewe,1189833,2022-02-15,February,West,Hamburg,Bionade,0.32,7500,2400.0
Netto,1189833,2022-02-15,February,West,North Rhine-Westphalia,Gerolsteiner,0.41,6500,2665.0
Rewe,1189833,2022-02-15,February,West,Berlin,Mezzo Mix,0.41,6750,2767.5
Penny,1189833,2022-02-15,February,West,Bavaria,Bionade,0.41,5250,2152.5
Edeka,1189833,2022-02-15,February,West,North Rhine-Westphalia,Mezzo Mix,0.46,4500,2070.0
Penny,1189833,2022-02-15,February,West,Baden-Württemberg,Fritz-Kola,0.41,6500,2665.0
Penny,1189833,2022-03-14,March,West,Hesse,Fritz-Kola,0.32,8000,2560.0
Rewe,1189833,2022-03-14,March,West,Mecklenburg-Vorpommern,Mezzo Mix,0.41,6500,2665.0
Rewe,1189833,2022-03-14,March,West,Baden-Württemberg,Club-Mate,0.41,6500,2665.0
Lidl,1189833,2022-03-14,March,West,Saxony-Anhalt,Bionade,0.41,5500,2255.0
Metro,1189833,2022-03-14,March,West,Schleswig-Holstein,Gerolsteiner,0.46,4250,1955.0
Kaufland,1189833,2022-03-14,March,West,Hesse,Gerolsteiner,0.41,6250,2562.5
Aldi,1189833,2022-04-15,April,West,Hamburg,Vita Cola,0.41,8000,3280.0
Edeka,1189833,2022-04-15,April,West,North Rhine-Westphalia,Gerolsteiner,0.46,6000,2760.0
Lidl,1189833,2022-04-15,April,West,Thuringia,Bionade,0.46,6250,2875.0
Kaufland,1189833,2022-04-15,April,West,Baden-Württemberg,Vita Cola,0.41,5250,2152.5
Aldi,1189833,2022-04-15,April,West,Saxony-Anhalt,Mezzo Mix,0.46,4250,1955.0
Metro,1189833,2022-04-15,April,West,Saxony-Anhalt,Bionade,0.6,6000,3600.0
Penny,1189833,2022-05-16,May,West,North Rhine-Westphalia,Club-Mate,0.41,8000,3280.0
Penny,1189833,2022-05-16,May,West,Hesse,Vita Cola,0.46,6500,2990.0
Aldi,1189833,2022-05-16,May,West,Saxony-Anhalt,Vita Cola,0.46,6500,2990.0
Edeka,1189833,2022-05-16,May,West,Saxony,Bionade,0.41,5500,2255.0
Netto,1189833,2022-05-16,May,West,Thuringia,Club-Mate,0.46,4500,2070.0
Penny,1189833,2022-05-16,May,West,Hamburg,Mezzo Mix,0.6,6250,3750.0
Lidl,1189833,2022-06-15,June,West,Saxony-Anhalt,Gerolsteiner,0.41,9000,3690.0
Aldi,1189833,2022-06-15,June,West,Hesse,Fritz-Kola,0.46,7500,3450.0
Rewe,1189833,2022-06-15,June,West,Hesse,Fritz-Kola,0.46,7500,3450.0
Aldi,1189833,2022-06-15,June,West,Saxony-Anhalt,Vita Cola,0.41,6250,2562.5
Netto,1189833,2022-06-15,June,West,Saxony-Anhalt,Mezzo Mix,0.46,5000,2300.0
Metro,1189833,2022-06-15,June,West,Berlin,Vita Cola,0.6,8000,4800.0
Kaufland,1189833,2022-07-14,July,West,Brandenburg,Club-Mate,0.41,9500,3894.9999999999995
Penny,1189833,2022-07-14,July,West,Baden-Württemberg,Vita Cola,0.46,8000,3680.0
Netto,1189833,2022-07-14,July,West,Thuringia,Club-Mate,0.46,7500,3450.0
Edeka,1189833,2022-07-14,July,West,Saxony-Anhalt,Fritz-Kola,0.41,6500,2665.0
Metro,1189833,2022-07-14,July,West,Baden-Württemberg,Bionade,0.46,7000,3220.0
Kaufland,1189833,2022-07-14,July,West,Baden-Württemberg,Bionade,0.6,7000,4200.0
Netto,1189833,2022-08-15,August,West,Saxony,Gerolsteiner,0.46,9000,4140.0
Penny,1189833,2022-08-15,August,West,Berlin,Mezzo Mix,0.51,8500,4335.0
Rewe,1189833,2022-08-15,August,West,Mecklenburg-Vorpommern,Bionade,0.46,7250,3335.0
Penny,1189833,2022-08-15,August,West,Mecklenburg-Vorpommern,Mezzo Mix,0.46,6750,3105.0
Edeka,1189833,2022-08-15,August,West,Bavaria,Bionade,0.55,6750,3712.5000000000005
Netto,1189833,2022-08-15,August,West,Bavaria,Club-Mate,0.6,6500,3900.0
Penny,1189833,2022-09-16,September,West,Baden-Württemberg,Vita Cola,0.46,8500,3910.0
Netto,1189833,2022-09-16,September,West,Berlin,Club-Mate,0.51,8500,4335.0
Penny,1189833,2022-09-16,September,West,Bavaria,Mezzo Mix,0.46,7000,3220.0
Penny,1189833,2022-09-16,September,West,Saxony-Anhalt,Bionade,0.46,6500,2990.0
Aldi,1189833,2022-09-16,September,West,Mecklenburg-Vorpommern,Gerolsteiner,0.55,6500,3575.0000000000005
Lidl,1189833,2022-09-16,September,West,Saxony,Club-Mate,0.6,7000,4200.0
Metro,1189833,2022-10-15,October,West,Bavaria,Vita Cola,0.46,8000,3680.0
Metro,1189833,2022-10-15,October,West,Saxony-Anhalt,Club-Mate,0.51,8000,4080.0
Aldi,1189833,2022-10-15,October,West,Baden-Württemberg,Bionade,0.46,6500,2990.0
Netto,1189833,2022-10-15,October,West,Brandenburg,Fritz-Kola,0.46,6250,2875.0
Aldi,1189833,2022-10-15,October,West,Brandenburg,Fritz-Kola,0.55,6000,3300.0000000000005
Lidl,1189833,2022-10-15,October,West,Hesse,Gerolsteiner,0.6,6500,3900.0
Metro,1189833,2022-11-15,November,West,Hesse,Mezzo Mix,0.46,8250,3795.0
Edeka,1189833,2022-11-15,November,West,Saxony-Anhalt,Fritz-Kola,0.51,8250,4207.5
Metro,1189833,2022-11-15,November,West,Mecklenburg-Vorpommern,Bionade,0.46,6750,3105.0
Metro,1189833,2022-11-15,November,West,Berlin,Gerolsteiner,0.46,6500,2990.0
Lidl,1189833,2022-11-15,November,West,North Rhine-Westphalia,Bionade,0.55,6000,3300.0000000000005
Rewe,1189833,2022-11-15,November,West,Saxony,Mezzo Mix,0.6,7000,4200.0
Edeka,1189833,2022-12-14,December,West,Baden-Württemberg,Fritz-Kola,0.46,9000,4140.0
Kaufland,1189833,2022-12-14,December,West,Baden-Württemberg,Mezzo Mix,0.51,9000,4590.0
Metro,1189833,2022-12-14,December,West,Bavaria,Mezzo Mix,0.46,7000,3220.0
Metro,1189833,2022-12-14,December,West,Thuringia,Club-Mate,0.46,7000,3220.0
Netto,1189833,2022-12-14,December,West,Baden-Württemberg,Fritz-Kola,0.55,6250,3437.5000000000005
Edeka,1189833,2022-12-14,December,West,Mecklenburg-Vorpommern,Bionade,0.6,7250,4350.0
Metro,1185732,2022-01-15,January,Midwest,Hamburg,Vita Cola,0.41,4750,1947.4999999999998
Kaufland,1185732,2022-01-15,January,Midwest,Brandenburg,Mezzo Mix,0.41,2750,1127.5
Metro,1185732,2022-01-15,January,Midwest,Schleswig-Holstein,Bionade,0.32,2750,880.0
Aldi,1185732,2022-01-15,January,Midwest,Berlin,Gerolsteiner,0.37,1250,462.5
Rewe,1185732,2022-01-15,January,Midwest,Thuringia,Bionade,0.51,1750,892.5
Lidl,1185732,2022-01-15,January,Midwest,Hamburg,Mezzo Mix,0.41,2750,1127.5
Penny,1185732,2022-02-15,February,Midwest,Bavaria,Vita Cola,0.41,5250,2152.5
Rewe,1185732,2022-02-15,February,Midwest,Saxony,Club-Mate,0.41,1750,717.5
Metro,1185732,2022-02-15,February,Midwest,North Rhine-Westphalia,Gerolsteiner,0.32,2250,720.0
Penny,1185732,2022-02-15,February,Midwest,Schleswig-Holstein,Vita Cola,0.37,1000,370.0
Kaufland,1185732,2022-02-15,February,Midwest,Hesse,Mezzo Mix,0.51,1750,892.5
Edeka,1185732,2022-02-15,February,Midwest,Saxony-Anhalt,Mezzo Mix,0.41,2750,1127.5
Netto,1185732,2022-03-14,March,Midwest,Baden-Württemberg,Club-Mate,0.46,4950,2277.0
Penny,1185732,2022-03-14,March,Midwest,Berlin,Bionade,0.46,2000,920.0
Penny,1185732,2022-03-14,March,Midwest,Schleswig-Holstein,Fritz-Kola,0.37,2250,832.5
Lidl,1185732,2022-03-14,March,Midwest,Brandenburg,Bionade,0.41,750,307.5
Aldi,1185732,2022-03-14,March,Midwest,Mecklenburg-Vorpommern,Club-Mate,0.55,1250,687.5
Penny,1185732,2022-03-14,March,Midwest,Hesse,Gerolsteiner,0.46,2250,1035.0
Rewe,1185732,2022-04-15,April,Midwest,Brandenburg,Vita Cola,0.46,4500,2070.0
Penny,1185732,2022-04-15,April,Midwest,Schleswig-Holstein,Fritz-Kola,0.46,1500,690.0
Lidl,1185732,2022-04-15,April,Midwest,Thuringia,Mezzo Mix,0.37,1500,555.0
Netto,1185732,2022-04-15,April,Midwest,Baden-Württemberg,Fritz-Kola,0.41,750,307.5
Lidl,1185732,2022-04-15,April,Midwest,Schleswig-Holstein,Vita Cola,0.55,1000,550.0
Aldi,1185732,2022-04-15,April,Midwest,Mecklenburg-Vorpommern,Mezzo Mix,0.46,2250,1035.0
Kaufland,1185732,2022-05-16,May,Midwest,North Rhine-Westphalia,Club-Mate,0.55,4950,2722.5
Lidl,1185732,2022-05-16,May,Midwest,Berlin,Club-Mate,0.51,2000,1020.0
Aldi,1185732,2022-05-16,May,Midwest,Schleswig-Holstein,Bionade,0.46,1750,805.0
Penny,1185732,2022-05-16,May,Midwest,Hamburg,Vita Cola,0.46,1000,460.0
Edeka,1185732,2022-05-16,May,Midwest,Mecklenburg-Vorpommern,Club-Mate,0.55,1250,687.5
Kaufland,1185732,2022-05-16,May,Midwest,Saxony,Gerolsteiner,0.6,2500,1500.0
Edeka,1185732,2022-06-15,June,Midwest,Saxony,Vita Cola,0.46,5000,2300.0
Kaufland,1185732,2022-06-15,June,Midwest,Bavaria,Mezzo Mix,0.41,2500,1025.0
Penny,1185732,2022-06-15,June,Midwest,Saxony-Anhalt,Mezzo Mix,0.37,2000,740.0
Lidl,1185732,2022-06-15,June,Midwest,Thuringia,Vita Cola,0.37,1750,647.5
Lidl,1185732,2022-06-15,June,Midwest,Berlin,Club-Mate,0.46,1750,805.0
Netto,1185732,2022-06-15,June,Midwest,Brandenburg,Mezzo Mix,0.51,3500,1785.0
Rewe,1185732,2022-07-14,July,Midwest,Hesse,Mezzo Mix,0.46,5750,2645.0
Rewe,1185732,2022-07-14,July,Midwest,Saxony,Bionade,0.41,3250,1332.5
Netto,1185732,2022-07-14,July,Midwest,Mecklenburg-Vorpommern,Club-Mate,0.37,2500,925.0
Edeka,1185732,2022-07-14,July,Midwest,Bavaria,Fritz-Kola,0.37,2000,740.0
Edeka,1185732,2022-07-14,July,Midwest,Saxony-Anhalt,Vita Cola,0.46,2250,1035.0
Edeka,1185732,2022-07-14,July,Midwest,Brandenburg,Fritz-Kola,0.51,4000,2040.0
Edeka,1185732,2022-08-15,August,Midwest,Saxony,Mezzo Mix,0.46,5500,2530.0
Aldi,1185732,2022-08-15,August,Midwest,Hesse,Gerolsteiner,0.41,3250,1332.5
Lidl,1185732,2022-08-15,August,Midwest,Berlin,Fritz-Kola,0.37,2500,925.0
Netto,1185732,2022-08-15,August,Midwest,Mecklenburg-Vorpommern,Gerolsteiner,0.37,2250,832.5
Lidl,1185732,2022-08-15,August,Midwest,Thuringia,Gerolsteiner,0.46,2000,920.0
Rewe,1185732,2022-08-15,August,Midwest,Berlin,Gerolsteiner,0.51,3750,1912.5
Penny,1185732,2022-09-16,September,Midwest,North Rhine-Westphalia,Fritz-Kola,0.46,5000,2300.0
Penny,1185732,2022-09-16,September,Midwest,Saxony,Fritz-Kola,0.41,3000,1230.0
Metro,1185732,2022-09-16,September,Midwest,Berlin,Mezzo Mix,0.37,2000,740.0
Penny,1185732,2022-09-16,September,Midwest,Hesse,Bionade,0.37,1750,647.5
Metro,1185732,2022-09-16,September,Midwest,Mecklenburg-Vorpommern,Fritz-Kola,0.46,1750,805.0
Metro,1185732,2022-09-16,September,Midwest,Bavaria,Fritz-Kola,0.51,2500,1275.0
Lidl,1185732,2022-10-15,October,Midwest,Bavaria,Vita Cola,0.55,4250,2337.5
Metro,1185732,2022-10-15,October,Midwest,Berlin,Bionade,0.46,2500,1150.0
Kaufland,1185732,2022-10-15,October,Midwest,North Rhine-Westphalia,Fritz-Kola,0.46,1500,690.0
Netto,1185732,2022-10-15,October,Midwest,Berlin,Club-Mate,0.46,1250,575.0
Rewe,1185732,2022-10-15,October,Midwest,Hesse,Fritz-Kola,0.55,1250,687.5
Rewe,1185732,2022-10-15,October,Midwest,Thuringia,Vita Cola,0.6,2500,1500.0
Lidl,1185732,2022-11-15,November,Midwest,Saxony,Vita Cola,0.55,4000,2200.0
Penny,1185732,2022-11-15,November,Midwest,Thuringia,Mezzo Mix,0.46,2500,1150.0
Rewe,1185732,2022-11-15,November,Midwest,Thuringia,Bionade,0.46,1950,897.0
Aldi,1185732,2022-11-15,November,Midwest,Hesse,Bionade,0.46,1750,805.0
Edeka,1185732,2022-11-15,November,Midwest,Brandenburg,Mezzo Mix,0.55,1500,825.0000000000001
Lidl,1185732,2022-11-15,November,Midwest,Bavaria,Mezzo Mix,0.6,2500,1500.0
Lidl,1185732,2022-12-14,December,Midwest,Berlin,Gerolsteiner,0.55,5000,2750.0
Netto,1185732,2022-12-14,December,Midwest,Saxony-Anhalt,Gerolsteiner,0.46,3000,1380.0
Kaufland,1185732,2022-12-14,December,Midwest,Saxony-Anhalt,Club-Mate,0.46,2500,1150.0
Metro,1185732,2022-12-14,December,Midwest,Saxony-Anhalt,Gerolsteiner,0.46,2000,920.0
Rewe,1185732,2022-12-14,December,Midwest,Bavaria,Bionade,0.55,2000,1100.0
Lidl,1185732,2022-12-14,December,Midwest,North Rhine-Westphalia,Club-Mate,0.6,3000,1800.0
Kaufland,1197831,2022-01-02,January,South,Brandenburg,Mezzo Mix,0.18,7250,1305.0
Netto,1197831,2022-01-02,January,South,Thuringia,Fritz-Kola,0.28,7250,2030.0000000000002
Kaufland,1197831,2022-01-02,January,South,Saxony-Anhalt,Fritz-Kola,0.28,5250,1470.0000000000002
Penny,1197831,2022-01-02,January,South,Schleswig-Holstein,Bionade,0.32,5250,1680.0
Netto,1197831,2022-01-02,January,South,Berlin,Gerolsteiner,0.37,3750,1387.5
Penny,1197831,2022-01-02,January,South,Saxony,Gerolsteiner,0.32,5250,1680.0
Netto,1197831,2022-02-01,February,South,Saxony-Anhalt,Fritz-Kola,0.23,6750,1552.5
Rewe,1197831,2022-02-01,February,South,Berlin,Fritz-Kola,0.32,6500,2080.0
Kaufland,1197831,2022-02-01,February,South,Hamburg,Fritz-Kola,0.32,4750,1520.0
Kaufland,1197831,2022-02-01,February,South,North Rhine-Westphalia,Club-Mate,0.32,4250,1360.0
Metro,1197831,2022-02-01,February,South,Berlin,Mezzo Mix,0.37,3000,1110.0
Lidl,1197831,2022-02-01,February,South,Saxony-Anhalt,Bionade,0.32,5000,1600.0
Lidl,1197831,2022-03-03,March,South,Brandenburg,Mezzo Mix,0.28,6750,1890.0000000000002
Penny,1197831,2022-03-03,March,South,Mecklenburg-Vorpommern,Bionade,0.37,6750,2497.5
Penny,1197831,2022-03-03,March,South,Baden-Württemberg,Fritz-Kola,0.28,5000,1400.0000000000002
Metro,1197831,2022-03-03,March,South,Brandenburg,Gerolsteiner,0.32,4000,1280.0
Netto,1197831,2022-03-03,March,South,Thuringia,Mezzo Mix,0.37,3000,1110.0
Kaufland,1197831,2022-03-03,March,South,Saxony-Anhalt,Vita Cola,0.32,4500,1440.0
Penny,1197831,2022-04-02,April,South,Brandenburg,Bionade,0.18,7000,1260.0
Kaufland,1197831,2022-04-02,April,South,Thuringia,Fritz-Kola,0.28,7000,1960.0000000000002
Aldi,1197831,2022-04-02,April,South,Schleswig-Holstein,Gerolsteiner,0.23,5250,1207.5
Kaufland,1197831,2022-04-02,April,South,Baden-Württemberg,Vita Cola,0.28,4250,1190.0
Lidl,1197831,2022-04-02,April,South,Saxony-Anhalt,Bionade,0.32,3250,1040.0
Edeka,1197831,2022-04-02,April,South,Hamburg,Bionade,0.28,6000,1680.0000000000002
Aldi,1197831,2022-05-02,May,South,Bavaria,Vita Cola,0.18,7500,1350.0
Rewe,1197831,2022-05-02,May,South,Bavaria,Vita Cola,0.28,7750,2170.0
Edeka,1197831,2022-05-02,May,South,North Rhine-Westphalia,Bionade,0.23,6250,1437.5
Edeka,1197831,2022-05-02,May,South,Bavaria,Mezzo Mix,0.32,5500,1760.0
Aldi,1197831,2022-05-02,May,South,Saxony,Vita Cola,0.46,4500,2070.0
Kaufland,1197831,2022-05-02,May,South,Bavaria,Bionade,0.41,8000,3280.0
Penny,1197831,2022-06-01,June,South,Mecklenburg-Vorpommern,Mezzo Mix,0.41,8000,3280.0
Penny,1197831,2022-06-01,June,South,Hesse,Gerolsteiner,0.46,8000,3680.0
Rewe,1197831,2022-06-01,June,South,Mecklenburg-Vorpommern,Gerolsteiner,0.41,6500,2665.0
Rewe,1197831,2022-06-01,June,South,Hesse,Vita Cola,0.41,6000,2460.0
Penny,1197831,2022-06-01,June,South,Baden-Württemberg,Mezzo Mix,0.46,5000,2300.0
Lidl,1197831,2022-06-01,June,South,Hamburg,Vita Cola,0.51,8750,4462.5
Metro,1197831,2022-07-03,July,South,Hamburg,Vita Cola,0.41,8250,3382.5
Penny,1197831,2022-07-03,July,South,Baden-Württemberg,Mezzo Mix,0.46,8250,3795.0
Edeka,1197831,2022-07-03,July,South,Hamburg,Club-Mate,0.41,9750,3997.4999999999995
Kaufland,1197831,2022-07-03,July,South,Brandenburg,Bionade,0.41,5750,2357.5
Kaufland,1197831,2022-07-03,July,South,Berlin,Bionade,0.46,5750,2645.0
Kaufland,1197831,2022-07-03,July,South,Schleswig-Holstein,Fritz-Kola,0.55,8500,4675.0
Edeka,1197831,2022-08-05,August,South,Bavaria,Mezzo Mix,0.46,8000,3680.0
Penny,1197831,2022-08-05,August,South,Schleswig-Holstein,Gerolsteiner,0.51,8000,4080.0
Aldi,1197831,2022-08-05,August,South,Saxony-Anhalt,Vita Cola,0.46,9750,4485.0
Penny,1197831,2022-08-05,August,South,Saxony,Bionade,0.46,5250,2415.0
Edeka,1197831,2022-08-05,August,South,Schleswig-Holstein,Vita Cola,0.51,5250,2677.5
Edeka,1197831,2022-08-05,August,South,Brandenburg,Bionade,0.55,7750,4262.5
Aldi,1197831,2022-09-02,September,South,Hesse,Vita Cola,0.51,7250,3697.5
Metro,1197831,2022-09-02,September,South,Mecklenburg-Vorpommern,Vita Cola,0.51,6750,3442.5
Kaufland,1197831,2022-09-02,September,South,Baden-Württemberg,Bionade,0.55,7250,3987.5000000000005
Aldi,1197831,2022-09-02,September,South,Hamburg,Gerolsteiner,0.55,4500,2475.0
Netto,1197831,2022-09-02,September,South,Thuringia,Gerolsteiner,0.51,4500,2295.0
Edeka,1197831,2022-09-02,September,South,Saxony,Club-Mate,0.46,6750,3105.0
Aldi,1197831,2022-10-01,October,South,Baden-Württemberg,Fritz-Kola,0.37,6250,2312.5
Metro,1197831,2022-10-01,October,South,Thuringia,Club-Mate,0.37,6250,2312.5
Rewe,1197831,2022-10-01,October,South,Saxony-Anhalt,Bionade,0.41,5750,2357.5
Penny,1197831,2022-10-01,October,South,Berlin,Vita Cola,0.41,4250,1742.5
Lidl,1197831,2022-10-01,October,South,Mecklenburg-Vorpommern,Fritz-Kola,0.37,4000,1480.0
Kaufland,1197831,2022-10-01,October,South,Baden-Württemberg,Mezzo Mix,0.46,5750,2645.0
Rewe,1197831,2022-11-02,November,South,Hamburg,Mezzo Mix,0.37,7250,2682.5
Rewe,1197831,2022-11-02,November,South,Brandenburg,Gerolsteiner,0.37,7250,2682.5
Rewe,1197831,2022-11-02,November,South,Mecklenburg-Vorpommern,Bionade,0.6,6500,3900.0
Penny,1197831,2022-11-02,November,South,Hesse,Club-Mate,0.6,5000,3000.0
Aldi,1197831,2022-11-02,November,South,Berlin,Vita Cola,0.55,4750,2612.5
Lidl,1197831,2022-11-02,November,South,Thuringia,Fritz-Kola,0.64,6750,4320.0
Metro,1197831,2022-12-01,December,South,Brandenburg,Vita Cola,0.55,8250,4537.5
Aldi,1197831,2022-12-01,December,South,Saxony,Vita Cola,0.55,8250,4537.5
Kaufland,1197831,2022-12-01,December,South,Brandenburg,Mezzo Mix,0.6,7250,4350.0
Penny,1197831,2022-12-01,December,South,Mecklenburg-Vorpommern,Gerolsteiner,0.6,5750,3450.0
Aldi,1197831,2022-12-01,December,South,Berlin,Gerolsteiner,0.55,5250,2887.5000000000005
Rewe,1197831,2022-12-01,December,South,Hesse,Mezzo Mix,0.64,7750,4960.0
Aldi,1185732,2022-01-07,January,Northeast,Hesse,Club-Mate,0.41,4250,1742.5
Edeka,1185732,2022-01-07,January,Northeast,Hesse,Fritz-Kola,0.41,2250,922.5
Metro,1185732,2022-01-07,January,Northeast,Hesse,Club-Mate,0.32,2250,720.0
Lidl,1185732,2022-01-07,January,Northeast,Hesse,Bionade,0.37,750,277.5
Lidl,1185732,2022-01-07,January,Northeast,Saxony,Fritz-Kola,0.51,1250,637.5
Aldi,1185732,2022-01-07,January,Northeast,Bavaria,Club-Mate,0.41,2250,922.5
Netto,1185732,2022-02-05,February,Northeast,Berlin,Gerolsteiner,0.41,4750,1947.4999999999998
Rewe,1185732,2022-02-05,February,Northeast,North Rhine-Westphalia,Fritz-Kola,0.41,1250,512.5
Aldi,1185732,2022-02-05,February,Northeast,North Rhine-Westphalia,Mezzo Mix,0.32,1750,560.0
Rewe,1185732,2022-02-05,February,Northeast,Schleswig-Holstein,Vita Cola,0.37,500,185.0
Aldi,1185732,2022-02-05,February,Northeast,North Rhine-Westphalia,Vita Cola,0.51,1250,637.5
Edeka,1185732,2022-02-05,February,Northeast,Hamburg,Bionade,0.41,2250,922.5
Lidl,1185732,2022-03-03,March,Northeast,Bavaria,Vita Cola,0.46,4450,2047.0
Aldi,1185732,2022-03-03,March,Northeast,Berlin,Fritz-Kola,0.46,1500,690.0
Aldi,1185732,2022-03-03,March,Northeast,Baden-Württemberg,Bionade,0.37,1750,647.5
Edeka,1185732,2022-03-03,March,Northeast,Baden-Württemberg,Bionade,0.41,250,102.5
Metro,1185732,2022-03-03,March,Northeast,Thuringia,Vita Cola,0.55,750,412.50000000000006
Metro,1185732,2022-03-03,March,Northeast,Berlin,Mezzo Mix,0.46,1750,805.0
Lidl,1185732,2022-04-04,April,Northeast,Hamburg,Gerolsteiner,0.46,4500,2070.0
Edeka,1185732,2022-04-04,April,Northeast,Brandenburg,Vita Cola,0.46,1500,690.0
Kaufland,1185732,2022-04-04,April,Northeast,Baden-Württemberg,Mezzo Mix,0.37,1500,555.0
Netto,1185732,2022-04-04,April,Northeast,Schleswig-Holstein,Fritz-Kola,0.41,750,307.5
Kaufland,1185732,2022-04-04,April,Northeast,North Rhine-Westphalia,Fritz-Kola,0.55,750,412.50000000000006
Rewe,1185732,2022-04-04,April,Northeast,Hamburg,Fritz-Kola,0.46,2000,920.0
Aldi,1185732,2022-05-03,May,Northeast,North Rhine-Westphalia,Bionade,0.55,4700,2585.0
Metro,1185732,2022-05-03,May,Northeast,Baden-Württemberg,Fritz-Kola,0.55,1750,962.5000000000001
Lidl,1185732,2022-05-03,May,Northeast,Mecklenburg-Vorpommern,Vita Cola,0.51,1500,765.0
Penny,1185732,2022-05-03,May,Northeast,Hamburg,Fritz-Kola,0.51,1000,510.0
Metro,1185732,2022-05-03,May,Northeast,Thuringia,Mezzo Mix,0.6,1250,750.0
Aldi,1185732,2022-05-03,May,Northeast,Saxony-Anhalt,Mezzo Mix,0.64,2500,1600.0
Kaufland,1185732,2022-06-05,June,Northeast,Thuringia,Gerolsteiner,0.6,5000,3000.0
Netto,1185732,2022-06-05,June,Northeast,Thuringia,Club-Mate,0.55,2500,1375.0
Lidl,1185732,2022-06-05,June,Northeast,Berlin,Gerolsteiner,0.51,1750,892.5
Metro,1185732,2022-06-05,June,Northeast,Schleswig-Holstein,Club-Mate,0.51,1500,765.0
Metro,1185732,2022-06-05,June,Northeast,Baden-Württemberg,Mezzo Mix,0.6,1500,900.0
Rewe,1185732,2022-06-05,June,Northeast,Brandenburg,Fritz-Kola,0.64,3000,1920.0
Lidl,1185732,2022-07-03,July,Northeast,Baden-Württemberg,Vita Cola,0.6,5000,3000.0
Edeka,1185732,2022-07-03,July,Northeast,Brandenburg,Mezzo Mix,0.55,3000,1650.0000000000002
Netto,1185732,2022-07-03,July,Northeast,Saxony-Anhalt,Club-Mate,0.51,2250,1147.5
Aldi,1185732,2022-07-03,July,Northeast,Bavaria,Gerolsteiner,0.51,1750,892.5
Penny,1185732,2022-07-03,July,Northeast,Thuringia,Fritz-Kola,0.6,2000,1200.0
Edeka,1185732,2022-07-03,July,Northeast,Saxony-Anhalt,Bionade,0.64,3750,2400.0
Kaufland,1185732,2022-08-04,August,Northeast,Baden-Württemberg,Mezzo Mix,0.6,5250,3150.0
Lidl,1185732,2022-08-04,August,Northeast,North Rhine-Westphalia,Club-Mate,0.55,3000,1650.0000000000002
Edeka,1185732,2022-08-04,August,Northeast,Brandenburg,Fritz-Kola,0.51,2250,1147.5
Aldi,1185732,2022-08-04,August,Northeast,Baden-Württemberg,Bionade,0.51,2000,1020.0
Kaufland,1185732,2022-08-04,August,Northeast,Mecklenburg-Vorpommern,Bionade,0.6,1750,1050.0
Aldi,1185732,2022-08-04,August,Northeast,Schleswig-Holstein,Vita Cola,0.64,3500,2240.0
Kaufland,1185732,2022-09-03,September,Northeast,Schleswig-Holstein,Fritz-Kola,0.6,4750,2850.0
Lidl,1185732,2022-09-03,September,Northeast,Brandenburg,Fritz-Kola,0.46,2750,1265.0
Rewe,1185732,2022-09-03,September,Northeast,Hesse,Club-Mate,0.41,2000,820.0
Rewe,1185732,2022-09-03,September,Northeast,Hamburg,Mezzo Mix,0.41,1750,717.5
Netto,1185732,2022-09-03,September,Northeast,Thuringia,Bionade,0.51,1250,637.5
Edeka,1185732,2022-09-03,September,Northeast,Hesse,Gerolsteiner,0.55,2250,1237.5
Kaufland,1185732,2022-10-05,October,Northeast,Baden-Württemberg,Bionade,0.55,4000,2200.0
Netto,1185732,2022-10-05,October,Northeast,Thuringia,Club-Mate,0.46,2250,1035.0
Kaufland,1185732,2022-10-05,October,Northeast,Thuringia,Bionade,0.46,1250,575.0
Edeka,1185732,2022-10-05,October,Northeast,Bavaria,Fritz-Kola,0.46,1000,460.0
Metro,1185732,2022-10-05,October,Northeast,Berlin,Mezzo Mix,0.55,1000,550.0
Edeka,1185732,2022-10-05,October,Northeast,Schleswig-Holstein,Gerolsteiner,0.6,2250,1350.0
Penny,1185732,2022-11-04,November,Northeast,Saxony,Bionade,0.64,3750,2400.0
Lidl,1185732,2022-11-04,November,Northeast,Baden-Württemberg,Vita Cola,0.55,2000,1100.0
Metro,1185732,2022-11-04,November,Northeast,Hamburg,Mezzo Mix,0.55,1950,1072.5
Aldi,1185732,2022-11-04,November,Northeast,Thuringia,Vita Cola,0.55,1750,962.5000000000001
Kaufland,1185732,2022-11-04,November,Northeast,Hamburg,Bionade,0.64,1500,960.0
Rewe,1185732,2022-11-04,November,Northeast,Hamburg,Bionade,0.69,2500,1724.9999999999998
Rewe,1185732,2022-12-03,December,Northeast,Berlin,Mezzo Mix,0.64,4750,3040.0
Metro,1185732,2022-12-03,December,Northeast,Schleswig-Holstein,Club-Mate,0.55,2750,1512.5000000000002
Metro,1185732,2022-12-03,December,Northeast,Thuringia,Club-Mate,0.55,2250,1237.5
Kaufland,1185732,2022-12-03,December,Northeast,Berlin,Vita Cola,0.55,1750,962.5000000000001
Metro,1185732,2022-12-03,December,Northeast,Hesse,Mezzo Mix,0.64,1750,1120.0
Metro,1185732,2022-12-03,December,Northeast,Hamburg,Fritz-Kola,0.69,2750,1897.4999999999998
Rewe,1128299,2022-01-15,January,West,Mecklenburg-Vorpommern,Gerolsteiner,0.32,4500,1440.0
Edeka,1128299,2022-01-15,January,West,Berlin,Club-Mate,0.41,4500,1845.0
Netto,1128299,2022-01-15,January,West,Schleswig-Holstein,Bionade,0.41,4500,1845.0
Edeka,1128299,2022-01-15,January,West,Bavaria,Club-Mate,0.41,3000,1230.0
Penny,1128299,2022-01-15,January,West,Thuringia,Mezzo Mix,0.46,2500,1150.0
Kaufland,1128299,2022-01-15,January,West,Brandenburg,Gerolsteiner,0.41,4750,1947.4999999999998
Edeka,1128299,2022-02-15,February,West,Hamburg,Gerolsteiner,0.32,5250,1680.0
Netto,1128299,2022-02-15,February,West,Schleswig-Holstein,Mezzo Mix,0.41,4250,1742.5
Metro,1128299,2022-02-15,February,West,Brandenburg,Mezzo Mix,0.41,4250,1742.5
Edeka,1128299,2022-02-15,February,West,Thuringia,Gerolsteiner,0.41,2750,1127.5
Kaufland,1128299,2022-02-15,February,West,Brandenburg,Bionade,0.46,2000,920.0
Aldi,1128299,2022-02-15,February,West,Baden-Württemberg,Fritz-Kola,0.41,4000,1640.0
Edeka,1128299,2022-03-14,March,West,Hamburg,Vita Cola,0.41,5500,2255.0
Penny,1128299,2022-03-14,March,West,Schleswig-Holstein,Bionade,0.51,4000,2040.0
Metro,1128299,2022-03-14,March,West,Bavaria,Mezzo Mix,0.51,4000,2040.0
Penny,1128299,2022-03-14,March,West,Schleswig-Holstein,Vita Cola,0.51,3000,1530.0
Lidl,1128299,2022-03-14,March,West,Hamburg,Bionade,0.55,1750,962.5000000000001
Aldi,1128299,2022-03-14,March,West,Schleswig-Holstein,Mezzo Mix,0.51,3750,1912.5
Metro,1128299,2022-04-15,April,West,Hesse,Mezzo Mix,0.55,5500,3025.0000000000005
Kaufland,1128299,2022-04-15,April,West,Brandenburg,Vita Cola,0.6,3500,2100.0
Metro,1128299,2022-04-15,April,West,Thuringia,Vita Cola,0.6,4000,2400.0
Netto,1128299,2022-04-15,April,West,Berlin,Club-Mate,0.55,3000,1650.0000000000002
Metro,1128299,2022-04-15,April,West,Saxony,Club-Mate,0.6,2000,1200.0
Edeka,1128299,2022-04-15,April,West,Hesse,Club-Mate,0.74,3500,2590.0
Netto,1128299,2022-05-16,May,West,Bavaria,Gerolsteiner,0.55,5500,3025.0000000000005
Aldi,1128299,2022-05-16,May,West,Thuringia,Vita Cola,0.6,4000,2400.0
Kaufland,1128299,2022-05-16,May,West,North Rhine-Westphalia,Bionade,0.6,4000,2400.0
Metro,1128299,2022-05-16,May,West,Saxony-Anhalt,Bionade,0.55,3000,1650.0000000000002
Netto,1128299,2022-05-16,May,West,Schleswig-Holstein,Fritz-Kola,0.6,2000,1200.0
Netto,1128299,2022-05-16,May,West,Schleswig-Holstein,Mezzo Mix,0.74,4500,3330.0
Edeka,1128299,2022-06-15,June,West,North Rhine-Westphalia,Vita Cola,0.55,7000,3850.0000000000005
Edeka,1128299,2022-06-15,June,West,Schleswig-Holstein,Vita Cola,0.6,5500,3300.0
Aldi,1128299,2022-06-15,June,West,Bavaria,Fritz-Kola,0.6,5500,3300.0
Aldi,1128299,2022-06-15,June,West,Berlin,Fritz-Kola,0.55,4250,2337.5
Edeka,1128299,2022-06-15,June,West,Baden-Württemberg,Club-Mate,0.6,3000,1800.0
Rewe,1128299,2022-06-15,June,West,Baden-Württemberg,Vita Cola,0.74,6000,4440.0
Lidl,1128299,2022-07-14,July,West,Berlin,Fritz-Kola,0.55,7500,4125.0
Lidl,1128299,2022-07-14,July,West,Brandenburg,Mezzo Mix,0.6,6000,3600.0
Edeka,1128299,2022-07-14,July,West,Bavaria,Vita Cola,0.6,5500,3300.0
Edeka,1128299,2022-07-14,July,West,Hesse,Gerolsteiner,0.55,4500,2475.0
Netto,1128299,2022-07-14,July,West,Mecklenburg-Vorpommern,Bionade,0.6,5000,3000.0
Aldi,1128299,2022-07-14,July,West,Brandenburg,Fritz-Kola,0.74,5000,3700.0
Metro,1128299,2022-08-15,August,West,Hesse,Club-Mate,0.6,7000,4200.0
Penny,1128299,2022-08-15,August,West,Saxony,Bionade,0.64,6500,4160.0
Metro,1128299,2022-08-15,August,West,Brandenburg,Gerolsteiner,0.6,5250,3150.0
Edeka,1128299,2022-08-15,August,West,Brandenburg,Bionade,0.6,4750,2850.0
Aldi,1128299,2022-08-15,August,West,Thuringia,Gerolsteiner,0.69,4750,3277.4999999999995
Penny,1128299,2022-08-15,August,West,Mecklenburg-Vorpommern,Gerolsteiner,0.74,4000,2960.0
Kaufland,1128299,2022-09-16,September,West,Baden-Württemberg,Club-Mate,0.55,6000,3300.0000000000005
Netto,1128299,2022-09-16,September,West,Saxony-Anhalt,Mezzo Mix,0.6,6000,3600.0
Aldi,1128299,2022-09-16,September,West,Saxony,Bionade,0.55,4500,2475.0
Penny,1128299,2022-09-16,September,West,North Rhine-Westphalia,Mezzo Mix,0.55,4000,2200.0
Kaufland,1128299,2022-09-16,September,West,Mecklenburg-Vorpommern,Gerolsteiner,0.64,4000,2560.0
Penny,1128299,2022-09-16,September,West,Berlin,Vita Cola,0.69,4500,3104.9999999999995
Metro,1128299,2022-10-15,October,West,Thuringia,Club-Mate,0.55,5500,3025.0000000000005
Aldi,1128299,2022-10-15,October,West,Bavaria,Fritz-Kola,0.6,5500,3300.0
Netto,1128299,2022-10-15,October,West,Hamburg,Bionade,0.55,3750,2062.5
Kaufland,1128299,2022-10-15,October,West,Schleswig-Holstein,Mezzo Mix,0.55,3500,1925.0000000000002
Metro,1128299,2022-10-15,October,West,Hesse,Vita Cola,0.64,3250,2080.0
Rewe,1128299,2022-10-15,October,West,Brandenburg,Gerolsteiner,0.69,3750,2587.5
Aldi,1128299,2022-11-15,November,West,Baden-Württemberg,Gerolsteiner,0.55,5750,3162.5000000000005
Netto,1128299,2022-11-15,November,West,Hesse,Vita Cola,0.6,5750,3450.0
Lidl,1128299,2022-11-15,November,West,Baden-Württemberg,Mezzo Mix,0.55,4250,2337.5
Netto,1128299,2022-11-15,November,West,Hesse,Gerolsteiner,0.55,4000,2200.0
Edeka,1128299,2022-11-15,November,West,Hesse,Vita Cola,0.64,3500,2240.0
Netto,1128299,2022-11-15,November,West,North Rhine-Westphalia,Club-Mate,0.69,4750,3277.4999999999995
Edeka,1128299,2022-12-14,December,West,North Rhine-Westphalia,Club-Mate,0.55,6750,3712.5000000000005
Aldi,1128299,2022-12-14,December,West,North Rhine-Westphalia,Fritz-Kola,0.6,6750,4050.0
Metro,1128299,2022-12-14,December,West,Berlin,Vita Cola,0.55,4750,2612.5
Lidl,1128299,2022-12-14,December,West,Bavaria,Gerolsteiner,0.55,4750,2612.5
Penny,1128299,2022-12-14,December,West,Berlin,Club-Mate,0.64,4000,2560.0
Netto,1128299,2022-12-14,December,West,Saxony-Anhalt,Bionade,0.69,5000,3449.9999999999995
Penny,1128299,2022-01-05,January,West,Baden-Württemberg,Mezzo Mix,0.28,4250,1190.0
Rewe,1128299,2022-01-05,January,West,Baden-Württemberg,Gerolsteiner,0.37,4250,1572.5
Lidl,1128299,2022-01-05,January,West,Saxony-Anhalt,Bionade,0.37,4250,1572.5
Lidl,1128299,2022-01-05,January,West,Saxony-Anhalt,Bionade,0.37,2750,1017.5
Netto,1128299,2022-01-05,January,West,North Rhine-Westphalia,Mezzo Mix,0.41,2250,922.5
Lidl,1128299,2022-01-05,January,West,Mecklenburg-Vorpommern,Bionade,0.37,4750,1757.5
Edeka,1128299,2022-02-05,February,West,Baden-Württemberg,Vita Cola,0.28,5250,1470.0000000000002
Kaufland,1128299,2022-02-05,February,West,Hamburg,Bionade,0.37,4250,1572.5
Aldi,1128299,2022-02-05,February,West,Hamburg,Mezzo Mix,0.37,4250,1572.5
Penny,1128299,2022-02-05,February,West,Saxony,Mezzo Mix,0.37,2750,1017.5
Penny,1128299,2022-02-05,February,West,Mecklenburg-Vorpommern,Club-Mate,0.41,2000,820.0
Penny,1128299,2022-02-05,February,West,Thuringia,Vita Cola,0.37,4000,1480.0
Netto,1128299,2022-03-04,March,West,Berlin,Club-Mate,0.37,5500,2035.0
Metro,1128299,2022-03-04,March,West,Schleswig-Holstein,Fritz-Kola,0.46,4000,1840.0
Lidl,1128299,2022-03-04,March,West,Bavaria,Mezzo Mix,0.51,4000,2040.0
Lidl,1128299,2022-03-04,March,West,Brandenburg,Fritz-Kola,0.51,3000,1530.0
Edeka,1128299,2022-03-04,March,West,Mecklenburg-Vorpommern,Club-Mate,0.55,1500,825.0000000000001
Aldi,1128299,2022-03-04,March,West,Hamburg,Club-Mate,0.51,3500,1785.0
Edeka,1128299,2022-04-05,April,West,Berlin,Mezzo Mix,0.55,5250,2887.5000000000005
Aldi,1128299,2022-04-05,April,West,Berlin,Club-Mate,0.6,3250,1950.0
Rewe,1128299,2022-04-05,April,West,Brandenburg,Mezzo Mix,0.6,3750,2250.0
Aldi,1128299,2022-04-05,April,West,Thuringia,Mezzo Mix,0.55,2750,1512.5000000000002
Aldi,1128299,2022-04-05,April,West,Bavaria,Vita Cola,0.6,1750,1050.0
Lidl,1128299,2022-04-05,April,West,Brandenburg,Gerolsteiner,0.74,3250,2405.0
Edeka,1128299,2022-05-06,May,West,Baden-Württemberg,Mezzo Mix,0.55,5250,2887.5000000000005
Netto,1128299,2022-05-06,May,West,Mecklenburg-Vorpommern,Bionade,0.6,3750,2250.0
Metro,1128299,2022-05-06,May,West,Bavaria,Club-Mate,0.6,3750,2250.0
Penny,1128299,2022-05-06,May,West,Saxony,Mezzo Mix,0.55,2750,1512.5000000000002
Netto,1128299,2022-05-06,May,West,Baden-Württemberg,Mezzo Mix,0.6,1750,1050.0
Metro,1128299,2022-05-06,May,West,Hamburg,Club-Mate,0.74,4750,3515.0
Metro,1128299,2022-06-05,June,West,Schleswig-Holstein,Bionade,0.55,7250,3987.5000000000005
Penny,1128299,2022-06-05,June,West,Thuringia,Vita Cola,0.6,5750,3450.0
Rewe,1128299,2022-06-05,June,West,Baden-Württemberg,Fritz-Kola,0.6,5750,3450.0
Edeka,1128299,2022-06-05,June,West,Berlin,Fritz-Kola,0.6,4500,2700.0
Aldi,1128299,2022-06-05,June,West,North Rhine-Westphalia,Club-Mate,0.64,3250,2080.0
Aldi,1128299,2022-06-05,June,West,Saxony,Mezzo Mix,0.78,6250,4875.0
Lidl,1128299,2022-07-04,July,West,Berlin,Bionade,0.6,7750,4650.0
Aldi,1128299,2022-07-04,July,West,Thuringia,Bionade,0.64,6250,4000.0
Aldi,1128299,2022-07-04,July,West,Thuringia,Club-Mate,0.64,5750,3680.0
Penny,1128299,2022-07-04,July,West,Baden-Württemberg,Club-Mate,0.6,4750,2850.0
Netto,1128299,2022-07-04,July,West,Hesse,Gerolsteiner,0.64,5250,3360.0
Netto,1128299,2022-07-04,July,West,Hamburg,Mezzo Mix,0.78,5250,4095.0
Rewe,1128299,2022-08-05,August,West,Brandenburg,Vita Cola,0.64,7250,4640.0
Aldi,1128299,2022-08-05,August,West,Berlin,Gerolsteiner,0.69,6750,4657.5
Netto,1128299,2022-08-05,August,West,Thuringia,Mezzo Mix,0.64,5500,3520.0
Aldi,1128299,2022-08-05,August,West,North Rhine-Westphalia,Vita Cola,0.64,5000,3200.0
Aldi,1128299,2022-08-05,August,West,Baden-Württemberg,Fritz-Kola,0.69,5000,3449.9999999999995
Edeka,1128299,2022-08-05,August,West,North Rhine-Westphalia,Fritz-Kola,0.74,4000,2960.0
Metro,1128299,2022-09-06,September,West,Thuringia,Bionade,0.6,6000,3600.0
Rewe,1128299,2022-09-06,September,West,Saxony-Anhalt,Vita Cola,0.64,6000,3840.0
Edeka,1128299,2022-09-06,September,West,Mecklenburg-Vorpommern,Gerolsteiner,0.6,4500,2700.0
Metro,1128299,2022-09-06,September,West,Brandenburg,Mezzo Mix,0.6,4000,2400.0
Metro,1128299,2022-09-06,September,West,Bavaria,Club-Mate,0.69,4000,2760.0
Aldi,1128299,2022-09-06,September,West,Schleswig-Holstein,Vita Cola,0.64,4250,2720.0
Metro,1128299,2022-10-05,October,West,North Rhine-Westphalia,Vita Cola,0.51,5250,2677.5
Lidl,1128299,2022-10-05,October,West,Mecklenburg-Vorpommern,Vita Cola,0.55,5250,2887.5000000000005
Edeka,1128299,2022-10-05,October,West,Hesse,Fritz-Kola,0.51,3500,1785.0
Kaufland,1128299,2022-10-05,October,West,Hamburg,Fritz-Kola,0.51,3250,1657.5
Rewe,1128299,2022-10-05,October,West,Mecklenburg-Vorpommern,Mezzo Mix,0.6,3000,1800.0
Netto,1128299,2022-10-05,October,West,Thuringia,Mezzo Mix,0.64,3500,2240.0
Kaufland,1128299,2022-11-05,November,West,Schleswig-Holstein,Club-Mate,0.51,5750,2932.5
Kaufland,1128299,2022-11-05,November,West,Berlin,Mezzo Mix,0.55,5750,3162.5000000000005
Kaufland,1128299,2022-11-05,November,West,Berlin,Vita Cola,0.51,4250,2167.5
Metro,1128299,2022-11-05,November,West,Hamburg,Mezzo Mix,0.6,4000,2400.0
Rewe,1128299,2022-11-05,November,West,Baden-Württemberg,Mezzo Mix,0.69,3750,2587.5
Kaufland,1128299,2022-11-05,November,West,North Rhine-Westphalia,Gerolsteiner,0.74,5000,3700.0
Rewe,1128299,2022-12-04,December,West,Thuringia,Vita Cola,0.6,7000,4200.0
Rewe,1128299,2022-12-04,December,West,Schleswig-Holstein,Mezzo Mix,0.64,7000,4480.0
Kaufland,1128299,2022-12-04,December,West,Berlin,Mezzo Mix,0.6,5000,3000.0
Rewe,1128299,2022-12-04,December,West,North Rhine-Westphalia,Mezzo Mix,0.6,5000,3000.0
Penny,1128299,2022-12-04,December,West,Hesse,Mezzo Mix,0.69,4250,2932.5
Kaufland,1128299,2022-12-04,December,West,Brandenburg,Bionade,0.74,5250,3885.0
Rewe,1128299,2022-01-03,January,West,Baden-Württemberg,Club-Mate,0.37,4500,1665.0
Aldi,1128299,2022-01-03,January,West,Hesse,Bionade,0.46,4500,2070.0
Metro,1128299,2022-01-03,January,West,Hesse,Club-Mate,0.46,4500,2070.0
Edeka,1128299,2022-01-03,January,West,Hesse,Gerolsteiner,0.46,3000,1380.0
Metro,1128299,2022-01-03,January,West,Bavaria,Gerolsteiner,0.51,2500,1275.0
Lidl,1128299,2022-01-03,January,West,Mecklenburg-Vorpommern,Mezzo Mix,0.46,5000,2300.0
Edeka,1128299,2022-02-03,February,West,Baden-Württemberg,Mezzo Mix,0.37,5500,2035.0
Lidl,1128299,2022-02-03,February,West,Hesse,Bionade,0.46,4500,2070.0
Metro,1128299,2022-02-03,February,West,Hesse,Gerolsteiner,0.46,4500,2070.0
Edeka,1128299,2022-02-03,February,West,Saxony-Anhalt,Fritz-Kola,0.46,3000,1380.0
Rewe,1128299,2022-02-03,February,West,Hamburg,Club-Mate,0.51,2250,1147.5
Rewe,1128299,2022-02-03,February,West,Hesse,Club-Mate,0.46,4250,1955.0
Lidl,1128299,2022-03-02,March,West,Mecklenburg-Vorpommern,Gerolsteiner,0.46,5750,2645.0
Netto,1128299,2022-03-02,March,West,Schleswig-Holstein,Fritz-Kola,0.55,4250,2337.5
Lidl,1128299,2022-03-02,March,West,Hesse,Club-Mate,0.6,4250,2550.0
Netto,1128299,2022-03-02,March,West,Thuringia,Bionade,0.6,3250,1950.0
Metro,1128299,2022-03-02,March,West,Bavaria,Fritz-Kola,0.64,1750,1120.0
Kaufland,1128299,2022-03-02,March,West,Bavaria,Fritz-Kola,0.6,3750,2250.0
Netto,1128299,2022-04-03,April,West,Hesse,Mezzo Mix,0.64,5500,3520.0
Penny,1128299,2022-04-03,April,West,Schleswig-Holstein,Bionade,0.69,3500,2415.0
Aldi,1128299,2022-04-03,April,West,Brandenburg,Fritz-Kola,0.69,4000,2760.0
Aldi,1128299,2022-04-03,April,West,Thuringia,Gerolsteiner,0.55,3000,1650.0000000000002
Edeka,1128299,2022-04-03,April,West,Saxony,Bionade,0.6,2000,1200.0
Aldi,1128299,2022-04-03,April,West,Berlin,Gerolsteiner,0.74,3500,2590.0
Penny,1128299,2022-05-04,May,West,Mecklenburg-Vorpommern,Mezzo Mix,0.55,5500,3025.0000000000005
Rewe,1128299,2022-05-04,May,West,Mecklenburg-Vorpommern,Gerolsteiner,0.6,4000,2400.0
Rewe,1128299,2022-05-04,May,West,Baden-Württemberg,Mezzo Mix,0.6,4000,2400.0
Rewe,1128299,2022-05-04,May,West,Mecklenburg-Vorpommern,Fritz-Kola,0.55,3000,1650.0000000000002
Edeka,1128299,2022-05-04,May,West,Bavaria,Vita Cola,0.6,2000,1200.0
Kaufland,1128299,2022-05-04,May,West,Saxony,Fritz-Kola,0.74,5000,3700.0
Penny,1128299,2022-06-03,June,West,Saxony-Anhalt,Gerolsteiner,0.69,7500,5175.0
Netto,1128299,2022-06-03,June,West,North Rhine-Westphalia,Bionade,0.74,6250,4625.0
Metro,1128299,2022-06-03,June,West,Mecklenburg-Vorpommern,Bionade,0.74,6250,4625.0
Lidl,1128299,2022-06-03,June,West,Bavaria,Bionade,0.74,5000,3700.0
Edeka,1128299,2022-06-03,June,West,Mecklenburg-Vorpommern,Mezzo Mix,0.78,3750,2925.0
Netto,1128299,2022-06-03,June,West,Saxony,Fritz-Kola,0.92,6750,6210.0
Lidl,1128299,2022-07-02,July,West,Brandenburg,Vita Cola,0.74,8250,6105.0
Aldi,1128299,2022-07-02,July,West,Mecklenburg-Vorpommern,Bionade,0.78,6750,5265.0
Rewe,1128299,2022-07-02,July,West,Bavaria,Club-Mate,0.78,6250,4875.0
Aldi,1128299,2022-07-02,July,West,Thuringia,Fritz-Kola,0.74,5250,3885.0
Netto,1128299,2022-07-02,July,West,North Rhine-Westphalia,Club-Mate,0.78,5750,4485.0
Rewe,1128299,2022-07-02,July,West,Mecklenburg-Vorpommern,Bionade,0.92,5750,5290.0
Penny,1128299,2022-08-03,August,West,Hesse,Gerolsteiner,0.78,7750,6045.0
Aldi,1128299,2022-08-03,August,West,Baden-Württemberg,Vita Cola,0.74,7500,5550.0
Lidl,1128299,2022-08-03,August,West,Saxony-Anhalt,Gerolsteiner,0.69,6250,4312.5
Penny,1128299,2022-08-03,August,West,North Rhine-Westphalia,Club-Mate,0.69,5750,3967.4999999999995
Aldi,1128299,2022-08-03,August,West,Mecklenburg-Vorpommern,Fritz-Kola,0.69,5750,3967.4999999999995
Edeka,1128299,2022-08-03,August,West,Saxony,Gerolsteiner,0.74,4000,2960.0
Aldi,1128299,2022-09-04,September,West,Mecklenburg-Vorpommern,Vita Cola,0.64,6000,3840.0
Penny,1128299,2022-09-04,September,West,Saxony-Anhalt,Gerolsteiner,0.69,6000,4140.0
Metro,1128299,2022-09-04,September,West,Brandenburg,Vita Cola,0.64,4500,2880.0
Edeka,1128299,2022-09-04,September,West,Schleswig-Holstein,Gerolsteiner,0.64,4000,2560.0
Metro,1128299,2022-09-04,September,West,Bavaria,Vita Cola,0.74,4250,3145.0
Lidl,1128299,2022-09-04,September,West,Baden-Württemberg,Mezzo Mix,0.6,4500,2700.0
Penny,1128299,2022-10-03,October,West,North Rhine-Westphalia,Club-Mate,0.55,5500,3025.0000000000005
Aldi,1128299,2022-10-03,October,West,Hamburg,Bionade,0.6,5500,3300.0
Penny,1128299,2022-10-03,October,West,Brandenburg,Vita Cola,0.55,3750,2062.5
Kaufland,1128299,2022-10-03,October,West,Bavaria,Mezzo Mix,0.55,3500,1925.0000000000002
Metro,1128299,2022-10-03,October,West,Berlin,Bionade,0.64,3250,2080.0
Edeka,1128299,2022-10-03,October,West,Brandenburg,Club-Mate,0.69,3750,2587.5
Kaufland,1128299,2022-11-03,November,West,Schleswig-Holstein,Club-Mate,0.55,6000,3300.0000000000005
Lidl,1128299,2022-11-03,November,West,North Rhine-Westphalia,Club-Mate,0.6,6250,3750.0
Lidl,1128299,2022-11-03,November,West,Hamburg,Bionade,0.55,4750,2612.5
Rewe,1128299,2022-11-03,November,West,Mecklenburg-Vorpommern,Bionade,0.64,4500,2880.0
Penny,1128299,2022-11-03,November,West,Hesse,Fritz-Kola,0.83,4250,3527.5
Lidl,1128299,2022-11-03,November,West,Brandenburg,Bionade,0.87,5500,4785.0
Penny,1128299,2022-12-02,December,West,Saxony-Anhalt,Mezzo Mix,0.74,7500,5550.0
Rewe,1128299,2022-12-02,December,West,Berlin,Bionade,0.78,7500,5850.0
Penny,1128299,2022-12-02,December,West,Baden-Württemberg,Vita Cola,0.74,5500,4070.0
Metro,1128299,2022-12-02,December,West,Saxony-Anhalt,Vita Cola,0.74,5500,4070.0
Penny,1128299,2022-12-02,December,West,Brandenburg,Mezzo Mix,0.83,4750,3942.5
Kaufland,1128299,2022-12-02,December,West,Thuringia,Bionade,0.87,5750,5002.5
Penny,1185732,2022-01-12,January,Southeast,Saxony-Anhalt,Club-Mate,0.41,10500,4305.0
Metro,1185732,2022-01-12,January,Southeast,Berlin,Bionade,0.41,8500,3485.0
Penny,1185732,2022-01-12,January,Southeast,North Rhine-Westphalia,Fritz-Kola,0.32,8500,2720.0
Kaufland,1185732,2022-01-12,January,Southeast,Saxony-Anhalt,Gerolsteiner,0.37,7000,2590.0
Penny,1185732,2022-01-12,January,Southeast,Bavaria,Club-Mate,0.51,7500,3825.0
Metro,1185732,2022-01-12,January,Southeast,Schleswig-Holstein,Mezzo Mix,0.41,8500,3485.0
Lidl,1185732,2022-02-10,February,Southeast,Brandenburg,Mezzo Mix,0.41,11000,4510.0
Netto,1185732,2022-02-10,February,Southeast,Schleswig-Holstein,Fritz-Kola,0.41,7500,3075.0
Netto,1185732,2022-02-10,February,Southeast,Hamburg,Vita Cola,0.32,8000,2560.0
Edeka,1185732,2022-02-10,February,Southeast,Schleswig-Holstein,Fritz-Kola,0.37,6750,2497.5
Lidl,1185732,2022-02-10,February,Southeast,Thuringia,Mezzo Mix,0.51,7500,3825.0
Rewe,1185732,2022-02-10,February,Southeast,Schleswig-Holstein,Fritz-Kola,0.41,8500,3485.0
Penny,1185732,2022-03-08,March,Southeast,Hamburg,Fritz-Kola,0.41,10700,4387.0
Lidl,1185732,2022-03-08,March,Southeast,Bavaria,Club-Mate,0.41,7500,3075.0
Netto,1185732,2022-03-08,March,Southeast,Hesse,Gerolsteiner,0.32,7750,2480.0
Kaufland,1185732,2022-03-08,March,Southeast,Berlin,Gerolsteiner,0.37,6250,2312.5
Lidl,1185732,2022-03-08,March,Southeast,Saxony,Gerolsteiner,0.51,6750,3442.5
Netto,1185732,2022-03-08,March,Southeast,Hesse,Gerolsteiner,0.41,7750,3177.5
Lidl,1185732,2022-04-09,April,Southeast,Saxony,Bionade,0.41,10250,4202.5
Rewe,1185732,2022-04-09,April,Southeast,Hesse,Fritz-Kola,0.41,7250,2972.5
Netto,1185732,2022-04-09,April,Southeast,Saxony-Anhalt,Bionade,0.32,7250,2320.0
Kaufland,1185732,2022-04-09,April,Southeast,North Rhine-Westphalia,Gerolsteiner,0.37,6500,2405.0
Netto,1185732,2022-04-09,April,Southeast,Baden-Württemberg,Bionade,0.51,6750,3442.5
Rewe,1185732,2022-04-09,April,Southeast,Saxony,Mezzo Mix,0.41,8000,3280.0
Kaufland,1185732,2022-05-08,May,Southeast,Saxony-Anhalt,Fritz-Kola,0.51,10700,5457.0
Lidl,1185732,2022-05-08,May,Southeast,Berlin,Vita Cola,0.51,7750,3952.5
Metro,1185732,2022-05-08,May,Southeast,Mecklenburg-Vorpommern,Club-Mate,0.46,7500,3450.0
Rewe,1185732,2022-05-08,May,Southeast,Hesse,Fritz-Kola,0.46,7000,3220.0
Lidl,1185732,2022-05-08,May,Southeast,Mecklenburg-Vorpommern,Vita Cola,0.55,7250,3987.5000000000005
Aldi,1185732,2022-05-08,May,Southeast,Baden-Württemberg,Vita Cola,0.6,8250,4950.0
Metro,1185732,2022-06-10,June,Southeast,Brandenburg,Gerolsteiner,0.55,10750,5912.500000000001
Metro,1185732,2022-06-10,June,Southeast,Thuringia,Mezzo Mix,0.51,8250,4207.5
Metro,1185732,2022-06-10,June,Southeast,Brandenburg,Club-Mate,0.46,8000,3680.0
Lidl,1185732,2022-06-10,June,Southeast,Baden-Württemberg,Vita Cola,0.46,7750,3565.0
Edeka,1185732,2022-06-10,June,Southeast,Saxony,Bionade,0.6,7750,4650.0
Edeka,1185732,2022-06-10,June,Southeast,Saxony,Bionade,0.64,9250,5920.0
Rewe,1185732,2022-07-08,July,Southeast,Berlin,Vita Cola,0.6,11500,6900.0
Netto,1185732,2022-07-08,July,Southeast,Saxony-Anhalt,Gerolsteiner,0.55,9000,4950.0
Edeka,1185732,2022-07-08,July,Southeast,Thuringia,Fritz-Kola,0.51,8250,4207.5
Penny,1185732,2022-07-08,July,Southeast,Schleswig-Holstein,Club-Mate,0.51,7750,3952.5
Aldi,1185732,2022-07-08,July,Southeast,Hesse,Bionade,0.6,8000,4800.0
Edeka,1185732,2022-07-08,July,Southeast,Berlin,Fritz-Kola,0.64,9750,6240.0
Netto,1185732,2022-08-09,August,Southeast,Schleswig-Holstein,Bionade,0.6,11250,6750.0
Rewe,1185732,2022-08-09,August,Southeast,Schleswig-Holstein,Fritz-Kola,0.55,9000,4950.0
Lidl,1185732,2022-08-09,August,Southeast,Berlin,Mezzo Mix,0.51,8250,4207.5
Lidl,1185732,2022-08-09,August,Southeast,Mecklenburg-Vorpommern,Club-Mate,0.41,7750,3177.5
Kaufland,1185732,2022-08-09,August,Southeast,Berlin,Bionade,0.51,7500,3825.0
Metro,1185732,2022-08-09,August,Southeast,Hesse,Gerolsteiner,0.55,9250,5087.5
Aldi,1185732,2022-09-08,September,Southeast,Saxony,Vita Cola,0.51,10500,5355.0
Kaufland,1185732,2022-09-08,September,Southeast,Baden-Württemberg,Gerolsteiner,0.46,8500,3910.0
Kaufland,1185732,2022-09-08,September,Southeast,Thuringia,Gerolsteiner,0.41,7500,3075.0
Lidl,1185732,2022-09-08,September,Southeast,Schleswig-Holstein,Bionade,0.41,7250,2972.5
Edeka,1185732,2022-09-08,September,Southeast,Hesse,Gerolsteiner,0.51,7250,3697.5
Kaufland,1185732,2022-09-08,September,Southeast,North Rhine-Westphalia,Club-Mate,0.55,8250,4537.5
Penny,1185732,2022-10-10,October,Southeast,Baden-Württemberg,Bionade,0.55,10000,5500.0
Kaufland,1185732,2022-10-10,October,Southeast,Baden-Württemberg,Gerolsteiner,0.46,8250,3795.0
Metro,1185732,2022-10-10,October,Southeast,Schleswig-Holstein,Mezzo Mix,0.46,7250,3335.0
Edeka,1185732,2022-10-10,October,Southeast,Hamburg,Gerolsteiner,0.46,7000,3220.0
Metro,1185732,2022-10-10,October,Southeast,Berlin,Club-Mate,0.55,7000,3850.0000000000005
Lidl,1185732,2022-10-10,October,Southeast,Schleswig-Holstein,Mezzo Mix,0.6,8250,4950.0
Rewe,1185732,2022-11-09,November,Southeast,Baden-Württemberg,Vita Cola,0.55,9750,5362.5
Edeka,1185732,2022-11-09,November,Southeast,Thuringia,Mezzo Mix,0.46,8000,3680.0
Penny,1185732,2022-11-09,November,Southeast,Brandenburg,Bionade,0.46,7450,3427.0
Rewe,1185732,2022-11-09,November,Southeast,North Rhine-Westphalia,Bionade,0.46,7750,3565.0
Netto,1185732,2022-11-09,November,Southeast,Berlin,Vita Cola,0.6,7500,4500.0
Penny,1185732,2022-11-09,November,Southeast,Berlin,Club-Mate,0.64,8500,5440.0
Rewe,1185732,2022-12-08,December,Southeast,North Rhine-Westphalia,Mezzo Mix,0.6,10750,6450.0
Metro,1185732,2022-12-08,December,Southeast,Baden-Württemberg,Vita Cola,0.51,8750,4462.5
Metro,1185732,2022-12-08,December,Southeast,Berlin,Mezzo Mix,0.51,8250,4207.5
Netto,1185732,2022-12-08,December,Southeast,Brandenburg,Gerolsteiner,0.51,7750,3952.5
Lidl,1185732,2022-12-08,December,Southeast,Hamburg,Vita Cola,0.6,7750,4650.0
Netto,1185732,2022-12-08,December,Southeast,Baden-Württemberg,Fritz-Kola,0.64,8750,5600.0
Rewe,1185732,2022-01-13,January,Midwest,Schleswig-Holstein,Bionade,0.32,4500,1440.0
Rewe,1185732,2022-01-13,January,Midwest,Hesse,Gerolsteiner,0.32,2500,800.0
Aldi,1185732,2022-01-13,January,Midwest,Hesse,Fritz-Kola,0.23,2500,575.0
Lidl,1185732,2022-01-13,January,Midwest,Thuringia,Vita Cola,0.28,1000,280.0
Kaufland,1185732,2022-01-13,January,Midwest,North Rhine-Westphalia,Fritz-Kola,0.41,1500,615.0
Netto,1185732,2022-01-13,January,Midwest,Saxony,Gerolsteiner,0.32,2500,800.0
Netto,1185732,2022-02-13,February,Midwest,Baden-Württemberg,Fritz-Kola,0.32,5000,1600.0
Aldi,1185732,2022-02-13,February,Midwest,Saxony-Anhalt,Mezzo Mix,0.32,1500,480.0
Netto,1185732,2022-02-13,February,Midwest,Brandenburg,Fritz-Kola,0.23,2000,460.0
Metro,1185732,2022-02-13,February,Midwest,Baden-Württemberg,Club-Mate,0.28,750,210.00000000000003
Edeka,1185732,2022-02-13,February,Midwest,Saxony,Gerolsteiner,0.41,1500,615.0
Metro,1185732,2022-02-13,February,Midwest,Schleswig-Holstein,Bionade,0.32,2250,720.0
Penny,1185732,2022-03-12,March,Midwest,Hamburg,Vita Cola,0.37,4450,1646.5
Kaufland,1185732,2022-03-12,March,Midwest,North Rhine-Westphalia,Club-Mate,0.37,1250,462.5
Edeka,1185732,2022-03-12,March,Midwest,Brandenburg,Club-Mate,0.28,1750,490.00000000000006
Rewe,1185732,2022-03-12,March,Midwest,Bavaria,Gerolsteiner,0.32,250,80.0
Metro,1185732,2022-03-12,March,Midwest,Baden-Württemberg,Fritz-Kola,0.46,750,345.0
Lidl,1185732,2022-03-12,March,Midwest,North Rhine-Westphalia,Mezzo Mix,0.37,1750,647.5
Netto,1185732,2022-04-13,April,Midwest,Hamburg,Club-Mate,0.37,4000,1480.0
Aldi,1185732,2022-04-13,April,Midwest,Brandenburg,Gerolsteiner,0.37,1000,370.0
Netto,1185732,2022-04-13,April,Midwest,Schleswig-Holstein,Vita Cola,0.28,1000,280.0
Metro,1185732,2022-04-13,April,Midwest,Thuringia,Vita Cola,0.32,250,80.0
Lidl,1185732,2022-04-13,April,Midwest,Saxony,Club-Mate,0.46,500,230.0
Metro,1185732,2022-04-13,April,Midwest,Saxony-Anhalt,Club-Mate,0.37,1750,647.5
Penny,1185732,2022-05-14,May,Midwest,Brandenburg,Gerolsteiner,0.46,4450,2047.0
Penny,1185732,2022-05-14,May,Midwest,Hamburg,Bionade,0.41,1500,615.0
Lidl,1185732,2022-05-14,May,Midwest,Baden-Württemberg,Mezzo Mix,0.37,1250,462.5
Netto,1185732,2022-05-14,May,Midwest,Hesse,Mezzo Mix,0.37,500,185.0
Rewe,1185732,2022-05-14,May,Midwest,Hesse,Gerolsteiner,0.51,750,382.5
Lidl,1185732,2022-05-14,May,Midwest,Hamburg,Vita Cola,0.55,1750,962.5000000000001
Penny,1185732,2022-06-13,June,Midwest,North Rhine-Westphalia,Bionade,0.41,4250,1742.5
Edeka,1185732,2022-06-13,June,Midwest,Saxony-Anhalt,Club-Mate,0.37,1750,647.5
Aldi,1185732,2022-06-13,June,Midwest,Berlin,Mezzo Mix,0.32,1750,560.0
Metro,1185732,2022-06-13,June,Midwest,Saxony,Vita Cola,0.32,1500,480.0
Rewe,1185732,2022-06-13,June,Midwest,Mecklenburg-Vorpommern,Club-Mate,0.46,1500,690.0
Netto,1185732,2022-06-13,June,Midwest,Thuringia,Club-Mate,0.51,3250,1657.5
Aldi,1185732,2022-07-12,July,Midwest,Schleswig-Holstein,Gerolsteiner,0.46,5500,2530.0
Penny,1185732,2022-07-12,July,Midwest,North Rhine-Westphalia,Vita Cola,0.41,3000,1230.0
Kaufland,1185732,2022-07-12,July,Midwest,Baden-Württemberg,Vita Cola,0.37,2250,832.5
Edeka,1185732,2022-07-12,July,Midwest,Hesse,Mezzo Mix,0.37,1750,647.5
Edeka,1185732,2022-07-12,July,Midwest,Baden-Württemberg,Club-Mate,0.46,2000,920.0
Aldi,1185732,2022-07-12,July,Midwest,Bavaria,Mezzo Mix,0.51,3750,1912.5
Edeka,1185732,2022-08-13,August,Midwest,Bavaria,Fritz-Kola,0.46,5250,2415.0
Rewe,1185732,2022-08-13,August,Midwest,Schleswig-Holstein,Bionade,0.41,3000,1230.0
Metro,1185732,2022-08-13,August,Midwest,Berlin,Vita Cola,0.37,2250,832.5
Metro,1185732,2022-08-13,August,Midwest,Brandenburg,Bionade,0.32,1750,560.0
Penny,1185732,2022-08-13,August,Midwest,Hesse,Fritz-Kola,0.41,1500,615.0
Kaufland,1185732,2022-08-13,August,Midwest,Mecklenburg-Vorpommern,Gerolsteiner,0.46,3250,1495.0
Penny,1185732,2022-09-14,September,Midwest,Hesse,Bionade,0.41,4500,1845.0
Edeka,1185732,2022-09-14,September,Midwest,Berlin,Gerolsteiner,0.37,2500,925.0
Aldi,1185732,2022-09-14,September,Midwest,Thuringia,Vita Cola,0.23,1500,345.0
Edeka,1185732,2022-09-14,September,Midwest,Mecklenburg-Vorpommern,Gerolsteiner,0.23,1250,287.5
Metro,1185732,2022-09-14,September,Midwest,Berlin,Club-Mate,0.32,1250,400.0
Metro,1185732,2022-09-14,September,Midwest,Thuringia,Fritz-Kola,0.37,2000,740.0
Lidl,1185732,2022-10-13,October,Midwest,Saxony,Gerolsteiner,0.41,3750,1537.5
Penny,1185732,2022-10-13,October,Midwest,Baden-Württemberg,Club-Mate,0.32,2000,640.0
Metro,1185732,2022-10-13,October,Midwest,Saxony,Vita Cola,0.32,1000,320.0
Netto,1185732,2022-10-13,October,Midwest,Schleswig-Holstein,Fritz-Kola,0.32,750,240.0
Penny,1185732,2022-10-13,October,Midwest,Brandenburg,Vita Cola,0.41,750,307.5
Netto,1185732,2022-10-13,October,Midwest,Bavaria,Fritz-Kola,0.46,2000,920.0
Aldi,1185732,2022-11-13,November,Midwest,Brandenburg,Fritz-Kola,0.46,3500,1610.0
Edeka,1185732,2022-11-13,November,Midwest,Mecklenburg-Vorpommern,Fritz-Kola,0.37,2000,740.0
Edeka,1185732,2022-11-13,November,Midwest,Bavaria,Vita Cola,0.37,1450,536.5
Metro,1185732,2022-11-13,November,Midwest,Hamburg,Gerolsteiner,0.37,1500,555.0
Kaufland,1185732,2022-11-13,November,Midwest,Saxony,Club-Mate,0.51,1250,637.5
Penny,1185732,2022-11-13,November,Midwest,Mecklenburg-Vorpommern,Mezzo Mix,0.55,2250,1237.5
Aldi,1185732,2022-12-12,December,Midwest,Brandenburg,Gerolsteiner,0.51,4750,2422.5
Edeka,1185732,2022-12-12,December,Midwest,Schleswig-Holstein,Gerolsteiner,0.41,2750,1127.5
Penny,1185732,2022-12-12,December,Midwest,Schleswig-Holstein,Club-Mate,0.41,2250,922.5
Penny,1185732,2022-12-12,December,Midwest,Bavaria,Bionade,0.41,1750,717.5
Kaufland,1185732,2022-12-12,December,Midwest,Baden-Württemberg,Vita Cola,0.51,1750,892.5
Netto,1185732,2022-12-12,December,Midwest,Saxony,Club-Mate,0.55,2750,1512.5000000000002
Aldi,1189833,2022-01-17,January,Midwest,Saxony,Gerolsteiner,0.32,4750,1520.0
Netto,1189833,2022-01-17,January,Midwest,Schleswig-Holstein,Gerolsteiner,0.41,4750,1947.4999999999998
Edeka,1189833,2022-01-17,January,Midwest,Mecklenburg-Vorpommern,Bionade,0.41,4750,1947.4999999999998
Edeka,1189833,2022-01-17,January,Midwest,Berlin,Bionade,0.41,3250,1332.5
Edeka,1189833,2022-01-17,January,Midwest,Brandenburg,Bionade,0.46,2750,1265.0
Rewe,1189833,2022-01-17,January,Midwest,Brandenburg,Club-Mate,0.41,4750,1947.4999999999998
Rewe,1189833,2022-02-17,February,Midwest,Baden-Württemberg,Fritz-Kola,0.32,5250,1680.0
Rewe,1189833,2022-02-17,February,Midwest,Bavaria,Club-Mate,0.41,4250,1742.5
Rewe,1189833,2022-02-17,February,Midwest,Hesse,Vita Cola,0.41,4500,1845.0
Lidl,1189833,2022-02-17,February,Midwest,Mecklenburg-Vorpommern,Club-Mate,0.41,3000,1230.0
Rewe,1189833,2022-02-17,February,Midwest,North Rhine-Westphalia,Bionade,0.46,2250,1035.0
Lidl,1189833,2022-02-17,February,Midwest,Brandenburg,Club-Mate,0.41,4250,1742.5
Edeka,1189833,2022-03-16,March,Midwest,Saxony-Anhalt,Gerolsteiner,0.32,5750,1840.0
Aldi,1189833,2022-03-16,March,Midwest,Hesse,Club-Mate,0.41,4250,1742.5
Kaufland,1189833,2022-03-16,March,Midwest,Saxony-Anhalt,Gerolsteiner,0.41,4250,1742.5
Lidl,1189833,2022-03-16,March,Midwest,North Rhine-Westphalia,Mezzo Mix,0.41,3250,1332.5
Metro,1189833,2022-03-16,March,Midwest,Thuringia,Fritz-Kola,0.46,2000,920.0
Kaufland,1189833,2022-03-16,March,Midwest,Thuringia,Fritz-Kola,0.41,4000,1640.0
Netto,1189833,2022-04-17,April,Midwest,Thuringia,Gerolsteiner,0.41,5750,2357.5
Kaufland,1189833,2022-04-17,April,Midwest,Schleswig-Holstein,Bionade,0.41,3750,1537.5
Edeka,1189833,2022-04-17,April,Midwest,Schleswig-Holstein,Bionade,0.41,4000,1640.0
Rewe,1189833,2022-04-17,April,Midwest,Berlin,Fritz-Kola,0.37,3000,1110.0
Rewe,1189833,2022-04-17,April,Midwest,Bavaria,Bionade,0.41,2000,820.0
Metro,1189833,2022-04-17,April,Midwest,Berlin,Fritz-Kola,0.55,3750,2062.5
Netto,1189833,2022-05-18,May,Midwest,Thuringia,Club-Mate,0.37,5750,2127.5
Lidl,1189833,2022-05-18,May,Midwest,Bavaria,Bionade,0.41,4250,1742.5
Metro,1189833,2022-05-18,May,Midwest,North Rhine-Westphalia,Vita Cola,0.41,4250,1742.5
Kaufland,1189833,2022-05-18,May,Midwest,North Rhine-Westphalia,Club-Mate,0.37,3250,1202.5
Penny,1189833,2022-05-18,May,Midwest,Saxony,Club-Mate,0.41,2250,922.5
Netto,1189833,2022-05-18,May,Midwest,Hesse,Bionade,0.55,4000,2200.0
Lidl,1189833,2022-06-17,June,Midwest,Hamburg,Mezzo Mix,0.37,6750,2497.5
Metro,1189833,2022-06-17,June,Midwest,Hamburg,Gerolsteiner,0.41,5250,2152.5
Edeka,1189833,2022-06-17,June,Midwest,Schleswig-Holstein,Bionade,0.41,5500,2255.0
Kaufland,1189833,2022-06-17,June,Midwest,Thuringia,Fritz-Kola,0.37,4250,1572.5
Penny,1189833,2022-06-17,June,Midwest,Hesse,Fritz-Kola,0.41,3000,1230.0
Metro,1189833,2022-06-17,June,Midwest,Saxony,Gerolsteiner,0.55,6000,3300.0000000000005
Penny,1189833,2022-07-16,July,Midwest,Mecklenburg-Vorpommern,Bionade,0.37,7500,2775.0
Aldi,1189833,2022-07-16,July,Midwest,Hamburg,Gerolsteiner,0.41,6000,2460.0
Rewe,1189833,2022-07-16,July,Midwest,Hamburg,Fritz-Kola,0.41,5500,2255.0
Aldi,1189833,2022-07-16,July,Midwest,Hamburg,Mezzo Mix,0.37,4500,1665.0
Netto,1189833,2022-07-16,July,Midwest,North Rhine-Westphalia,Vita Cola,0.41,4750,1947.4999999999998
Metro,1189833,2022-07-16,July,Midwest,Bavaria,Vita Cola,0.55,4750,2612.5
Metro,1189833,2022-08-17,August,Midwest,Berlin,Club-Mate,0.41,6750,2767.5
Aldi,1189833,2022-08-17,August,Midwest,Hesse,Gerolsteiner,0.51,6250,3187.5
Lidl,1189833,2022-08-17,August,Midwest,Baden-Württemberg,Vita Cola,0.46,5000,2300.0
Rewe,1189833,2022-08-17,August,Midwest,Bavaria,Vita Cola,0.41,4250,1742.5
Aldi,1189833,2022-08-17,August,Midwest,North Rhine-Westphalia,Vita Cola,0.51,4250,2167.5
Penny,1189833,2022-08-17,August,Midwest,Brandenburg,Club-Mate,0.55,4000,2200.0
Edeka,1189833,2022-09-18,September,Midwest,Baden-Württemberg,Bionade,0.41,6000,2460.0
Metro,1189833,2022-09-18,September,Midwest,Thuringia,Mezzo Mix,0.46,6000,2760.0
Metro,1189833,2022-09-18,September,Midwest,Hamburg,Bionade,0.41,4500,1845.0
Metro,1189833,2022-09-18,September,Midwest,Saxony-Anhalt,Gerolsteiner,0.41,4000,1640.0
Netto,1189833,2022-09-18,September,Midwest,Hesse,Mezzo Mix,0.51,4000,2040.0
Penny,1189833,2022-09-18,September,Midwest,Hesse,Bionade,0.55,4500,2475.0
Netto,1189833,2022-10-17,October,Midwest,Saxony,Bionade,0.41,5500,2255.0
Lidl,1189833,2022-10-17,October,Midwest,Hamburg,Gerolsteiner,0.46,5500,2530.0
Edeka,1189833,2022-10-17,October,Midwest,Berlin,Vita Cola,0.41,4000,1640.0
Rewe,1189833,2022-10-17,October,Midwest,Bavaria,Bionade,0.41,3750,1537.5
Kaufland,1189833,2022-10-17,October,Midwest,Mecklenburg-Vorpommern,Mezzo Mix,0.51,3500,1785.0
Edeka,1189833,2022-10-17,October,Midwest,Mecklenburg-Vorpommern,Vita Cola,0.55,4000,2200.0
Lidl,1189833,2022-11-17,November,Midwest,Berlin,Mezzo Mix,0.37,5750,2127.5
Rewe,1189833,2022-11-17,November,Midwest,Brandenburg,Bionade,0.41,5750,2357.5
Rewe,1189833,2022-11-17,November,Midwest,Thuringia,Club-Mate,0.37,4250,1572.5
Edeka,1189833,2022-11-17,November,Midwest,Hesse,Bionade,0.37,4250,1572.5
Metro,1189833,2022-11-17,November,Midwest,Brandenburg,Bionade,0.51,3750,1912.5
Kaufland,1189833,2022-11-17,November,Midwest,Berlin,Bionade,0.55,4750,2612.5
Rewe,1189833,2022-12-16,December,Midwest,Brandenburg,Club-Mate,0.41,6750,2767.5
Metro,1189833,2022-12-16,December,Midwest,Berlin,Bionade,0.46,6750,3105.0
Metro,1189833,2022-12-16,December,Midwest,Thuringia,Fritz-Kola,0.41,4750,1947.4999999999998
Metro,1189833,2022-12-16,December,Midwest,Schleswig-Holstein,Vita Cola,0.41,4750,1947.4999999999998
Lidl,1189833,2022-12-16,December,Midwest,Baden-Württemberg,Bionade,0.51,4000,2040.0
Kaufland,1189833,2022-12-16,December,Midwest,Berlin,Gerolsteiner,0.55,5000,2750.0
Aldi,1197831,2022-01-04,January,South,Hesse,Bionade,0.18,7000,1260.0
Kaufland,1197831,2022-01-04,January,South,North Rhine-Westphalia,Bionade,0.28,7000,1960.0000000000002
Lidl,1197831,2022-01-04,January,South,Baden-Württemberg,Vita Cola,0.28,5000,1400.0000000000002
Aldi,1197831,2022-01-04,January,South,Berlin,Vita Cola,0.32,5000,1600.0
Rewe,1197831,2022-01-04,January,South,North Rhine-Westphalia,Gerolsteiner,0.37,3500,1295.0
Lidl,1197831,2022-01-04,January,South,Baden-Württemberg,Bionade,0.32,5000,1600.0
Aldi,1197831,2022-02-03,February,South,Berlin,Fritz-Kola,0.23,6500,1495.0
Penny,1197831,2022-02-03,February,South,Berlin,Mezzo Mix,0.32,6250,2000.0
Lidl,1197831,2022-02-03,February,South,Mecklenburg-Vorpommern,Bionade,0.32,4500,1440.0
Rewe,1197831,2022-02-03,February,South,Hesse,Bionade,0.32,4000,1280.0
Lidl,1197831,2022-02-03,February,South,Baden-Württemberg,Mezzo Mix,0.37,2750,1017.5
Metro,1197831,2022-02-03,February,South,Hesse,Mezzo Mix,0.32,4750,1520.0
Aldi,1197831,2022-03-05,March,South,Hamburg,Bionade,0.28,6500,1820.0000000000002
Metro,1197831,2022-03-05,March,South,Hamburg,Vita Cola,0.37,6500,2405.0
Metro,1197831,2022-03-05,March,South,Berlin,Mezzo Mix,0.28,4750,1330.0000000000002
Netto,1197831,2022-03-05,March,South,Brandenburg,Mezzo Mix,0.32,3750,1200.0
Aldi,1197831,2022-03-05,March,South,Schleswig-Holstein,Gerolsteiner,0.37,2750,1017.5
Kaufland,1197831,2022-03-05,March,South,Hesse,Club-Mate,0.32,4250,1360.0
Aldi,1197831,2022-04-04,April,South,Baden-Württemberg,Fritz-Kola,0.18,6750,1215.0
Kaufland,1197831,2022-04-04,April,South,Baden-Württemberg,Gerolsteiner,0.23,6750,1552.5
Metro,1197831,2022-04-04,April,South,Brandenburg,Gerolsteiner,0.18,5000,900.0
Aldi,1197831,2022-04-04,April,South,Thuringia,Bionade,0.23,4000,920.0
Lidl,1197831,2022-04-04,April,South,Hamburg,Gerolsteiner,0.28,3000,840.0000000000001
Netto,1197831,2022-04-04,April,South,Brandenburg,Fritz-Kola,0.23,5750,1322.5
Edeka,1197831,2022-05-04,May,South,Thuringia,Mezzo Mix,0.14,7250,1015.0000000000001
Kaufland,1197831,2022-05-04,May,South,Thuringia,Bionade,0.23,7500,1725.0
Penny,1197831,2022-05-04,May,South,Bavaria,Gerolsteiner,0.18,6000,1080.0
Edeka,1197831,2022-05-04,May,South,Baden-Württemberg,Club-Mate,0.28,5250,1470.0000000000002
Aldi,1197831,2022-05-04,May,South,Thuringia,Mezzo Mix,0.41,4250,1742.5
Netto,1197831,2022-05-04,May,South,Saxony-Anhalt,Vita Cola,0.37,7750,2867.5
Rewe,1197831,2022-06-03,June,South,Mecklenburg-Vorpommern,Vita Cola,0.37,7750,2867.5
Rewe,1197831,2022-06-03,June,South,Brandenburg,Vita Cola,0.41,7750,3177.5
Metro,1197831,2022-06-03,June,South,Saxony-Anhalt,Vita Cola,0.37,6500,2405.0
Lidl,1197831,2022-06-03,June,South,Schleswig-Holstein,Mezzo Mix,0.37,6000,2220.0
Rewe,1197831,2022-06-03,June,South,Brandenburg,Bionade,0.41,5000,2050.0
Metro,1197831,2022-06-03,June,South,Hamburg,Vita Cola,0.46,8750,4025.0
Metro,1197831,2022-07-05,July,South,Berlin,Club-Mate,0.37,8250,3052.5
Lidl,1197831,2022-07-05,July,South,Saxony,Vita Cola,0.41,8250,3382.5
Penny,1197831,2022-07-05,July,South,Thuringia,Gerolsteiner,0.37,9750,3607.5
Rewe,1197831,2022-07-05,July,South,Hamburg,Vita Cola,0.37,5750,2127.5
Kaufland,1197831,2022-07-05,July,South,Bavaria,Bionade,0.41,5500,2255.0
Kaufland,1197831,2022-07-05,July,South,Saxony-Anhalt,Vita Cola,0.51,8250,4207.5
Rewe,1197831,2022-08-07,August,South,Brandenburg,Vita Cola,0.41,7750,3177.5
Edeka,1197831,2022-08-07,August,South,Baden-Württemberg,Mezzo Mix,0.51,7750,3952.5
Kaufland,1197831,2022-08-07,August,South,Saxony,Fritz-Kola,0.46,9500,4370.0
Aldi,1197831,2022-08-07,August,South,Saxony,Gerolsteiner,0.41,4750,1947.4999999999998
Kaufland,1197831,2022-08-07,August,South,Berlin,Bionade,0.46,4750,2185.0
Metro,1197831,2022-08-07,August,South,Thuringia,Vita Cola,0.51,7250,3697.5
Rewe,1197831,2022-09-04,September,South,Saxony-Anhalt,Bionade,0.46,6750,3105.0
Metro,1197831,2022-09-04,September,South,Baden-Württemberg,Vita Cola,0.46,6250,2875.0
Metro,1197831,2022-09-04,September,South,Brandenburg,Mezzo Mix,0.51,6750,3442.5
Edeka,1197831,2022-09-04,September,South,Brandenburg,Gerolsteiner,0.51,4000,2040.0
Rewe,1197831,2022-09-04,September,South,Thuringia,Vita Cola,0.46,4000,1840.0
Penny,1197831,2022-09-04,September,South,Schleswig-Holstein,Bionade,0.41,6250,2562.5
Rewe,1197831,2022-10-03,October,South,Mecklenburg-Vorpommern,Fritz-Kola,0.32,5750,1840.0
Lidl,1197831,2022-10-03,October,South,Berlin,Bionade,0.32,5750,1840.0
Kaufland,1197831,2022-10-03,October,South,North Rhine-Westphalia,Fritz-Kola,0.37,5250,1942.5
Kaufland,1197831,2022-10-03,October,South,North Rhine-Westphalia,Mezzo Mix,0.37,3750,1387.5
Lidl,1197831,2022-10-03,October,South,Saxony-Anhalt,Fritz-Kola,0.32,3500,1120.0
Netto,1197831,2022-10-03,October,South,Saxony,Vita Cola,0.41,5250,2152.5
Aldi,1197831,2022-11-04,November,South,North Rhine-Westphalia,Club-Mate,0.28,6750,1890.0000000000002
Netto,1197831,2022-11-04,November,South,North Rhine-Westphalia,Club-Mate,0.28,6750,1890.0000000000002
Penny,1197831,2022-11-04,November,South,North Rhine-Westphalia,Fritz-Kola,0.51,6000,3060.0
Metro,1197831,2022-11-04,November,South,Brandenburg,Club-Mate,0.51,4750,2422.5
Metro,1197831,2022-11-04,November,South,Mecklenburg-Vorpommern,Mezzo Mix,0.51,4500,2295.0
Edeka,1197831,2022-11-04,November,South,Baden-Württemberg,Fritz-Kola,0.6,6500,3900.0
Rewe,1197831,2022-12-03,December,South,North Rhine-Westphalia,Mezzo Mix,0.51,8000,4080.0
Aldi,1197831,2022-12-03,December,South,Brandenburg,Vita Cola,0.51,8000,4080.0
Netto,1197831,2022-12-03,December,South,North Rhine-Westphalia,Gerolsteiner,0.55,7000,3850.0000000000005
Netto,1197831,2022-12-03,December,South,Mecklenburg-Vorpommern,Fritz-Kola,0.55,5500,3025.0000000000005
Aldi,1197831,2022-12-03,December,South,Saxony-Anhalt,Club-Mate,0.51,5000,2550.0
Penny,1197831,2022-12-03,December,South,Berlin,Mezzo Mix,0.6,7500,4500.0
Penny,1185732,2022-01-11,January,Midwest,Baden-Württemberg,Gerolsteiner,0.32,4250,1360.0
Aldi,1185732,2022-01-11,January,Midwest,Saxony,Bionade,0.32,2250,720.0
Netto,1185732,2022-01-11,January,Midwest,Hamburg,Fritz-Kola,0.23,2250,517.5
Rewe,1185732,2022-01-11,January,Midwest,Mecklenburg-Vorpommern,Club-Mate,0.28,750,210.00000000000003
Kaufland,1185732,2022-01-11,January,Midwest,Berlin,Mezzo Mix,0.41,1250,512.5
Lidl,1185732,2022-01-11,January,Midwest,Schleswig-Holstein,Mezzo Mix,0.32,2250,720.0
Kaufland,1185732,2022-02-11,February,Midwest,Thuringia,Fritz-Kola,0.32,4750,1520.0
Netto,1185732,2022-02-11,February,Midwest,Thuringia,Club-Mate,0.32,1250,400.0
Rewe,1185732,2022-02-11,February,Midwest,Mecklenburg-Vorpommern,Club-Mate,0.23,1750,402.5
Kaufland,1185732,2022-02-11,February,Midwest,North Rhine-Westphalia,Mezzo Mix,0.28,500,140.0
Kaufland,1185732,2022-02-11,February,Midwest,Saxony,Bionade,0.41,1250,512.5
Edeka,1185732,2022-02-11,February,Midwest,North Rhine-Westphalia,Mezzo Mix,0.32,2000,640.0
Kaufland,1185732,2022-03-10,March,Midwest,Mecklenburg-Vorpommern,Gerolsteiner,0.37,4200,1554.0
Penny,1185732,2022-03-10,March,Midwest,Mecklenburg-Vorpommern,Gerolsteiner,0.37,1000,370.0
Penny,1185732,2022-03-10,March,Midwest,Bavaria,Mezzo Mix,0.28,1500,420.00000000000006
Edeka,1185732,2022-03-10,March,Midwest,Hamburg,Club-Mate,0.32,0,0.0
Netto,1185732,2022-03-10,March,Midwest,Berlin,Vita Cola,0.46,500,230.0
Lidl,1185732,2022-03-10,March,Midwest,Brandenburg,Gerolsteiner,0.37,1500,555.0
Penny,1185732,2022-04-11,April,Midwest,Mecklenburg-Vorpommern,Gerolsteiner,0.37,3750,1387.5
Netto,1185732,2022-04-11,April,Midwest,Hamburg,Gerolsteiner,0.32,750,240.0
Netto,1185732,2022-04-11,April,Midwest,Berlin,Gerolsteiner,0.23,750,172.5
Edeka,1185732,2022-04-11,April,Midwest,Saxony-Anhalt,Fritz-Kola,0.28,0,0.0
Aldi,1185732,2022-04-11,April,Midwest,Schleswig-Holstein,Bionade,0.41,250,102.5
Penny,1185732,2022-04-11,April,Midwest,Hesse,Club-Mate,0.32,1500,480.0
Metro,1185732,2022-05-12,May,Midwest,Berlin,Club-Mate,0.41,4200,1722.0
Edeka,1185732,2022-05-12,May,Midwest,Baden-Württemberg,Fritz-Kola,0.37,1250,462.5
Penny,1185732,2022-05-12,May,Midwest,Schleswig-Holstein,Gerolsteiner,0.32,1000,320.0
Penny,1185732,2022-05-12,May,Midwest,Thuringia,Vita Cola,0.32,250,80.0
Lidl,1185732,2022-05-12,May,Midwest,Hamburg,Fritz-Kola,0.46,500,230.0
Lidl,1185732,2022-05-12,May,Midwest,Brandenburg,Club-Mate,0.51,1500,765.0
Netto,1185732,2022-06-11,June,Midwest,Schleswig-Holstein,Fritz-Kola,0.37,4000,1480.0
Edeka,1185732,2022-06-11,June,Midwest,Saxony-Anhalt,Fritz-Kola,0.32,1500,480.0
Kaufland,1185732,2022-06-11,June,Midwest,Thuringia,Mezzo Mix,0.28,1750,490.00000000000006
Kaufland,1185732,2022-06-11,June,Midwest,Saxony-Anhalt,Club-Mate,0.28,1500,420.00000000000006
Kaufland,1185732,2022-06-11,June,Midwest,Bavaria,Club-Mate,0.41,1500,615.0
Lidl,1185732,2022-06-11,June,Midwest,Brandenburg,Mezzo Mix,0.46,3250,1495.0
Netto,1185732,2022-07-10,July,Midwest,Bavaria,Gerolsteiner,0.41,5500,2255.0
Netto,1185732,2022-07-10,July,Midwest,Berlin,Vita Cola,0.37,3000,1110.0
Kaufland,1185732,2022-07-10,July,Midwest,Mecklenburg-Vorpommern,Gerolsteiner,0.32,2250,720.0
Aldi,1185732,2022-07-10,July,Midwest,Berlin,Fritz-Kola,0.32,1750,560.0
Edeka,1185732,2022-07-10,July,Midwest,North Rhine-Westphalia,Gerolsteiner,0.41,1750,717.5
Aldi,1185732,2022-07-10,July,Midwest,Hamburg,Gerolsteiner,0.46,3500,1610.0
Lidl,1185732,2022-08-11,August,Midwest,Thuringia,Vita Cola,0.41,5000,2050.0
Netto,1185732,2022-08-11,August,Midwest,Hamburg,Gerolsteiner,0.41,2750,1127.5
Rewe,1185732,2022-08-11,August,Midwest,Thuringia,Mezzo Mix,0.37,2000,740.0
Kaufland,1185732,2022-08-11,August,Midwest,Hesse,Mezzo Mix,0.28,1250,350.00000000000006
Lidl,1185732,2022-08-11,August,Midwest,Saxony,Bionade,0.37,1000,370.0
Kaufland,1185732,2022-08-11,August,Midwest,Bavaria,Mezzo Mix,0.41,2750,1127.5
Netto,1185732,2022-09-12,September,Midwest,Hesse,Mezzo Mix,0.37,4000,1480.0
Lidl,1185732,2022-09-12,September,Midwest,Thuringia,Fritz-Kola,0.32,2000,640.0
Netto,1185732,2022-09-12,September,Midwest,Brandenburg,Bionade,0.18,1000,180.0
Metro,1185732,2022-09-12,September,Midwest,Schleswig-Holstein,Gerolsteiner,0.18,750,135.0
Aldi,1185732,2022-09-12,September,Midwest,North Rhine-Westphalia,Vita Cola,0.28,750,210.00000000000003
Kaufland,1185732,2022-09-12,September,Midwest,Bavaria,Bionade,0.32,1500,480.0
Netto,1185732,2022-10-11,October,Midwest,Hesse,Vita Cola,0.37,3250,1202.5
Edeka,1185732,2022-10-11,October,Midwest,Saxony-Anhalt,Mezzo Mix,0.28,1500,420.00000000000006
Penny,1185732,2022-10-11,October,Midwest,Hesse,Mezzo Mix,0.28,500,140.0
Edeka,1185732,2022-10-11,October,Midwest,Baden-Württemberg,Mezzo Mix,0.28,250,70.0
Netto,1185732,2022-10-11,October,Midwest,Bavaria,Mezzo Mix,0.37,250,92.5
Edeka,1185732,2022-10-11,October,Midwest,North Rhine-Westphalia,Bionade,0.41,1500,615.0
Penny,1185732,2022-11-11,November,Midwest,Berlin,Bionade,0.37,3000,1110.0
Edeka,1185732,2022-11-11,November,Midwest,Saxony-Anhalt,Vita Cola,0.28,1500,420.00000000000006
Lidl,1185732,2022-11-11,November,Midwest,Bavaria,Mezzo Mix,0.28,950,266.0
Kaufland,1185732,2022-11-11,November,Midwest,Berlin,Club-Mate,0.28,1250,350.00000000000006
Penny,1185732,2022-11-11,November,Midwest,Bavaria,Mezzo Mix,0.46,1000,460.0
Metro,1185732,2022-11-11,November,Midwest,Brandenburg,Gerolsteiner,0.51,2000,1020.0
Kaufland,1185732,2022-12-10,December,Midwest,North Rhine-Westphalia,Bionade,0.46,4500,2070.0
Lidl,1185732,2022-12-10,December,Midwest,Bavaria,Bionade,0.37,2500,925.0
Lidl,1185732,2022-12-10,December,Midwest,Thuringia,Club-Mate,0.37,2000,740.0
Lidl,1185732,2022-12-10,December,Midwest,Bavaria,Gerolsteiner,0.37,1500,555.0
Kaufland,1185732,2022-12-10,December,Midwest,Schleswig-Holstein,Club-Mate,0.46,1500,690.0
Edeka,1185732,2022-12-10,December,Midwest,Baden-Württemberg,Vita Cola,0.51,2500,1275.0
Kaufland,1197831,2022-01-02,January,South,Hamburg,Bionade,0.18,6750,1215.0
Metro,1197831,2022-01-02,January,South,Mecklenburg-Vorpommern,Vita Cola,0.28,6750,1890.0000000000002
Rewe,1197831,2022-01-02,January,South,Saxony-Anhalt,Gerolsteiner,0.28,4750,1330.0000000000002
Lidl,1197831,2022-01-02,January,South,Schleswig-Holstein,Bionade,0.32,4750,1520.0
Edeka,1197831,2022-01-02,January,South,Bavaria,Vita Cola,0.37,3250,1202.5
Kaufland,1197831,2022-01-02,January,South,Hesse,Bionade,0.32,4750,1520.0
Kaufland,1197831,2022-02-01,February,South,Brandenburg,Fritz-Kola,0.23,6250,1437.5
Rewe,1197831,2022-02-01,February,South,Schleswig-Holstein,Gerolsteiner,0.32,6000,1920.0
Netto,1197831,2022-02-01,February,South,Hesse,Bionade,0.32,4250,1360.0
Metro,1197831,2022-02-01,February,South,Berlin,Club-Mate,0.32,3750,1200.0
Penny,1197831,2022-02-01,February,South,North Rhine-Westphalia,Vita Cola,0.37,2500,925.0
Aldi,1197831,2022-02-01,February,South,Hesse,Mezzo Mix,0.32,4500,1440.0
Penny,1197831,2022-03-03,March,South,Baden-Württemberg,Gerolsteiner,0.28,6250,1750.0000000000002
Kaufland,1197831,2022-03-03,March,South,Berlin,Club-Mate,0.37,6250,2312.5
Kaufland,1197831,2022-03-03,March,South,Schleswig-Holstein,Gerolsteiner,0.28,4500,1260.0000000000002
Lidl,1197831,2022-03-03,March,South,Mecklenburg-Vorpommern,Vita Cola,0.32,3500,1120.0
Netto,1197831,2022-03-03,March,South,Hesse,Gerolsteiner,0.37,2500,925.0
Aldi,1197831,2022-03-03,March,South,Saxony,Bionade,0.32,4000,1280.0
Netto,1197831,2022-04-02,April,South,Bavaria,Club-Mate,0.18,6500,1170.0
Netto,1197831,2022-04-02,April,South,Hesse,Vita Cola,0.18,6500,1170.0
Aldi,1197831,2022-04-02,April,South,Bavaria,Mezzo Mix,0.14,4750,665.0000000000001
Rewe,1197831,2022-04-02,April,South,Mecklenburg-Vorpommern,Gerolsteiner,0.18,3750,675.0
Lidl,1197831,2022-04-02,April,South,Thuringia,Fritz-Kola,0.23,2750,632.5
Kaufland,1197831,2022-04-02,April,South,Thuringia,Fritz-Kola,0.18,5500,990.0
Kaufland,1197831,2022-05-02,May,South,Mecklenburg-Vorpommern,Club-Mate,0.09,7000,630.0
Edeka,1197831,2022-05-02,May,South,Hamburg,Bionade,0.18,7250,1305.0
Netto,1197831,2022-05-02,May,South,Saxony-Anhalt,Bionade,0.14,5750,805.0000000000001
Edeka,1197831,2022-05-02,May,South,Schleswig-Holstein,Club-Mate,0.32,5000,1600.0
Lidl,1197831,2022-05-02,May,South,Schleswig-Holstein,Bionade,0.46,4000,1840.0
Kaufland,1197831,2022-05-02,May,South,Saxony-Anhalt,Mezzo Mix,0.41,7500,3075.0
Lidl,1197831,2022-06-01,June,South,North Rhine-Westphalia,Gerolsteiner,0.41,7500,3075.0
Aldi,1197831,2022-06-01,June,South,North Rhine-Westphalia,Bionade,0.46,7500,3450.0
Penny,1197831,2022-06-01,June,South,Bavaria,Gerolsteiner,0.41,6500,2665.0
Metro,1197831,2022-06-01,June,South,North Rhine-Westphalia,Mezzo Mix,0.41,6000,2460.0
Edeka,1197831,2022-06-01,June,South,Bavaria,Club-Mate,0.46,5000,2300.0
Penny,1197831,2022-06-01,June,South,Berlin,Mezzo Mix,0.51,8750,4462.5
Aldi,1197831,2022-07-03,July,South,Thuringia,Mezzo Mix,0.41,8250,3382.5
Metro,1197831,2022-07-03,July,South,Baden-Württemberg,Bionade,0.46,8250,3795.0
Aldi,1197831,2022-07-03,July,South,Bavaria,Club-Mate,0.41,9750,3997.4999999999995
Lidl,1197831,2022-07-03,July,South,Schleswig-Holstein,Vita Cola,0.41,5750,2357.5
Netto,1197831,2022-07-03,July,South,North Rhine-Westphalia,Club-Mate,0.46,5250,2415.0
Aldi,1197831,2022-07-03,July,South,Baden-Württemberg,Club-Mate,0.55,8000,4400.0
Penny,1197831,2022-08-05,August,South,Hesse,Gerolsteiner,0.37,7500,2775.0
Rewe,1197831,2022-08-05,August,South,Mecklenburg-Vorpommern,Fritz-Kola,0.51,7500,3825.0
Aldi,1197831,2022-08-05,August,South,North Rhine-Westphalia,Vita Cola,0.51,9250,4717.5
Aldi,1197831,2022-08-05,August,South,Berlin,Vita Cola,0.46,4250,1955.0
Penny,1197831,2022-08-05,August,South,Brandenburg,Mezzo Mix,0.51,4250,2167.5
Metro,1197831,2022-08-05,August,South,North Rhine-Westphalia,Vita Cola,0.55,6750,3712.5000000000005
Lidl,1197831,2022-09-02,September,South,Hesse,Gerolsteiner,0.51,6250,3187.5
Penny,1197831,2022-09-02,September,South,Thuringia,Club-Mate,0.51,5750,2932.5
Lidl,1197831,2022-09-02,September,South,Baden-Württemberg,Fritz-Kola,0.55,6250,3437.5000000000005
Rewe,1197831,2022-09-02,September,South,Mecklenburg-Vorpommern,Fritz-Kola,0.55,3500,1925.0000000000002
Kaufland,1197831,2022-09-02,September,South,Baden-Württemberg,Gerolsteiner,0.41,3500,1435.0
Netto,1197831,2022-09-02,September,South,Bavaria,Gerolsteiner,0.37,5750,2127.5
Lidl,1197831,2022-10-01,October,South,Thuringia,Fritz-Kola,0.28,5250,1470.0000000000002
Netto,1197831,2022-10-01,October,South,Schleswig-Holstein,Vita Cola,0.28,5250,1470.0000000000002
Kaufland,1197831,2022-10-01,October,South,Mecklenburg-Vorpommern,Gerolsteiner,0.32,4750,1520.0
Aldi,1197831,2022-10-01,October,South,Saxony-Anhalt,Bionade,0.32,3250,1040.0
Metro,1197831,2022-10-01,October,South,Hesse,Fritz-Kola,0.28,3000,840.0000000000001
Netto,1197831,2022-10-01,October,South,Berlin,Club-Mate,0.37,4750,1757.5
Rewe,1197831,2022-11-02,November,South,Mecklenburg-Vorpommern,Fritz-Kola,0.18,6250,1125.0
Rewe,1197831,2022-11-02,November,South,Hamburg,Gerolsteiner,0.18,6250,1125.0
Edeka,1197831,2022-11-02,November,South,Thuringia,Mezzo Mix,0.41,5750,2357.5
Metro,1197831,2022-11-02,November,South,Hesse,Gerolsteiner,0.41,4500,1845.0
Penny,1197831,2022-11-02,November,South,Hamburg,Club-Mate,0.46,4250,1955.0
Penny,1197831,2022-11-02,November,South,Baden-Württemberg,Gerolsteiner,0.55,6250,3437.5000000000005
Rewe,1197831,2022-12-01,December,South,Saxony-Anhalt,Vita Cola,0.55,7750,4262.5
Lidl,1197831,2022-12-01,December,South,Hamburg,Mezzo Mix,0.55,7750,4262.5
Penny,1197831,2022-12-01,December,South,Mecklenburg-Vorpommern,Fritz-Kola,0.6,7000,4200.0
Rewe,1197831,2022-12-01,December,South,Brandenburg,Mezzo Mix,0.6,5500,3300.0
Rewe,1197831,2022-12-01,December,South,North Rhine-Westphalia,Bionade,0.55,5000,2750.0
Lidl,1197831,2022-12-01,December,South,Thuringia,Mezzo Mix,0.64,7500,4800.0
Aldi,1185732,2022-01-21,January,Northeast,Bavaria,Club-Mate,0.37,4500,1665.0
Lidl,1185732,2022-01-21,January,Northeast,Saxony-Anhalt,Vita Cola,0.37,2500,925.0
Penny,1185732,2022-01-21,January,Northeast,Hamburg,Fritz-Kola,0.28,2500,700.0000000000001
Edeka,1185732,2022-01-21,January,Northeast,Schleswig-Holstein,Club-Mate,0.32,1000,320.0
Edeka,1185732,2022-01-21,January,Northeast,Mecklenburg-Vorpommern,Mezzo Mix,0.46,1500,690.0
Netto,1185732,2022-01-21,January,Northeast,Brandenburg,Club-Mate,0.37,2500,925.0
Kaufland,1185732,2022-02-19,February,Northeast,Hesse,Bionade,0.37,5000,1850.0
Metro,1185732,2022-02-19,February,Northeast,Mecklenburg-Vorpommern,Gerolsteiner,0.37,1500,555.0
Aldi,1185732,2022-02-19,February,Northeast,Saxony,Fritz-Kola,0.28,2000,560.0
Kaufland,1185732,2022-02-19,February,Northeast,North Rhine-Westphalia,Fritz-Kola,0.32,750,240.0
Metro,1185732,2022-02-19,February,Northeast,Saxony,Club-Mate,0.46,1500,690.0
Aldi,1185732,2022-02-19,February,Northeast,Baden-Württemberg,Vita Cola,0.37,2500,925.0
Kaufland,1185732,2022-03-17,March,Northeast,Brandenburg,Vita Cola,0.37,4700,1739.0
Netto,1185732,2022-03-17,March,Northeast,Saxony,Gerolsteiner,0.37,1750,647.5
Penny,1185732,2022-03-17,March,Northeast,Thuringia,Vita Cola,0.28,2000,560.0
Penny,1185732,2022-03-17,March,Northeast,Saxony,Club-Mate,0.32,500,160.0
Penny,1185732,2022-03-17,March,Northeast,Baden-Württemberg,Vita Cola,0.46,1000,460.0
Aldi,1185732,2022-03-17,March,Northeast,Baden-Württemberg,Gerolsteiner,0.37,2000,740.0
Kaufland,1185732,2022-04-18,April,Northeast,Saxony,Mezzo Mix,0.37,4500,1665.0
Netto,1185732,2022-04-18,April,Northeast,North Rhine-Westphalia,Fritz-Kola,0.37,1500,555.0
Netto,1185732,2022-04-18,April,Northeast,Mecklenburg-Vorpommern,Gerolsteiner,0.28,1500,420.00000000000006
Aldi,1185732,2022-04-18,April,Northeast,Bavaria,Club-Mate,0.32,750,240.0
Kaufland,1185732,2022-04-18,April,Northeast,Saxony,Bionade,0.46,750,345.0
Netto,1185732,2022-04-18,April,Northeast,Hamburg,Club-Mate,0.37,2250,832.5
Penny,1185732,2022-05-17,May,Northeast,Hesse,Vita Cola,0.51,4950,2524.5
Netto,1185732,2022-05-17,May,Northeast,Baden-Württemberg,Vita Cola,0.46,2000,920.0
Rewe,1185732,2022-05-17,May,Northeast,Saxony,Gerolsteiner,0.41,1750,717.5
Penny,1185732,2022-05-17,May,Northeast,Schleswig-Holstein,Mezzo Mix,0.41,1250,512.5
Aldi,1185732,2022-05-17,May,Northeast,Hesse,Bionade,0.51,1500,765.0
Edeka,1185732,2022-05-17,May,Northeast,Thuringia,Club-Mate,0.55,2750,1512.5000000000002
Kaufland,1185732,2022-06-19,June,Northeast,Brandenburg,Mezzo Mix,0.51,5250,2677.5
Penny,1185732,2022-06-19,June,Northeast,Schleswig-Holstein,Mezzo Mix,0.46,2750,1265.0
Lidl,1185732,2022-06-19,June,Northeast,Hesse,Fritz-Kola,0.41,2000,820.0
Netto,1185732,2022-06-19,June,Northeast,Hesse,Fritz-Kola,0.41,1750,717.5
Metro,1185732,2022-06-19,June,Northeast,Brandenburg,Gerolsteiner,0.51,1750,892.5
Edeka,1185732,2022-06-19,June,Northeast,Hesse,Vita Cola,0.55,3250,1787.5000000000002
Rewe,1185732,2022-07-17,July,Northeast,Hesse,Mezzo Mix,0.51,5500,2805.0
Netto,1185732,2022-07-17,July,Northeast,Hamburg,Vita Cola,0.46,3000,1380.0
Edeka,1185732,2022-07-17,July,Northeast,Schleswig-Holstein,Mezzo Mix,0.41,2250,922.5
Kaufland,1185732,2022-07-17,July,Northeast,Saxony,Mezzo Mix,0.41,1750,717.5
Penny,1185732,2022-07-17,July,Northeast,Schleswig-Holstein,Club-Mate,0.51,2000,1020.0
Metro,1185732,2022-07-17,July,Northeast,Saxony-Anhalt,Fritz-Kola,0.55,3750,2062.5
Rewe,1185732,2022-08-18,August,Northeast,Saxony,Fritz-Kola,0.51,5250,2677.5
Rewe,1185732,2022-08-18,August,Northeast,Saxony,Mezzo Mix,0.46,3000,1380.0
Netto,1185732,2022-08-18,August,Northeast,Schleswig-Holstein,Gerolsteiner,0.41,2250,922.5
Penny,1185732,2022-08-18,August,Northeast,Hesse,Mezzo Mix,0.41,1750,717.5
Rewe,1185732,2022-08-18,August,Northeast,Saxony,Vita Cola,0.51,1500,765.0
Metro,1185732,2022-08-18,August,Northeast,Berlin,Mezzo Mix,0.55,3250,1787.5000000000002
Edeka,1185732,2022-09-17,September,Northeast,Mecklenburg-Vorpommern,Vita Cola,0.51,4500,2295.0
Rewe,1185732,2022-09-17,September,Northeast,Berlin,Fritz-Kola,0.46,2500,1150.0
Lidl,1185732,2022-09-17,September,Northeast,Schleswig-Holstein,Fritz-Kola,0.41,1500,615.0
Kaufland,1185732,2022-09-17,September,Northeast,Baden-Württemberg,Club-Mate,0.41,1250,512.5
Aldi,1185732,2022-09-17,September,Northeast,Mecklenburg-Vorpommern,Club-Mate,0.51,1250,637.5
Lidl,1185732,2022-09-17,September,Northeast,Saxony,Gerolsteiner,0.55,2250,1237.5
Rewe,1185732,2022-10-19,October,Northeast,Baden-Württemberg,Mezzo Mix,0.55,4000,2200.0
Edeka,1185732,2022-10-19,October,Northeast,Hamburg,Gerolsteiner,0.51,2250,1147.5
Rewe,1185732,2022-10-19,October,Northeast,Saxony,Fritz-Kola,0.51,1250,637.5
Edeka,1185732,2022-10-19,October,Northeast,Saxony-Anhalt,Club-Mate,0.51,1000,510.0
Lidl,1185732,2022-10-19,October,Northeast,Bavaria,Vita Cola,0.6,1000,600.0
Edeka,1185732,2022-10-19,October,Northeast,Saxony,Fritz-Kola,0.64,2250,1440.0
Netto,1185732,2022-11-18,November,Northeast,Berlin,Fritz-Kola,0.6,3750,2250.0
Lidl,1185732,2022-11-18,November,Northeast,Hesse,Mezzo Mix,0.51,2000,1020.0
Rewe,1185732,2022-11-18,November,Northeast,Saxony-Anhalt,Bionade,0.51,1950,994.5
Lidl,1185732,2022-11-18,November,Northeast,Mecklenburg-Vorpommern,Club-Mate,0.51,1750,892.5
Kaufland,1185732,2022-11-18,November,Northeast,Brandenburg,Bionade,0.6,1500,900.0
Kaufland,1185732,2022-11-18,November,Northeast,Brandenburg,Fritz-Kola,0.64,2500,1600.0
Metro,1185732,2022-12-17,December,Northeast,North Rhine-Westphalia,Fritz-Kola,0.6,4750,2850.0
Aldi,1185732,2022-12-17,December,Northeast,Baden-Württemberg,Club-Mate,0.51,2750,1402.5
Metro,1185732,2022-12-17,December,Northeast,Schleswig-Holstein,Gerolsteiner,0.51,2500,1275.0
Rewe,1185732,2022-12-17,December,Northeast,Saxony,Vita Cola,0.51,2000,1020.0
Netto,1185732,2022-12-17,December,Northeast,Schleswig-Holstein,Gerolsteiner,0.6,2000,1200.0
Penny,1185732,2022-12-17,December,Northeast,North Rhine-Westphalia,Bionade,0.64,3000,1920.0
Netto,1185732,2022-01-12,January,Southeast,Saxony-Anhalt,Bionade,0.41,6500,2665.0
Lidl,1185732,2022-02-10,February,Southeast,Thuringia,Gerolsteiner,0.41,9000,3690.0
Rewe,1185732,2022-02-10,February,Southeast,Hamburg,Gerolsteiner,0.41,5500,2255.0
Netto,1185732,2022-02-10,February,Southeast,Schleswig-Holstein,Mezzo Mix,0.32,6000,1920.0
Lidl,1185732,2022-02-10,February,Southeast,Hamburg,Fritz-Kola,0.37,4750,1757.5
Edeka,1185732,2022-02-10,February,Southeast,Baden-Württemberg,Bionade,0.51,5500,2805.0
Edeka,1185732,2022-02-10,February,Southeast,Mecklenburg-Vorpommern,Gerolsteiner,0.41,6500,2665.0
Penny,1185732,2022-03-08,March,Southeast,Baden-Württemberg,Vita Cola,0.41,8700,3567.0
Edeka,1185732,2022-03-08,March,Southeast,Berlin,Gerolsteiner,0.41,5500,2255.0
Kaufland,1185732,2022-03-08,March,Southeast,Saxony-Anhalt,Club-Mate,0.32,5750,1840.0
Aldi,1185732,2022-03-08,March,Southeast,Hesse,Mezzo Mix,0.37,4250,1572.5
Lidl,1185732,2022-03-08,March,Southeast,Schleswig-Holstein,Fritz-Kola,0.51,4750,2422.5
Netto,1185732,2022-03-08,March,Southeast,Hesse,Vita Cola,0.41,5750,2357.5
Edeka,1185732,2022-04-09,April,Southeast,Brandenburg,Fritz-Kola,0.41,8250,3382.5
Kaufland,1185732,2022-04-09,April,Southeast,North Rhine-Westphalia,Bionade,0.41,5250,2152.5
Kaufland,1185732,2022-04-09,April,Southeast,Baden-Württemberg,Bionade,0.32,5250,1680.0
Netto,1185732,2022-04-09,April,Southeast,Saxony,Fritz-Kola,0.37,4500,1665.0
Metro,1185732,2022-04-09,April,Southeast,Saxony,Vita Cola,0.51,4750,2422.5
Edeka,1185732,2022-04-09,April,Southeast,Mecklenburg-Vorpommern,Vita Cola,0.41,6000,2460.0
Metro,1185732,2022-05-08,May,Southeast,Berlin,Club-Mate,0.51,8700,4437.0
Edeka,1185732,2022-05-08,May,Southeast,Berlin,Vita Cola,0.51,5750,2932.5
Netto,1185732,2022-05-08,May,Southeast,Baden-Württemberg,Club-Mate,0.46,5500,2530.0
Metro,1185732,2022-05-08,May,Southeast,Saxony,Club-Mate,0.46,5000,2300.0
Aldi,1185732,2022-05-08,May,Southeast,Saxony-Anhalt,Club-Mate,0.55,5250,2887.5000000000005
Kaufland,1185732,2022-05-08,May,Southeast,Hesse,Vita Cola,0.6,6250,3750.0
Edeka,1185732,2022-06-10,June,Southeast,Saxony-Anhalt,Vita Cola,0.55,8750,4812.5
Rewe,1185732,2022-06-10,June,Southeast,North Rhine-Westphalia,Fritz-Kola,0.51,6250,3187.5
Penny,1185732,2022-06-10,June,Southeast,Baden-Württemberg,Vita Cola,0.46,6000,2760.0
Lidl,1185732,2022-06-10,June,Southeast,Hamburg,Fritz-Kola,0.46,5750,2645.0
Metro,1185732,2022-06-10,June,Southeast,Thuringia,Gerolsteiner,0.6,5750,3450.0
Lidl,1185732,2022-06-10,June,Southeast,Berlin,Bionade,0.64,7250,4640.0
Edeka,1185732,2022-07-08,July,Southeast,Thuringia,Club-Mate,0.6,9500,5700.0
Lidl,1185732,2022-07-08,July,Southeast,North Rhine-Westphalia,Gerolsteiner,0.55,7000,3850.0000000000005
Penny,1185732,2022-07-08,July,Southeast,Mecklenburg-Vorpommern,Bionade,0.51,6250,3187.5
Kaufland,1185732,2022-07-08,July,Southeast,Schleswig-Holstein,Vita Cola,0.51,5750,2932.5
Aldi,1185732,2022-07-08,July,Southeast,Berlin,Vita Cola,0.6,6000,3600.0
Kaufland,1185732,2022-07-08,July,Southeast,Mecklenburg-Vorpommern,Bionade,0.64,7750,4960.0
Lidl,1185732,2022-08-09,August,Southeast,Saxony-Anhalt,Vita Cola,0.6,9250,5550.0
Aldi,1185732,2022-08-09,August,Southeast,Saxony,Club-Mate,0.55,7000,3850.0000000000005
Edeka,1185732,2022-08-09,August,Southeast,Brandenburg,Fritz-Kola,0.51,6250,3187.5
Metro,1185732,2022-08-09,August,Southeast,Saxony,Club-Mate,0.41,5750,2357.5
Metro,1185732,2022-08-09,August,Southeast,Schleswig-Holstein,Gerolsteiner,0.51,5500,2805.0
Aldi,1185732,2022-08-09,August,Southeast,Thuringia,Fritz-Kola,0.55,7250,3987.5000000000005
Rewe,1185732,2022-09-08,September,Southeast,Brandenburg,Gerolsteiner,0.51,8500,4335.0
Edeka,1185732,2022-09-08,September,Southeast,Hamburg,Fritz-Kola,0.46,6500,2990.0
Aldi,1185732,2022-09-08,September,Southeast,Schleswig-Holstein,Mezzo Mix,0.41,5500,2255.0
Aldi,1185732,2022-09-08,September,Southeast,Hamburg,Mezzo Mix,0.41,5250,2152.5
Edeka,1185732,2022-09-08,September,Southeast,Baden-Württemberg,Vita Cola,0.51,5250,2677.5
Rewe,1185732,2022-09-08,September,Southeast,Hamburg,Club-Mate,0.55,6250,3437.5000000000005
Aldi,1185732,2022-10-10,October,Southeast,Hesse,Club-Mate,0.55,8000,4400.0
Metro,1185732,2022-10-10,October,Southeast,Saxony-Anhalt,Mezzo Mix,0.46,6250,2875.0
Lidl,1185732,2022-10-10,October,Southeast,Brandenburg,Gerolsteiner,0.46,5250,2415.0
Netto,1185732,2022-10-10,October,Southeast,Berlin,Vita Cola,0.46,5000,2300.0
Aldi,1185732,2022-10-10,October,Southeast,Hesse,Fritz-Kola,0.55,5000,2750.0
Lidl,1185732,2022-10-10,October,Southeast,Baden-Württemberg,Vita Cola,0.6,6250,3750.0
Lidl,1185732,2022-11-09,November,Southeast,North Rhine-Westphalia,Club-Mate,0.55,7750,4262.5
Kaufland,1185732,2022-11-09,November,Southeast,Hesse,Fritz-Kola,0.46,6000,2760.0
Rewe,1185732,2022-11-09,November,Southeast,Hesse,Club-Mate,0.46,5450,2507.0
Netto,1185732,2022-11-09,November,Southeast,Bavaria,Gerolsteiner,0.46,5750,2645.0
Edeka,1185732,2022-11-09,November,Southeast,Baden-Württemberg,Fritz-Kola,0.6,5500,3300.0
Penny,1185732,2022-11-09,November,Southeast,Mecklenburg-Vorpommern,Mezzo Mix,0.64,6500,4160.0
Aldi,1185732,2022-12-08,December,Southeast,Mecklenburg-Vorpommern,Mezzo Mix,0.6,8750,5250.0
Aldi,1185732,2022-12-08,December,Southeast,Bavaria,Gerolsteiner,0.51,6750,3442.5
Netto,1185732,2022-12-08,December,Southeast,Hamburg,Vita Cola,0.51,6250,3187.5
Rewe,1185732,2022-12-08,December,Southeast,Berlin,Vita Cola,0.51,5750,2932.5
Netto,1185732,2022-12-08,December,Southeast,Saxony-Anhalt,Mezzo Mix,0.6,5750,3450.0
Penny,1185732,2022-12-08,December,Southeast,Saxony-Anhalt,Gerolsteiner,0.64,6750,4320.0
Edeka,1185732,2022-01-14,January,Northeast,Hamburg,Gerolsteiner,0.37,8000,2960.0
Kaufland,1185732,2022-01-14,January,Northeast,Brandenburg,Mezzo Mix,0.37,6000,2220.0
Kaufland,1185732,2022-01-14,January,Northeast,Bavaria,Mezzo Mix,0.28,6000,1680.0000000000002
Penny,1185732,2022-01-14,January,Northeast,Hamburg,Fritz-Kola,0.32,4500,1440.0
Penny,1185732,2022-01-14,January,Northeast,Saxony,Gerolsteiner,0.46,5000,2300.0
Aldi,1185732,2022-01-14,January,Northeast,Bavaria,Bionade,0.37,6000,2220.0
Lidl,1185732,2022-02-12,February,Northeast,Saxony,Gerolsteiner,0.37,8500,3145.0
Kaufland,1185732,2022-02-12,February,Northeast,Bavaria,Vita Cola,0.37,5000,1850.0
Penny,1185732,2022-02-12,February,Northeast,Mecklenburg-Vorpommern,Vita Cola,0.28,5500,1540.0000000000002
Metro,1185732,2022-02-12,February,Northeast,Thuringia,Vita Cola,0.32,4250,1360.0
Netto,1185732,2022-02-12,February,Northeast,North Rhine-Westphalia,Fritz-Kola,0.46,5000,2300.0
Netto,1185732,2022-02-12,February,Northeast,Mecklenburg-Vorpommern,Vita Cola,0.37,6000,2220.0
Aldi,1185732,2022-03-10,March,Northeast,North Rhine-Westphalia,Gerolsteiner,0.37,8200,3034.0
Metro,1185732,2022-03-10,March,Northeast,Saxony,Fritz-Kola,0.37,5250,1942.5
Kaufland,1185732,2022-03-10,March,Northeast,Hamburg,Club-Mate,0.28,5500,1540.0000000000002
Rewe,1185732,2022-03-10,March,Northeast,Hamburg,Mezzo Mix,0.32,4000,1280.0
Rewe,1185732,2022-03-10,March,Northeast,Baden-Württemberg,Bionade,0.46,4500,2070.0
Aldi,1185732,2022-03-10,March,Northeast,Hamburg,Mezzo Mix,0.37,5500,2035.0
Kaufland,1185732,2022-04-11,April,Northeast,Baden-Württemberg,Fritz-Kola,0.37,8000,2960.0
Metro,1185732,2022-04-11,April,Northeast,Saxony-Anhalt,Mezzo Mix,0.37,5000,1850.0
Rewe,1185732,2022-04-11,April,Northeast,Mecklenburg-Vorpommern,Vita Cola,0.28,5000,1400.0000000000002
Penny,1185732,2022-04-11,April,Northeast,Thuringia,Gerolsteiner,0.32,4250,1360.0
Kaufland,1185732,2022-04-11,April,Northeast,Schleswig-Holstein,Vita Cola,0.46,4250,1955.0
Kaufland,1185732,2022-04-11,April,Northeast,Mecklenburg-Vorpommern,Gerolsteiner,0.37,5500,2035.0
Edeka,1185732,2022-05-10,May,Northeast,Hesse,Gerolsteiner,0.46,8200,3772.0
Kaufland,1185732,2022-05-10,May,Northeast,Mecklenburg-Vorpommern,Bionade,0.41,5250,2152.5
Kaufland,1185732,2022-05-10,May,Northeast,Brandenburg,Mezzo Mix,0.37,5000,1850.0
Aldi,1185732,2022-05-10,May,Northeast,Saxony-Anhalt,Gerolsteiner,0.37,4500,1665.0
Lidl,1185732,2022-05-10,May,Northeast,Brandenburg,Vita Cola,0.46,4750,2185.0
Aldi,1185732,2022-05-10,May,Northeast,Saxony,Fritz-Kola,0.51,6000,3060.0
Lidl,1185732,2022-06-12,June,Northeast,Baden-Württemberg,Fritz-Kola,0.46,8500,3910.0
Aldi,1185732,2022-06-12,June,Northeast,Brandenburg,Mezzo Mix,0.41,6000,2460.0
Netto,1185732,2022-06-12,June,Northeast,Berlin,Bionade,0.37,5250,1942.5
Lidl,1185732,2022-06-12,June,Northeast,Thuringia,Fritz-Kola,0.37,5000,1850.0
Netto,1185732,2022-06-12,June,Northeast,Thuringia,Bionade,0.46,5000,2300.0
Lidl,1185732,2022-06-12,June,Northeast,Baden-Württemberg,Vita Cola,0.51,6500,3315.0
Metro,1185732,2022-07-10,July,Northeast,Brandenburg,Vita Cola,0.46,8750,4025.0
Aldi,1185732,2022-07-10,July,Northeast,Hesse,Vita Cola,0.41,6250,2562.5
Rewe,1185732,2022-07-10,July,Northeast,Thuringia,Fritz-Kola,0.37,5500,2035.0
Lidl,1185732,2022-07-10,July,Northeast,Thuringia,Vita Cola,0.37,5000,1850.0
Kaufland,1185732,2022-07-10,July,Northeast,Berlin,Mezzo Mix,0.46,5250,2415.0
Rewe,1185732,2022-07-10,July,Northeast,Thuringia,Fritz-Kola,0.51,7000,3570.0
Lidl,1185732,2022-08-11,August,Northeast,Brandenburg,Club-Mate,0.46,8500,3910.0
Metro,1185732,2022-08-11,August,Northeast,Hesse,Fritz-Kola,0.41,6250,2562.5
Penny,1185732,2022-08-11,August,Northeast,Bavaria,Fritz-Kola,0.37,5500,2035.0
Netto,1185732,2022-08-11,August,Northeast,Berlin,Mezzo Mix,0.37,5250,1942.5
Kaufland,1185732,2022-08-11,August,Northeast,Schleswig-Holstein,Gerolsteiner,0.46,5000,2300.0
Metro,1185732,2022-08-11,August,Northeast,Hesse,Club-Mate,0.51,6750,3442.5
Rewe,1185732,2022-09-10,September,Northeast,Bavaria,Mezzo Mix,0.46,8000,3680.0
Kaufland,1185732,2022-09-10,September,Northeast,North Rhine-Westphalia,Gerolsteiner,0.41,6000,2460.0
Rewe,1185732,2022-09-10,September,Northeast,Mecklenburg-Vorpommern,Bionade,0.37,5250,1942.5
Kaufland,1185732,2022-09-10,September,Northeast,Bavaria,Fritz-Kola,0.37,5000,1850.0
Netto,1185732,2022-09-10,September,Northeast,Bavaria,Fritz-Kola,0.46,5000,2300.0
Penny,1185732,2022-09-10,September,Northeast,Brandenburg,Bionade,0.51,6000,3060.0
Lidl,1185732,2022-10-12,October,Northeast,Berlin,Gerolsteiner,0.51,7750,3952.5
Lidl,1185732,2022-10-12,October,Northeast,Thuringia,Mezzo Mix,0.41,6000,2460.0
Kaufland,1185732,2022-10-12,October,Northeast,Saxony,Club-Mate,0.41,5000,2050.0
Aldi,1185732,2022-10-12,October,Northeast,Baden-Württemberg,Bionade,0.41,4750,1947.4999999999998
Netto,1185732,2022-10-12,October,Northeast,Thuringia,Bionade,0.51,4750,2422.5
Edeka,1185732,2022-10-12,October,Northeast,Schleswig-Holstein,Vita Cola,0.55,6000,3300.0000000000005
Metro,1185732,2022-11-11,November,Northeast,Berlin,Mezzo Mix,0.51,7500,3825.0
Penny,1185732,2022-11-11,November,Northeast,Saxony,Club-Mate,0.41,5750,2357.5
Metro,1185732,2022-11-11,November,Northeast,Thuringia,Fritz-Kola,0.41,5200,2132.0
Netto,1185732,2022-11-11,November,Northeast,Bavaria,Bionade,0.41,5000,2050.0
Kaufland,1185732,2022-11-11,November,Northeast,Brandenburg,Mezzo Mix,0.51,4750,2422.5
Penny,1185732,2022-11-11,November,Northeast,Brandenburg,Bionade,0.55,5750,3162.5000000000005
Metro,1185732,2022-12-10,December,Northeast,Mecklenburg-Vorpommern,Club-Mate,0.51,8000,4080.0
Kaufland,1185732,2022-12-10,December,Northeast,Hamburg,Gerolsteiner,0.41,6000,2460.0
Netto,1185732,2022-12-10,December,Northeast,Hamburg,Vita Cola,0.41,5500,2255.0
Metro,1185732,2022-12-10,December,Northeast,Brandenburg,Club-Mate,0.41,5000,2050.0
Netto,1185732,2022-12-10,December,Northeast,North Rhine-Westphalia,Fritz-Kola,0.51,5000,2550.0
Aldi,1185732,2022-12-10,December,Northeast,Hesse,Vita Cola,0.55,6000,3300.0000000000005
Rewe,1128299,2022-01-24,January,West,Berlin,Fritz-Kola,0.28,3500,980.0000000000001
Edeka,1128299,2022-01-24,January,West,Hamburg,Fritz-Kola,0.37,3500,1295.0
Lidl,1128299,2022-01-24,January,West,Saxony,Bionade,0.37,3500,1295.0
Aldi,1128299,2022-01-24,January,West,Schleswig-Holstein,Vita Cola,0.37,2000,740.0
Edeka,1128299,2022-01-24,January,West,Baden-Württemberg,Fritz-Kola,0.41,1500,615.0
Penny,1128299,2022-01-24,January,West,Bavaria,Vita Cola,0.37,4000,1480.0
Netto,1128299,2022-02-24,February,West,Hamburg,Fritz-Kola,0.28,4500,1260.0000000000002
Lidl,1128299,2022-02-24,February,West,Hesse,Club-Mate,0.37,3500,1295.0
Edeka,1128299,2022-02-24,February,West,North Rhine-Westphalia,Club-Mate,0.37,3500,1295.0
Edeka,1128299,2022-02-24,February,West,Hesse,Gerolsteiner,0.37,2000,740.0
Aldi,1128299,2022-02-24,February,West,Baden-Württemberg,Mezzo Mix,0.41,1250,512.5
Rewe,1128299,2022-02-24,February,West,Hesse,Bionade,0.37,3250,1202.5
Rewe,1128299,2022-03-23,March,West,Hesse,Club-Mate,0.37,4750,1757.5
Rewe,1128299,2022-03-23,March,West,North Rhine-Westphalia,Gerolsteiner,0.46,3250,1495.0
Edeka,1128299,2022-03-23,March,West,Baden-Württemberg,Fritz-Kola,0.51,3500,1785.0
Edeka,1128299,2022-03-23,March,West,Hamburg,Club-Mate,0.46,2500,1150.0
Penny,1128299,2022-03-23,March,West,Saxony-Anhalt,Gerolsteiner,0.51,1000,510.0
Aldi,1128299,2022-03-23,March,West,Thuringia,Fritz-Kola,0.46,3000,1380.0
Penny,1128299,2022-04-24,April,West,Mecklenburg-Vorpommern,Fritz-Kola,0.51,4750,2422.5
Metro,1128299,2022-04-24,April,West,Saxony,Fritz-Kola,0.55,2750,1512.5000000000002
Aldi,1128299,2022-04-24,April,West,North Rhine-Westphalia,Mezzo Mix,0.55,3250,1787.5000000000002
Edeka,1128299,2022-04-24,April,West,Hesse,Club-Mate,0.41,2250,922.5
Netto,1128299,2022-04-24,April,West,Hamburg,Fritz-Kola,0.46,1250,575.0
Penny,1128299,2022-04-24,April,West,Hesse,Gerolsteiner,0.6,3000,1800.0
Netto,1128299,2022-05-25,May,West,Hamburg,Mezzo Mix,0.46,5000,2300.0
Penny,1128299,2022-05-25,May,West,Baden-Württemberg,Gerolsteiner,0.51,3500,1785.0
Lidl,1128299,2022-05-25,May,West,Hesse,Gerolsteiner,0.51,3500,1785.0
Penny,1128299,2022-05-25,May,West,Hamburg,Gerolsteiner,0.46,2750,1265.0
Lidl,1128299,2022-05-25,May,West,Saxony,Club-Mate,0.41,1750,717.5
Netto,1128299,2022-05-25,May,West,Bavaria,Club-Mate,0.55,5250,2887.5000000000005
Netto,1128299,2022-06-24,June,West,Brandenburg,Mezzo Mix,0.51,7750,3952.5
Aldi,1128299,2022-06-24,June,West,Hamburg,Mezzo Mix,0.6,6500,3900.0
Aldi,1128299,2022-06-24,June,West,Baden-Württemberg,Vita Cola,0.74,6500,4810.0
Edeka,1128299,2022-06-24,June,West,Schleswig-Holstein,Club-Mate,0.74,5250,3885.0
Rewe,1128299,2022-06-24,June,West,Brandenburg,Mezzo Mix,0.83,4000,3320.0
Kaufland,1128299,2022-06-24,June,West,Schleswig-Holstein,Bionade,0.97,7000,6790.0
Metro,1128299,2022-07-23,July,West,Bavaria,Vita Cola,0.78,8500,6630.0
Aldi,1128299,2022-07-23,July,West,Hesse,Vita Cola,0.83,7000,5810.0
Edeka,1128299,2022-07-23,July,West,Bavaria,Bionade,0.83,6500,5395.0
Aldi,1128299,2022-07-23,July,West,Schleswig-Holstein,Fritz-Kola,0.78,5500,4290.0
Netto,1128299,2022-07-23,July,West,Thuringia,Fritz-Kola,0.83,6000,4980.0
Metro,1128299,2022-07-23,July,West,Saxony,Fritz-Kola,0.97,6000,5820.0
Penny,1128299,2022-08-24,August,West,Baden-Württemberg,Club-Mate,0.83,8000,6640.0
Edeka,1128299,2022-08-24,August,West,Mecklenburg-Vorpommern,Fritz-Kola,0.74,7750,5735.0
Metro,1128299,2022-08-24,August,West,Thuringia,Vita Cola,0.64,6500,4160.0
Lidl,1128299,2022-08-24,August,West,Saxony-Anhalt,Mezzo Mix,0.64,4250,2720.0
Metro,1128299,2022-08-24,August,West,Saxony-Anhalt,Vita Cola,0.64,4250,2720.0
Edeka,1128299,2022-08-24,August,West,Schleswig-Holstein,Bionade,0.69,2500,1724.9999999999998
Aldi,1128299,2022-09-25,September,West,Berlin,Fritz-Kola,0.46,4500,2070.0
Kaufland,1128299,2022-09-25,September,West,Berlin,Mezzo Mix,0.51,4500,2295.0
Penny,1128299,2022-09-25,September,West,Berlin,Vita Cola,0.46,2500,1150.0
Rewe,1128299,2022-09-25,September,West,Schleswig-Holstein,Fritz-Kola,0.46,2000,920.0
Metro,1128299,2022-09-25,September,West,Hamburg,Mezzo Mix,0.55,2250,1237.5
Rewe,1128299,2022-09-25,September,West,Baden-Württemberg,Bionade,0.41,2500,1025.0
Kaufland,1128299,2022-10-24,October,West,Thuringia,Fritz-Kola,0.37,3500,1295.0
Metro,1128299,2022-10-24,October,West,Hesse,Gerolsteiner,0.51,5250,2677.5
Metro,1128299,2022-10-24,October,West,Mecklenburg-Vorpommern,Vita Cola,0.46,3500,1610.0
Kaufland,1128299,2022-10-24,October,West,Bavaria,Bionade,0.41,3250,1332.5
Rewe,1128299,2022-10-24,October,West,Berlin,Fritz-Kola,0.51,3000,1530.0
Penny,1128299,2022-10-24,October,West,Hesse,Gerolsteiner,0.55,3500,1925.0000000000002
Edeka,1128299,2022-11-24,November,West,North Rhine-Westphalia,Club-Mate,0.41,5750,2357.5
Kaufland,1128299,2022-11-24,November,West,Mecklenburg-Vorpommern,Vita Cola,0.46,6500,2990.0
Metro,1128299,2022-11-24,November,West,North Rhine-Westphalia,Mezzo Mix,0.41,4750,1947.4999999999998
Netto,1128299,2022-11-24,November,West,Mecklenburg-Vorpommern,Mezzo Mix,0.51,4500,2295.0
Aldi,1128299,2022-11-24,November,West,Saxony,Fritz-Kola,0.69,4250,2932.5
Aldi,1128299,2022-11-24,November,West,Hesse,Gerolsteiner,0.74,5500,4070.0
Penny,1128299,2022-12-23,December,West,Thuringia,Vita Cola,0.6,7500,4500.0
Kaufland,1128299,2022-12-23,December,West,Hamburg,Fritz-Kola,0.69,7500,5175.0
Penny,1128299,2022-12-23,December,West,Saxony,Mezzo Mix,0.64,5500,3520.0
Kaufland,1128299,2022-12-23,December,West,Mecklenburg-Vorpommern,Vita Cola,0.64,5500,3520.0
Rewe,1128299,2022-12-23,December,West,Hesse,Bionade,0.74,4750,3515.0
Lidl,1128299,2022-12-23,December,West,Hamburg,Fritz-Kola,0.78,5750,4485.0
Metro,1185732,2022-01-19,January,Southeast,Baden-Württemberg,Mezzo Mix,0.32,7500,2400.0
Aldi,1185732,2022-01-19,January,Southeast,Mecklenburg-Vorpommern,Mezzo Mix,0.32,5500,1760.0
Edeka,1185732,2022-01-19,January,Southeast,Berlin,Fritz-Kola,0.23,5500,1265.0
Rewe,1185732,2022-01-19,January,Southeast,Saxony,Bionade,0.28,4000,1120.0
Netto,1185732,2022-01-19,January,Southeast,Thuringia,Bionade,0.41,4500,1845.0
Lidl,1185732,2022-01-19,January,Southeast,Mecklenburg-Vorpommern,Vita Cola,0.32,5500,1760.0
Edeka,1185732,2022-02-17,February,Southeast,Saxony,Bionade,0.32,8000,2560.0
Rewe,1185732,2022-02-17,February,Southeast,Berlin,Gerolsteiner,0.32,4500,1440.0
Netto,1185732,2022-02-17,February,Southeast,Hesse,Bionade,0.23,5000,1150.0
Penny,1185732,2022-02-17,February,Southeast,Hamburg,Vita Cola,0.28,3750,1050.0
Kaufland,1185732,2022-02-17,February,Southeast,Mecklenburg-Vorpommern,Fritz-Kola,0.41,4500,1845.0
Edeka,1185732,2022-02-17,February,Southeast,Bavaria,Vita Cola,0.32,5500,1760.0
Lidl,1185732,2022-03-15,March,Southeast,Hesse,Club-Mate,0.32,7700,2464.0
Edeka,1185732,2022-03-15,March,Southeast,Brandenburg,Vita Cola,0.32,4500,1440.0
Lidl,1185732,2022-03-15,March,Southeast,Thuringia,Fritz-Kola,0.23,4750,1092.5
Rewe,1185732,2022-03-15,March,Southeast,Saxony-Anhalt,Vita Cola,0.28,3250,910.0000000000001
Aldi,1185732,2022-03-15,March,Southeast,Thuringia,Club-Mate,0.41,3750,1537.5
Aldi,1185732,2022-03-15,March,Southeast,Saxony,Gerolsteiner,0.32,4750,1520.0
Lidl,1185732,2022-04-16,April,Southeast,Bavaria,Club-Mate,0.32,7250,2320.0
Aldi,1185732,2022-04-16,April,Southeast,Bavaria,Gerolsteiner,0.37,4250,1572.5
Metro,1185732,2022-04-16,April,Southeast,Saxony-Anhalt,Vita Cola,0.28,4500,1260.0000000000002
Edeka,1185732,2022-04-16,April,Southeast,Saxony-Anhalt,Mezzo Mix,0.32,3750,1200.0
Metro,1185732,2022-04-16,April,Southeast,Bavaria,Gerolsteiner,0.46,4000,1840.0
Aldi,1185732,2022-04-16,April,Southeast,Berlin,Vita Cola,0.37,5250,1942.5
Netto,1185732,2022-05-15,May,Southeast,Saxony,Gerolsteiner,0.46,7950,3657.0
Rewe,1185732,2022-05-15,May,Southeast,North Rhine-Westphalia,Vita Cola,0.46,5000,2300.0
Rewe,1185732,2022-05-15,May,Southeast,Berlin,Club-Mate,0.41,4750,1947.4999999999998
Kaufland,1185732,2022-05-15,May,Southeast,Bavaria,Mezzo Mix,0.41,4500,1845.0
Kaufland,1185732,2022-05-15,May,Southeast,Saxony-Anhalt,Fritz-Kola,0.51,4750,2422.5
Metro,1185732,2022-05-15,May,Southeast,Brandenburg,Bionade,0.55,5750,3162.5000000000005
Aldi,1185732,2022-06-17,June,Southeast,North Rhine-Westphalia,Gerolsteiner,0.51,8250,4207.5
Penny,1185732,2022-06-17,June,Southeast,Brandenburg,Club-Mate,0.46,5750,2645.0
Netto,1185732,2022-06-17,June,Southeast,Bavaria,Club-Mate,0.41,5500,2255.0
Lidl,1185732,2022-06-17,June,Southeast,Brandenburg,Bionade,0.41,5250,2152.5
Kaufland,1185732,2022-06-17,June,Southeast,Berlin,Mezzo Mix,0.55,5250,2887.5000000000005
Kaufland,1185732,2022-06-17,June,Southeast,Saxony,Vita Cola,0.6,6750,4050.0
Edeka,1185732,2022-07-15,July,Southeast,Baden-Württemberg,Mezzo Mix,0.55,9000,4950.0
Netto,1185732,2022-07-15,July,Southeast,Brandenburg,Fritz-Kola,0.51,6500,3315.0
Penny,1185732,2022-07-15,July,Southeast,Saxony-Anhalt,Mezzo Mix,0.46,5750,2645.0
Metro,1185732,2022-07-15,July,Southeast,Saxony-Anhalt,Vita Cola,0.46,5250,2415.0
Aldi,1185732,2022-07-15,July,Southeast,Hamburg,Bionade,0.55,5500,3025.0000000000005
Kaufland,1185732,2022-07-15,July,Southeast,Thuringia,Gerolsteiner,0.6,7250,4350.0
Netto,1185732,2022-08-16,August,Southeast,Baden-Württemberg,Club-Mate,0.55,8750,4812.5
Penny,1185732,2022-08-16,August,Southeast,Thuringia,Gerolsteiner,0.51,6500,3315.0
Rewe,1185732,2022-08-16,August,Southeast,Mecklenburg-Vorpommern,Mezzo Mix,0.41,5750,2357.5
Lidl,1185732,2022-08-16,August,Southeast,Schleswig-Holstein,Bionade,0.32,5250,1680.0
Metro,1185732,2022-08-16,August,Southeast,North Rhine-Westphalia,Gerolsteiner,0.41,5000,2050.0
Metro,1185732,2022-08-16,August,Southeast,Bavaria,Club-Mate,0.46,6750,3105.0
Edeka,1185732,2022-09-15,September,Southeast,Mecklenburg-Vorpommern,Bionade,0.41,8000,3280.0
Netto,1185732,2022-09-15,September,Southeast,North Rhine-Westphalia,Bionade,0.37,6000,2220.0
Penny,1185732,2022-09-15,September,Southeast,Brandenburg,Mezzo Mix,0.32,5000,1600.0
Metro,1185732,2022-09-15,September,Southeast,Brandenburg,Gerolsteiner,0.32,4750,1520.0
Penny,1185732,2022-09-15,September,Southeast,Schleswig-Holstein,Fritz-Kola,0.41,4750,1947.4999999999998
Rewe,1185732,2022-09-15,September,Southeast,Saxony,Mezzo Mix,0.46,5750,2645.0
Netto,1185732,2022-10-17,October,Southeast,Thuringia,Fritz-Kola,0.46,7500,3450.0
Kaufland,1185732,2022-10-17,October,Southeast,Brandenburg,Club-Mate,0.37,5750,2127.5
Penny,1185732,2022-10-17,October,Southeast,Berlin,Fritz-Kola,0.37,4250,1572.5
Aldi,1185732,2022-10-17,October,Southeast,Hesse,Mezzo Mix,0.37,4000,1480.0
Penny,1185732,2022-10-17,October,Southeast,Mecklenburg-Vorpommern,Vita Cola,0.46,4000,1840.0
Metro,1185732,2022-10-17,October,Southeast,Bavaria,Gerolsteiner,0.51,5250,2677.5
Kaufland,1185732,2022-11-16,November,Southeast,Hesse,Fritz-Kola,0.46,6750,3105.0
Netto,1185732,2022-11-16,November,Southeast,Bavaria,Club-Mate,0.41,5000,2050.0
Aldi,1185732,2022-11-16,November,Southeast,Brandenburg,Gerolsteiner,0.41,4450,1824.5
Netto,1185732,2022-11-16,November,Southeast,Hamburg,Bionade,0.41,4750,1947.4999999999998
Penny,1185732,2022-11-16,November,Southeast,North Rhine-Westphalia,Vita Cola,0.55,4500,2475.0
Edeka,1185732,2022-11-16,November,Southeast,Hesse,Mezzo Mix,0.6,6250,3750.0
Lidl,1185732,2022-12-15,December,Southeast,Mecklenburg-Vorpommern,Vita Cola,0.55,8500,4675.0
Lidl,1185732,2022-12-15,December,Southeast,Berlin,Club-Mate,0.46,6500,2990.0
Edeka,1185732,2022-12-15,December,Southeast,Hesse,Club-Mate,0.46,6000,2760.0
Lidl,1185732,2022-12-15,December,Southeast,North Rhine-Westphalia,Club-Mate,0.46,5500,2530.0
Lidl,1185732,2022-12-15,December,Southeast,Mecklenburg-Vorpommern,Bionade,0.55,5500,3025.0000000000005
Netto,1185732,2022-12-15,December,Southeast,Berlin,Fritz-Kola,0.6,6500,3900.0
Metro,1185732,2022-01-18,January,Midwest,Baden-Württemberg,Club-Mate,0.28,6250,1750.0000000000002
Penny,1185732,2022-01-18,January,Midwest,Saxony,Gerolsteiner,0.28,4250,1190.0
Edeka,1185732,2022-01-18,January,Midwest,Thuringia,Vita Cola,0.18,4250,765.0
Penny,1185732,2022-01-18,January,Midwest,Saxony-Anhalt,Bionade,0.23,2750,632.5
Lidl,1185732,2022-01-18,January,Midwest,Brandenburg,Vita Cola,0.37,3250,1202.5
Metro,1185732,2022-01-18,January,Midwest,Hamburg,Bionade,0.28,4250,1190.0
Kaufland,1185732,2022-02-18,February,Midwest,Schleswig-Holstein,Mezzo Mix,0.28,6750,1890.0000000000002
Penny,1185732,2022-02-18,February,Midwest,Schleswig-Holstein,Fritz-Kola,0.28,3250,910.0000000000001
Netto,1185732,2022-02-18,February,Midwest,Saxony,Bionade,0.18,3750,675.0
Metro,1185732,2022-02-18,February,Midwest,Berlin,Bionade,0.23,2500,575.0
Netto,1185732,2022-02-18,February,Midwest,Hesse,Gerolsteiner,0.37,3250,1202.5
Penny,1185732,2022-02-18,February,Midwest,North Rhine-Westphalia,Fritz-Kola,0.28,4000,1120.0
Rewe,1185732,2022-03-17,March,Midwest,Schleswig-Holstein,Club-Mate,0.32,6200,1984.0
Lidl,1185732,2022-03-17,March,Midwest,Bavaria,Gerolsteiner,0.32,3000,960.0
Netto,1185732,2022-03-17,March,Midwest,Hesse,Bionade,0.23,3500,805.0
Edeka,1185732,2022-03-17,March,Midwest,Baden-Württemberg,Gerolsteiner,0.28,2000,560.0
Rewe,1185732,2022-03-17,March,Midwest,Mecklenburg-Vorpommern,Fritz-Kola,0.41,2500,1025.0
Metro,1185732,2022-03-17,March,Midwest,Saxony,Mezzo Mix,0.32,3500,1120.0
Penny,1185732,2022-04-18,April,Midwest,North Rhine-Westphalia,Fritz-Kola,0.32,5750,1840.0
Aldi,1185732,2022-04-18,April,Midwest,Berlin,Club-Mate,0.28,2750,770.0000000000001
Penny,1185732,2022-04-18,April,Midwest,Bavaria,Gerolsteiner,0.18,2750,495.0
Aldi,1185732,2022-04-18,April,Midwest,Hesse,Mezzo Mix,0.23,2000,460.0
Kaufland,1185732,2022-04-18,April,Midwest,Berlin,Gerolsteiner,0.37,2250,832.5
Aldi,1185732,2022-04-18,April,Midwest,Berlin,Club-Mate,0.28,3500,980.0000000000001
Penny,1185732,2022-05-19,May,Midwest,Schleswig-Holstein,Gerolsteiner,0.37,6200,2294.0
Netto,1185732,2022-05-19,May,Midwest,North Rhine-Westphalia,Club-Mate,0.32,3250,1040.0
Metro,1185732,2022-05-19,May,Midwest,Mecklenburg-Vorpommern,Club-Mate,0.28,3000,840.0000000000001
Penny,1185732,2022-05-19,May,Midwest,Baden-Württemberg,Gerolsteiner,0.28,2250,630.0000000000001
Rewe,1185732,2022-05-19,May,Midwest,Mecklenburg-Vorpommern,Fritz-Kola,0.41,2500,1025.0
Aldi,1185732,2022-05-19,May,Midwest,Berlin,Fritz-Kola,0.46,3500,1610.0
Netto,1185732,2022-06-18,June,Midwest,Saxony,Gerolsteiner,0.32,6000,1920.0
Kaufland,1185732,2022-06-18,June,Midwest,Saxony,Club-Mate,0.28,3500,980.0000000000001
Rewe,1185732,2022-06-18,June,Midwest,North Rhine-Westphalia,Gerolsteiner,0.23,3750,862.5
Lidl,1185732,2022-06-18,June,Midwest,Baden-Württemberg,Bionade,0.23,3500,805.0
Metro,1185732,2022-06-18,June,Midwest,Hamburg,Vita Cola,0.37,3500,1295.0
Rewe,1185732,2022-06-18,June,Midwest,Bavaria,Mezzo Mix,0.41,5250,2152.5
Kaufland,1185732,2022-07-17,July,Midwest,Hamburg,Club-Mate,0.37,7500,2775.0
Netto,1185732,2022-07-17,July,Midwest,Saxony-Anhalt,Club-Mate,0.32,5000,1600.0
Penny,1185732,2022-07-17,July,Midwest,Saxony-Anhalt,Gerolsteiner,0.28,4250,1190.0
Edeka,1185732,2022-07-17,July,Midwest,Hamburg,Club-Mate,0.28,3750,1050.0
Lidl,1185732,2022-07-17,July,Midwest,Berlin,Fritz-Kola,0.37,3750,1387.5
Kaufland,1185732,2022-07-17,July,Midwest,Hesse,Vita Cola,0.41,5500,2255.0
Aldi,1185732,2022-08-18,August,Midwest,Brandenburg,Fritz-Kola,0.37,7000,2590.0
Netto,1185732,2022-08-18,August,Midwest,Baden-Württemberg,Vita Cola,0.37,4750,1757.5
Kaufland,1185732,2022-08-18,August,Midwest,Schleswig-Holstein,Bionade,0.32,4000,1280.0
Metro,1185732,2022-08-18,August,Midwest,Thuringia,Gerolsteiner,0.23,3250,747.5
Metro,1185732,2022-08-18,August,Midwest,Saxony,Fritz-Kola,0.32,3000,960.0
Rewe,1185732,2022-08-18,August,Midwest,Bavaria,Gerolsteiner,0.37,4750,1757.5
Aldi,1185732,2022-09-19,September,Midwest,Saxony,Gerolsteiner,0.32,6000,1920.0
Kaufland,1185732,2022-09-19,September,Midwest,Thuringia,Vita Cola,0.28,4000,1120.0
Netto,1185732,2022-09-19,September,Midwest,Brandenburg,Fritz-Kola,0.14,3000,420.00000000000006
Metro,1185732,2022-09-19,September,Midwest,Bavaria,Bionade,0.14,2750,385.00000000000006
Aldi,1185732,2022-09-19,September,Midwest,North Rhine-Westphalia,Club-Mate,0.23,2750,632.5
Lidl,1185732,2022-09-19,September,Midwest,Bavaria,Club-Mate,0.28,3500,980.0000000000001
Penny,1185732,2022-10-18,October,Midwest,Bavaria,Club-Mate,0.32,5250,1680.0
Rewe,1185732,2022-10-18,October,Midwest,Saxony,Vita Cola,0.23,3500,805.0
Netto,1185732,2022-10-18,October,Midwest,Saxony-Anhalt,Gerolsteiner,0.23,2500,575.0
Edeka,1185732,2022-10-18,October,Midwest,Brandenburg,Mezzo Mix,0.23,2250,517.5
Edeka,1185732,2022-10-18,October,Midwest,North Rhine-Westphalia,Fritz-Kola,0.32,2250,720.0
Kaufland,1185732,2022-10-18,October,Midwest,Hesse,Mezzo Mix,0.37,3500,1295.0
Edeka,1185732,2022-11-18,November,Midwest,Saxony-Anhalt,Mezzo Mix,0.32,5000,1600.0
Edeka,1185732,2022-11-18,November,Midwest,Thuringia,Gerolsteiner,0.23,3500,805.0
Lidl,1185732,2022-11-18,November,Midwest,Berlin,Fritz-Kola,0.23,2950,678.5
Netto,1185732,2022-11-18,November,Midwest,Baden-Württemberg,Vita Cola,0.23,3250,747.5
Lidl,1185732,2022-11-18,November,Midwest,Bavaria,Club-Mate,0.41,3000,1230.0
Rewe,1185732,2022-11-18,November,Midwest,Berlin,Gerolsteiner,0.46,4000,1840.0
Lidl,1185732,2022-12-17,December,Midwest,Mecklenburg-Vorpommern,Vita Cola,0.41,6500,2665.0
Aldi,1185732,2022-12-17,December,Midwest,Bavaria,Bionade,0.32,4500,1440.0
Edeka,1185732,2022-12-17,December,Midwest,Schleswig-Holstein,Fritz-Kola,0.32,4000,1280.0
Edeka,1185732,2022-12-17,December,Midwest,North Rhine-Westphalia,Club-Mate,0.32,3500,1120.0
Aldi,1185732,2022-12-17,December,Midwest,Thuringia,Bionade,0.41,3500,1435.0
Netto,1185732,2022-12-17,December,Midwest,Mecklenburg-Vorpommern,Bionade,0.46,4500,2070.0
Kaufland,1185732,2022-01-11,January,Midwest,Bavaria,Club-Mate,0.23,6750,1552.5
Kaufland,1185732,2022-01-11,January,Midwest,Hamburg,Bionade,0.23,4750,1092.5
Metro,1185732,2022-01-11,January,Midwest,Baden-Württemberg,Bionade,0.14,4750,665.0000000000001
Netto,1185732,2022-01-11,January,Midwest,North Rhine-Westphalia,Gerolsteiner,0.18,3250,585.0
Edeka,1185732,2022-01-11,January,Midwest,North Rhine-Westphalia,Club-Mate,0.32,3750,1200.0
Kaufland,1185732,2022-01-11,January,Midwest,Saxony,Fritz-Kola,0.23,4750,1092.5
Aldi,1185732,2022-02-11,February,Midwest,Mecklenburg-Vorpommern,Vita Cola,0.23,7250,1667.5
Aldi,1185732,2022-02-11,February,Midwest,Bavaria,Bionade,0.23,3750,862.5
Lidl,1185732,2022-02-11,February,Midwest,Hamburg,Vita Cola,0.14,4250,595.0
Rewe,1185732,2022-02-11,February,Midwest,Baden-Württemberg,Vita Cola,0.18,3000,540.0
Aldi,1185732,2022-02-11,February,Midwest,Saxony-Anhalt,Bionade,0.32,3750,1200.0
Aldi,1185732,2022-02-11,February,Midwest,Brandenburg,Bionade,0.23,4500,1035.0
Rewe,1185732,2022-03-10,March,Midwest,Hamburg,Fritz-Kola,0.28,6700,1876.0000000000002
Metro,1185732,2022-03-10,March,Midwest,Schleswig-Holstein,Mezzo Mix,0.28,3500,980.0000000000001
Netto,1185732,2022-03-10,March,Midwest,North Rhine-Westphalia,Gerolsteiner,0.18,4000,720.0
Edeka,1185732,2022-03-10,March,Midwest,Schleswig-Holstein,Bionade,0.23,2500,575.0
Edeka,1185732,2022-03-10,March,Midwest,Hamburg,Club-Mate,0.37,3000,1110.0
Edeka,1185732,2022-03-10,March,Midwest,Berlin,Gerolsteiner,0.28,4000,1120.0
Netto,1185732,2022-04-11,April,Midwest,Hesse,Bionade,0.28,6250,1750.0000000000002
Metro,1185732,2022-04-11,April,Midwest,Bavaria,Mezzo Mix,0.23,3250,747.5
Lidl,1185732,2022-04-11,April,Midwest,Brandenburg,Mezzo Mix,0.14,3250,455.00000000000006
Penny,1185732,2022-04-11,April,Midwest,North Rhine-Westphalia,Vita Cola,0.18,2500,450.0
Aldi,1185732,2022-04-11,April,Midwest,Mecklenburg-Vorpommern,Gerolsteiner,0.32,2750,880.0
Rewe,1185732,2022-04-11,April,Midwest,Berlin,Bionade,0.23,4000,920.0
Rewe,1185732,2022-05-12,May,Midwest,Hamburg,Vita Cola,0.32,6700,2144.0
Lidl,1185732,2022-05-12,May,Midwest,North Rhine-Westphalia,Club-Mate,0.28,3750,1050.0
Rewe,1185732,2022-05-12,May,Midwest,Saxony-Anhalt,Bionade,0.23,3500,805.0
Lidl,1185732,2022-05-12,May,Midwest,Berlin,Gerolsteiner,0.23,2750,632.5
Penny,1185732,2022-05-12,May,Midwest,Hamburg,Vita Cola,0.37,3000,1110.0
Netto,1185732,2022-05-12,May,Midwest,Thuringia,Bionade,0.41,4000,1640.0
Metro,1185732,2022-06-11,June,Midwest,Hamburg,Vita Cola,0.28,6500,1820.0000000000002
Kaufland,1185732,2022-06-11,June,Midwest,North Rhine-Westphalia,Gerolsteiner,0.23,4000,920.0
Netto,1185732,2022-06-11,June,Midwest,North Rhine-Westphalia,Club-Mate,0.18,4250,765.0
Netto,1185732,2022-06-11,June,Midwest,Brandenburg,Fritz-Kola,0.18,4000,720.0
Metro,1185732,2022-06-11,June,Midwest,Saxony,Fritz-Kola,0.32,4000,1280.0
Netto,1185732,2022-06-11,June,Midwest,Berlin,Mezzo Mix,0.37,5750,2127.5
Netto,1185732,2022-07-10,July,Midwest,Berlin,Gerolsteiner,0.32,8000,2560.0
Aldi,1185732,2022-07-10,July,Midwest,Schleswig-Holstein,Gerolsteiner,0.28,5500,1540.0000000000002
Edeka,1185732,2022-07-10,July,Midwest,Baden-Württemberg,Bionade,0.23,4750,1092.5
Netto,1185732,2022-07-10,July,Midwest,Hesse,Mezzo Mix,0.23,4250,977.5
Rewe,1185732,2022-07-10,July,Midwest,Hamburg,Vita Cola,0.32,4250,1360.0
Netto,1185732,2022-07-10,July,Midwest,Schleswig-Holstein,Gerolsteiner,0.37,6000,2220.0
Kaufland,1185732,2022-08-11,August,Midwest,Saxony-Anhalt,Vita Cola,0.32,7500,2400.0
Kaufland,1185732,2022-08-11,August,Midwest,Thuringia,Gerolsteiner,0.32,5250,1680.0
Aldi,1185732,2022-08-11,August,Midwest,Hesse,Bionade,0.28,4500,1260.0000000000002
Aldi,1185732,2022-08-11,August,Midwest,Saxony-Anhalt,Bionade,0.18,3750,675.0
Aldi,1185732,2022-08-11,August,Midwest,Hesse,Bionade,0.28,3500,980.0000000000001
Kaufland,1185732,2022-08-11,August,Midwest,Bavaria,Mezzo Mix,0.32,5250,1680.0
Kaufland,1185732,2022-09-12,September,Midwest,North Rhine-Westphalia,Gerolsteiner,0.28,6500,1820.0000000000002
Edeka,1185732,2022-09-12,September,Midwest,North Rhine-Westphalia,Vita Cola,0.23,4500,1035.0
Rewe,1185732,2022-09-12,September,Midwest,Schleswig-Holstein,Bionade,0.09,3500,315.0
Penny,1185732,2022-09-12,September,Midwest,Hamburg,Club-Mate,0.09,3250,292.5
Penny,1185732,2022-09-12,September,Midwest,Baden-Württemberg,Gerolsteiner,0.18,3250,585.0
Aldi,1185732,2022-09-12,September,Midwest,Hamburg,Fritz-Kola,0.23,4000,920.0
Penny,1185732,2022-10-11,October,Midwest,Mecklenburg-Vorpommern,Fritz-Kola,0.28,5750,1610.0000000000002
Rewe,1185732,2022-10-11,October,Midwest,Baden-Württemberg,Vita Cola,0.18,4000,720.0
Kaufland,1185732,2022-10-11,October,Midwest,Berlin,Mezzo Mix,0.18,3000,540.0
Netto,1185732,2022-10-11,October,Midwest,Saxony,Gerolsteiner,0.18,2750,495.0
Aldi,1185732,2022-10-11,October,Midwest,Saxony-Anhalt,Gerolsteiner,0.28,2750,770.0000000000001
Lidl,1185732,2022-10-11,October,Midwest,Bavaria,Fritz-Kola,0.32,4000,1280.0
Kaufland,1185732,2022-11-11,November,Midwest,Schleswig-Holstein,Bionade,0.28,5500,1540.0000000000002
Netto,1185732,2022-11-11,November,Midwest,Hamburg,Mezzo Mix,0.18,4000,720.0
Edeka,1185732,2022-11-11,November,Midwest,Berlin,Fritz-Kola,0.18,3450,621.0
Kaufland,1185732,2022-11-11,November,Midwest,Berlin,Mezzo Mix,0.18,3750,675.0
Netto,1185732,2022-11-11,November,Midwest,Brandenburg,Vita Cola,0.37,3500,1295.0
Lidl,1185732,2022-11-11,November,Midwest,Baden-Württemberg,Vita Cola,0.41,4500,1845.0
Kaufland,1185732,2022-12-10,December,Midwest,Saxony,Fritz-Kola,0.37,7000,2590.0
Metro,1185732,2022-12-10,December,Midwest,Bavaria,Vita Cola,0.28,5000,1400.0000000000002
Aldi,1185732,2022-12-10,December,Midwest,Berlin,Gerolsteiner,0.28,4500,1260.0000000000002
Aldi,1185732,2022-12-10,December,Midwest,Saxony,Fritz-Kola,0.28,4000,1120.0
Rewe,1185732,2022-12-10,December,Midwest,Hamburg,Bionade,0.37,4000,1480.0
Aldi,1185732,2022-12-10,December,Midwest,Hamburg,Gerolsteiner,0.41,5000,2050.0
Lidl,1128299,2022-01-24,January,West,Thuringia,Gerolsteiner,0.28,3500,980.0000000000001
Kaufland,1128299,2022-01-24,January,West,North Rhine-Westphalia,Mezzo Mix,0.37,3500,1295.0
Rewe,1128299,2022-01-24,January,West,North Rhine-Westphalia,Gerolsteiner,0.37,3500,1295.0
Lidl,1128299,2022-01-24,January,West,Berlin,Bionade,0.37,2000,740.0
Netto,1128299,2022-01-24,January,West,Hesse,Vita Cola,0.41,1500,615.0
Metro,1128299,2022-01-24,January,West,Berlin,Bionade,0.37,4000,1480.0
Netto,1128299,2022-02-24,February,West,Saxony-Anhalt,Gerolsteiner,0.28,4500,1260.0000000000002
Aldi,1128299,2022-02-24,February,West,Hamburg,Mezzo Mix,0.37,3500,1295.0
Lidl,1128299,2022-02-24,February,West,Bavaria,Bionade,0.37,3500,1295.0
Edeka,1128299,2022-02-24,February,West,Saxony,Club-Mate,0.37,2000,740.0
Metro,1128299,2022-02-24,February,West,Bavaria,Bionade,0.41,1250,512.5
Edeka,1128299,2022-02-24,February,West,Hamburg,Vita Cola,0.37,3250,1202.5
Penny,1128299,2022-03-23,March,West,Hesse,Fritz-Kola,0.37,4750,1757.5
Metro,1128299,2022-03-23,March,West,Thuringia,Gerolsteiner,0.46,3250,1495.0
Aldi,1128299,2022-03-23,March,West,Brandenburg,Bionade,0.51,3500,1785.0
Netto,1128299,2022-03-23,March,West,Hamburg,Vita Cola,0.46,2500,1150.0
Rewe,1128299,2022-03-23,March,West,Mecklenburg-Vorpommern,Vita Cola,0.51,1000,510.0
Rewe,1128299,2022-03-23,March,West,Bavaria,Club-Mate,0.46,3000,1380.0
Edeka,1128299,2022-04-24,April,West,Bavaria,Mezzo Mix,0.51,4750,2422.5
Metro,1128299,2022-04-24,April,West,Hamburg,Club-Mate,0.55,2750,1512.5000000000002
Metro,1128299,2022-04-24,April,West,Hesse,Vita Cola,0.55,3250,1787.5000000000002
Aldi,1128299,2022-04-24,April,West,Saxony,Fritz-Kola,0.41,2250,922.5
Aldi,1128299,2022-04-24,April,West,Schleswig-Holstein,Club-Mate,0.46,1250,575.0
Rewe,1128299,2022-04-24,April,West,Saxony-Anhalt,Gerolsteiner,0.6,3000,1800.0
Kaufland,1128299,2022-05-25,May,West,Saxony-Anhalt,Fritz-Kola,0.46,5000,2300.0
Lidl,1128299,2022-05-25,May,West,North Rhine-Westphalia,Mezzo Mix,0.51,3500,1785.0
Edeka,1128299,2022-05-25,May,West,Hesse,Club-Mate,0.51,3500,1785.0
Rewe,1128299,2022-05-25,May,West,Mecklenburg-Vorpommern,Fritz-Kola,0.46,2750,1265.0
Lidl,1128299,2022-05-25,May,West,Berlin,Vita Cola,0.41,1750,717.5
Edeka,1128299,2022-05-25,May,West,Saxony,Bionade,0.55,5250,2887.5000000000005
Netto,1128299,2022-06-24,June,West,Brandenburg,Club-Mate,0.51,7750,3952.5
Metro,1128299,2022-06-24,June,West,Bavaria,Club-Mate,0.6,6500,3900.0
Metro,1128299,2022-06-24,June,West,Saxony,Fritz-Kola,0.74,6500,4810.0
Penny,1128299,2022-06-24,June,West,Schleswig-Holstein,Vita Cola,0.74,5250,3885.0
Netto,1128299,2022-06-24,June,West,Brandenburg,Gerolsteiner,0.83,4000,3320.0
Penny,1128299,2022-06-24,June,West,Baden-Württemberg,Gerolsteiner,0.97,7000,6790.0
Metro,1128299,2022-07-23,July,West,North Rhine-Westphalia,Fritz-Kola,0.78,8500,6630.0
Netto,1128299,2022-07-23,July,West,Schleswig-Holstein,Bionade,0.83,7000,5810.0
Penny,1128299,2022-07-23,July,West,Schleswig-Holstein,Fritz-Kola,0.83,6500,5395.0
Netto,1128299,2022-07-23,July,West,Saxony,Gerolsteiner,0.78,5500,4290.0
Aldi,1128299,2022-07-23,July,West,North Rhine-Westphalia,Fritz-Kola,0.83,6000,4980.0
Penny,1128299,2022-07-23,July,West,Berlin,Vita Cola,0.97,6000,5820.0
Netto,1128299,2022-08-24,August,West,Mecklenburg-Vorpommern,Vita Cola,0.83,8000,6640.0
Netto,1128299,2022-08-24,August,West,Baden-Württemberg,Fritz-Kola,0.74,7750,5735.0
Kaufland,1128299,2022-08-24,August,West,Berlin,Gerolsteiner,0.64,6500,4160.0
Penny,1128299,2022-08-24,August,West,Thuringia,Gerolsteiner,0.64,4250,2720.0
Aldi,1128299,2022-08-24,August,West,Thuringia,Vita Cola,0.64,4250,2720.0
Penny,1128299,2022-08-24,August,West,Berlin,Gerolsteiner,0.69,2500,1724.9999999999998
Aldi,1128299,2022-09-25,September,West,Saxony,Mezzo Mix,0.46,4500,2070.0
Kaufland,1128299,2022-09-25,September,West,Schleswig-Holstein,Club-Mate,0.51,4500,2295.0
Aldi,1128299,2022-09-25,September,West,Schleswig-Holstein,Fritz-Kola,0.46,2500,1150.0
Lidl,1128299,2022-09-25,September,West,Baden-Württemberg,Vita Cola,0.46,2000,920.0
Edeka,1128299,2022-09-25,September,West,Saxony,Vita Cola,0.55,2250,1237.5
Aldi,1128299,2022-09-25,September,West,Baden-Württemberg,Club-Mate,0.41,2500,1025.0
Metro,1128299,2022-10-24,October,West,Berlin,Fritz-Kola,0.37,3500,1295.0
Kaufland,1128299,2022-10-24,October,West,Brandenburg,Bionade,0.51,5250,2677.5
Netto,1128299,2022-10-24,October,West,North Rhine-Westphalia,Fritz-Kola,0.46,3500,1610.0
Kaufland,1128299,2022-10-24,October,West,Berlin,Mezzo Mix,0.41,3250,1332.5
Edeka,1128299,2022-10-24,October,West,Brandenburg,Bionade,0.51,3000,1530.0
Rewe,1128299,2022-10-24,October,West,Hesse,Mezzo Mix,0.55,3500,1925.0000000000002
Metro,1128299,2022-11-24,November,West,Saxony,Club-Mate,0.41,5750,2357.5
Metro,1128299,2022-11-24,November,West,Bavaria,Vita Cola,0.46,6500,2990.0
Metro,1128299,2022-11-24,November,West,Baden-Württemberg,Club-Mate,0.41,4750,1947.4999999999998
Edeka,1128299,2022-11-24,November,West,Mecklenburg-Vorpommern,Bionade,0.51,4500,2295.0
Lidl,1128299,2022-11-24,November,West,Saxony-Anhalt,Vita Cola,0.69,4250,2932.5
Edeka,1128299,2022-11-24,November,West,Saxony-Anhalt,Gerolsteiner,0.74,5500,4070.0
Aldi,1128299,2022-12-23,December,West,North Rhine-Westphalia,Gerolsteiner,0.6,7500,4500.0
Edeka,1128299,2022-12-23,December,West,Baden-Württemberg,Bionade,0.69,7500,5175.0
Lidl,1128299,2022-12-23,December,West,Hesse,Mezzo Mix,0.64,5500,3520.0
Penny,1128299,2022-12-23,December,West,Thuringia,Mezzo Mix,0.64,5500,3520.0
Metro,1128299,2022-12-23,December,West,Berlin,Bionade,0.74,4750,3515.0
Edeka,1128299,2022-12-23,December,West,Berlin,Club-Mate,0.78,5750,4485.0
Penny,1128299,2022-01-17,January,West,Hamburg,Club-Mate,0.32,4000,1280.0
Lidl,1128299,2022-01-17,January,West,Saxony-Anhalt,Club-Mate,0.41,4000,1640.0
Kaufland,1128299,2022-01-17,January,West,Bavaria,Mezzo Mix,0.41,4000,1640.0
Penny,1128299,2022-01-17,January,West,Brandenburg,Gerolsteiner,0.41,2500,1025.0
Aldi,1128299,2022-01-17,January,West,North Rhine-Westphalia,Fritz-Kola,0.46,2000,920.0
Netto,1128299,2022-01-17,January,West,Baden-Württemberg,Gerolsteiner,0.41,4500,1845.0
Penny,1128299,2022-02-17,February,West,Hesse,Gerolsteiner,0.32,5000,1600.0
Penny,1128299,2022-02-17,February,West,Schleswig-Holstein,Vita Cola,0.41,4000,1640.0
Kaufland,1128299,2022-02-17,February,West,Baden-Württemberg,Vita Cola,0.41,4000,1640.0
Edeka,1128299,2022-02-17,February,West,Bavaria,Gerolsteiner,0.41,2500,1025.0
Edeka,1128299,2022-02-17,February,West,North Rhine-Westphalia,Mezzo Mix,0.46,1750,805.0
Netto,1128299,2022-02-17,February,West,Schleswig-Holstein,Club-Mate,0.41,3750,1537.5
Kaufland,1128299,2022-03-16,March,West,Mecklenburg-Vorpommern,Vita Cola,0.41,5250,2152.5
Penny,1128299,2022-03-16,March,West,Bavaria,Mezzo Mix,0.51,3750,1912.5
Edeka,1128299,2022-03-16,March,West,North Rhine-Westphalia,Gerolsteiner,0.55,4000,2200.0
Lidl,1128299,2022-03-16,March,West,Baden-Württemberg,Mezzo Mix,0.51,3000,1530.0
Metro,1128299,2022-03-16,March,West,Schleswig-Holstein,Gerolsteiner,0.55,1500,825.0000000000001
Lidl,1128299,2022-03-16,March,West,Baden-Württemberg,Fritz-Kola,0.41,3500,1435.0
Rewe,1128299,2022-04-17,April,West,Baden-Württemberg,Fritz-Kola,0.46,5250,2415.0
Metro,1128299,2022-04-17,April,West,Mecklenburg-Vorpommern,Fritz-Kola,0.51,3250,1657.5
Aldi,1128299,2022-04-17,April,West,Saxony-Anhalt,Club-Mate,0.51,3750,1912.5
Kaufland,1128299,2022-04-17,April,West,Baden-Württemberg,Club-Mate,0.37,2750,1017.5
Kaufland,1128299,2022-04-17,April,West,Baden-Württemberg,Bionade,0.41,1750,717.5
Kaufland,1128299,2022-04-17,April,West,Hesse,Mezzo Mix,0.55,3500,1925.0000000000002
Aldi,1128299,2022-05-18,May,West,Mecklenburg-Vorpommern,Mezzo Mix,0.41,5500,2255.0
Kaufland,1128299,2022-05-18,May,West,Hesse,Vita Cola,0.46,4000,1840.0
Aldi,1128299,2022-05-18,May,West,Hesse,Fritz-Kola,0.46,4000,1840.0
Edeka,1128299,2022-05-18,May,West,Saxony,Fritz-Kola,0.41,3250,1332.5
Penny,1128299,2022-05-18,May,West,Saxony,Gerolsteiner,0.37,2250,832.5
Penny,1128299,2022-05-18,May,West,Baden-Württemberg,Vita Cola,0.6,5750,3450.0
Penny,1128299,2022-06-17,June,West,Saxony,Vita Cola,0.55,8250,4537.5
Edeka,1128299,2022-06-17,June,West,Saxony-Anhalt,Vita Cola,0.64,7000,4480.0
Lidl,1128299,2022-06-17,June,West,North Rhine-Westphalia,Mezzo Mix,0.78,7000,5460.0
Metro,1128299,2022-06-17,June,West,Saxony-Anhalt,Fritz-Kola,0.78,5750,4485.0
Netto,1128299,2022-06-17,June,West,Saxony,Gerolsteiner,0.87,4500,3915.0
Rewe,1128299,2022-06-17,June,West,Schleswig-Holstein,Bionade,1.01,7500,7575.0
Kaufland,1128299,2022-07-16,July,West,Schleswig-Holstein,Club-Mate,0.83,9000,7470.0
Edeka,1128299,2022-07-16,July,West,Berlin,Fritz-Kola,0.87,7500,6525.0
Netto,1128299,2022-07-16,July,West,Saxony-Anhalt,Mezzo Mix,0.87,7000,6090.0
Lidl,1128299,2022-07-16,July,West,Thuringia,Mezzo Mix,0.83,6000,4980.0
Metro,1128299,2022-07-16,July,West,Hamburg,Club-Mate,0.87,6500,5655.0
Edeka,1128299,2022-07-16,July,West,Berlin,Club-Mate,1.01,6500,6565.0
Edeka,1128299,2022-08-17,August,West,Baden-Württemberg,Bionade,0.87,8500,7395.0
Lidl,1128299,2022-08-17,August,West,Thuringia,Gerolsteiner,0.78,8250,6435.0
Metro,1128299,2022-08-17,August,West,Hesse,Mezzo Mix,0.69,7000,4830.0
Lidl,1128299,2022-08-17,August,West,Thuringia,Vita Cola,0.69,4750,3277.4999999999995
Edeka,1128299,2022-08-17,August,West,Thuringia,Mezzo Mix,0.6,4750,2850.0
Kaufland,1128299,2022-08-17,August,West,Bavaria,Mezzo Mix,0.64,3000,1920.0
Metro,1128299,2022-09-18,September,West,Schleswig-Holstein,Fritz-Kola,0.41,5000,2050.0
Kaufland,1128299,2022-09-18,September,West,Saxony,Fritz-Kola,0.46,5000,2300.0
Penny,1128299,2022-09-18,September,West,Saxony,Mezzo Mix,0.41,3000,1230.0
Kaufland,1128299,2022-09-18,September,West,Hesse,Mezzo Mix,0.41,2500,1025.0
Lidl,1128299,2022-09-18,September,West,Saxony-Anhalt,Mezzo Mix,0.51,2750,1402.5
Penny,1128299,2022-09-18,September,West,Brandenburg,Fritz-Kola,0.37,3000,1110.0
Metro,1128299,2022-10-17,October,West,Hesse,Vita Cola,0.32,4000,1280.0
Rewe,1128299,2022-10-17,October,West,Thuringia,Mezzo Mix,0.46,5750,2645.0
Edeka,1128299,2022-10-17,October,West,North Rhine-Westphalia,Gerolsteiner,0.41,4000,1640.0
Kaufland,1128299,2022-10-17,October,West,Schleswig-Holstein,Fritz-Kola,0.37,3750,1387.5
Penny,1128299,2022-10-17,October,West,Bavaria,Fritz-Kola,0.46,3500,1610.0
Edeka,1128299,2022-10-17,October,West,Saxony-Anhalt,Bionade,0.51,4000,2040.0
Aldi,1128299,2022-11-17,November,West,Saxony-Anhalt,Gerolsteiner,0.37,6250,2312.5
Lidl,1128299,2022-11-17,November,West,Mecklenburg-Vorpommern,Mezzo Mix,0.41,7000,2870.0
Penny,1128299,2022-11-17,November,West,North Rhine-Westphalia,Club-Mate,0.37,5250,1942.5
Netto,1128299,2022-11-17,November,West,Saxony-Anhalt,Bionade,0.46,5000,2300.0
Rewe,1128299,2022-11-17,November,West,Thuringia,Mezzo Mix,0.64,4750,3040.0
Aldi,1128299,2022-11-17,November,West,Saxony,Mezzo Mix,0.78,6000,4680.0
Lidl,1128299,2022-12-16,December,West,North Rhine-Westphalia,Gerolsteiner,0.64,8000,5120.0
Edeka,1128299,2022-12-16,December,West,Berlin,Bionade,0.74,8000,5920.0
Rewe,1128299,2022-12-16,December,West,Thuringia,Club-Mate,0.69,6000,4140.0
Rewe,1128299,2022-12-16,December,West,Saxony,Fritz-Kola,0.69,6000,4140.0
Aldi,1128299,2022-12-16,December,West,North Rhine-Westphalia,Vita Cola,0.78,5250,4095.0
Edeka,1128299,2022-12-16,December,West,Schleswig-Holstein,Club-Mate,0.83,6250,5187.5
Penny,1197831,2022-01-05,January,South,Hesse,Gerolsteiner,0.18,6750,1215.0
Edeka,1197831,2022-01-05,January,South,Bavaria,Bionade,0.28,6750,1890.0000000000002
Penny,1197831,2022-01-05,January,South,Schleswig-Holstein,Club-Mate,0.28,4750,1330.0000000000002
Rewe,1197831,2022-01-05,January,South,Saxony-Anhalt,Gerolsteiner,0.32,4750,1520.0
Netto,1197831,2022-01-05,January,South,Berlin,Fritz-Kola,0.37,3250,1202.5
Kaufland,1197831,2022-01-05,January,South,Schleswig-Holstein,Bionade,0.32,4750,1520.0
Lidl,1197831,2022-02-04,February,South,Mecklenburg-Vorpommern,Vita Cola,0.23,6250,1437.5
Lidl,1197831,2022-02-04,February,South,Saxony,Mezzo Mix,0.32,6000,1920.0
Kaufland,1197831,2022-02-04,February,South,Thuringia,Gerolsteiner,0.32,4250,1360.0
Kaufland,1197831,2022-02-04,February,South,Schleswig-Holstein,Gerolsteiner,0.32,3750,1200.0
Metro,1197831,2022-02-04,February,South,Mecklenburg-Vorpommern,Gerolsteiner,0.37,2500,925.0
Kaufland,1197831,2022-02-04,February,South,Hamburg,Vita Cola,0.32,4500,1440.0
Metro,1197831,2022-03-06,March,South,Hesse,Bionade,0.28,6250,1750.0000000000002
Netto,1197831,2022-03-06,March,South,North Rhine-Westphalia,Mezzo Mix,0.37,6250,2312.5
Penny,1197831,2022-03-06,March,South,Baden-Württemberg,Mezzo Mix,0.28,4500,1260.0000000000002
Aldi,1197831,2022-03-06,March,South,Baden-Württemberg,Fritz-Kola,0.32,3500,1120.0
Metro,1197831,2022-03-06,March,South,Hesse,Fritz-Kola,0.37,2500,925.0
Netto,1197831,2022-03-06,March,South,North Rhine-Westphalia,Fritz-Kola,0.32,4000,1280.0
Penny,1197831,2022-04-05,April,South,Bavaria,Gerolsteiner,0.18,6500,1170.0
Edeka,1197831,2022-04-05,April,South,Saxony,Fritz-Kola,0.28,6500,1820.0000000000002
Netto,1197831,2022-04-05,April,South,Mecklenburg-Vorpommern,Fritz-Kola,0.23,4750,1092.5
Rewe,1197831,2022-04-05,April,South,Thuringia,Vita Cola,0.28,3750,1050.0
Netto,1197831,2022-04-05,April,South,Thuringia,Mezzo Mix,0.32,2750,880.0
Metro,1197831,2022-04-05,April,South,Bavaria,Bionade,0.28,5500,1540.0000000000002
Aldi,1197831,2022-05-05,May,South,Mecklenburg-Vorpommern,Fritz-Kola,0.18,7000,1260.0
Metro,1197831,2022-05-05,May,South,Brandenburg,Bionade,0.28,7250,2030.0000000000002
Kaufland,1197831,2022-05-05,May,South,North Rhine-Westphalia,Gerolsteiner,0.23,5750,1322.5
Metro,1197831,2022-05-05,May,South,North Rhine-Westphalia,Mezzo Mix,0.32,5000,1600.0
Kaufland,1197831,2022-05-05,May,South,Baden-Württemberg,Club-Mate,0.46,4000,1840.0
Netto,1197831,2022-05-05,May,South,Saxony,Gerolsteiner,0.41,7500,3075.0
Aldi,1197831,2022-06-04,June,South,Saxony,Mezzo Mix,0.41,7500,3075.0
Lidl,1197831,2022-06-04,June,South,Thuringia,Club-Mate,0.46,7500,3450.0
Aldi,1197831,2022-06-04,June,South,Thuringia,Fritz-Kola,0.46,6000,2760.0
Netto,1197831,2022-06-04,June,South,Berlin,Vita Cola,0.46,5500,2530.0
Rewe,1197831,2022-06-04,June,South,Saxony-Anhalt,Fritz-Kola,0.51,4500,2295.0
Netto,1197831,2022-06-04,June,South,North Rhine-Westphalia,Vita Cola,0.55,8250,4537.5
Lidl,1197831,2022-07-06,July,South,Mecklenburg-Vorpommern,Bionade,0.46,7750,3565.0
Aldi,1197831,2022-07-06,July,South,Brandenburg,Club-Mate,0.51,7750,3952.5
Edeka,1197831,2022-07-06,July,South,Mecklenburg-Vorpommern,Bionade,0.46,9250,4255.0
Edeka,1197831,2022-07-06,July,South,Hamburg,Gerolsteiner,0.46,5250,2415.0
Lidl,1197831,2022-07-06,July,South,Saxony,Gerolsteiner,0.51,5250,2677.5
Netto,1197831,2022-07-06,July,South,Thuringia,Bionade,0.6,8000,4800.0
Kaufland,1197831,2022-08-08,August,South,Saxony,Vita Cola,0.46,7500,3450.0
Aldi,1197831,2022-08-08,August,South,Baden-Württemberg,Mezzo Mix,0.51,7500,3825.0
Kaufland,1197831,2022-08-08,August,South,Bavaria,Fritz-Kola,0.46,9250,4255.0
Penny,1197831,2022-08-08,August,South,Brandenburg,Mezzo Mix,0.46,4750,2185.0
Lidl,1197831,2022-08-08,August,South,Mecklenburg-Vorpommern,Vita Cola,0.51,4750,2422.5
Metro,1197831,2022-08-08,August,South,Saxony,Fritz-Kola,0.55,7250,3987.5000000000005
Aldi,1197831,2022-09-05,September,South,Berlin,Club-Mate,0.51,6750,3442.5
Edeka,1197831,2022-09-05,September,South,Schleswig-Holstein,Bionade,0.51,6250,3187.5
Kaufland,1197831,2022-09-05,September,South,Hamburg,Vita Cola,0.55,6750,3712.5000000000005
Rewe,1197831,2022-09-05,September,South,Schleswig-Holstein,Club-Mate,0.55,4000,2200.0
Edeka,1197831,2022-09-05,September,South,Hesse,Gerolsteiner,0.51,4000,2040.0
Rewe,1197831,2022-09-05,September,South,Brandenburg,Fritz-Kola,0.46,6250,2875.0
Metro,1197831,2022-10-04,October,South,Hamburg,Vita Cola,0.37,5750,2127.5
Aldi,1197831,2022-10-04,October,South,Berlin,Vita Cola,0.37,5750,2127.5
Edeka,1197831,2022-10-04,October,South,Bavaria,Bionade,0.41,5250,2152.5
Edeka,1197831,2022-10-04,October,South,Saxony-Anhalt,Vita Cola,0.41,3750,1537.5
Aldi,1197831,2022-10-04,October,South,Saxony,Mezzo Mix,0.32,3500,1120.0
Metro,1197831,2022-10-04,October,South,Mecklenburg-Vorpommern,Vita Cola,0.41,5250,2152.5
Kaufland,1197831,2022-11-05,November,South,Hesse,Bionade,0.32,6750,2160.0
Penny,1197831,2022-11-05,November,South,Thuringia,Mezzo Mix,0.32,6750,2160.0
Aldi,1197831,2022-11-05,November,South,Schleswig-Holstein,Fritz-Kola,0.55,6000,3300.0000000000005
Penny,1197831,2022-11-05,November,South,Hesse,Fritz-Kola,0.55,4500,2475.0
Penny,1197831,2022-11-05,November,South,North Rhine-Westphalia,Bionade,0.51,4250,2167.5
Edeka,1197831,2022-11-05,November,South,North Rhine-Westphalia,Club-Mate,0.6,6250,3750.0
Lidl,1197831,2022-12-04,December,South,Brandenburg,Gerolsteiner,0.51,7750,3952.5
Aldi,1197831,2022-12-04,December,South,Saxony-Anhalt,Mezzo Mix,0.51,7750,3952.5
Penny,1197831,2022-12-04,December,South,Saxony,Bionade,0.55,6750,3712.5000000000005
Rewe,1197831,2022-12-04,December,South,Hesse,Vita Cola,0.55,5250,2887.5000000000005
Penny,1197831,2022-12-04,December,South,Hamburg,Gerolsteiner,0.51,4750,2422.5
Metro,1197831,2022-12-04,December,South,Mecklenburg-Vorpommern,Bionade,0.6,7250,4350.0
Netto,1128299,2022-01-23,January,West,Brandenburg,Fritz-Kola,0.28,4250,1190.0
Netto,1128299,2022-01-23,January,West,North Rhine-Westphalia,Fritz-Kola,0.37,4250,1572.5
Rewe,1128299,2022-01-23,January,West,Bavaria,Mezzo Mix,0.37,4250,1572.5
Netto,1128299,2022-01-23,January,West,Thuringia,Bionade,0.37,2750,1017.5
Penny,1128299,2022-01-23,January,West,Baden-Württemberg,Fritz-Kola,0.41,2250,922.5
Aldi,1128299,2022-01-23,January,West,North Rhine-Westphalia,Gerolsteiner,0.37,4250,1572.5
Rewe,1128299,2022-02-23,February,West,Hamburg,Gerolsteiner,0.28,4750,1330.0000000000002
Edeka,1128299,2022-02-23,February,West,Thuringia,Bionade,0.37,3750,1387.5
Kaufland,1128299,2022-02-23,February,West,Schleswig-Holstein,Club-Mate,0.37,3750,1387.5
Lidl,1128299,2022-02-23,February,West,Saxony,Mezzo Mix,0.37,2250,832.5
Rewe,1128299,2022-02-23,February,West,Bavaria,Gerolsteiner,0.41,1500,615.0
Metro,1128299,2022-02-23,February,West,Baden-Württemberg,Bionade,0.37,3500,1295.0
Edeka,1128299,2022-03-22,March,West,Schleswig-Holstein,Bionade,0.37,5000,1850.0
Metro,1128299,2022-03-22,March,West,Hamburg,Club-Mate,0.46,3500,1610.0
Edeka,1128299,2022-03-22,March,West,Schleswig-Holstein,Gerolsteiner,0.46,3500,1610.0
Kaufland,1128299,2022-03-22,March,West,Thuringia,Fritz-Kola,0.46,2250,1035.0
Aldi,1128299,2022-03-22,March,West,Berlin,Fritz-Kola,0.51,1250,637.5
Kaufland,1128299,2022-03-22,March,West,Baden-Württemberg,Bionade,0.46,3250,1495.0
Rewe,1128299,2022-04-23,April,West,Hesse,Bionade,0.46,5000,2300.0
Penny,1128299,2022-04-23,April,West,Brandenburg,Mezzo Mix,0.51,3000,1530.0
Netto,1128299,2022-04-23,April,West,Mecklenburg-Vorpommern,Bionade,0.51,3500,1785.0
Kaufland,1128299,2022-04-23,April,West,Schleswig-Holstein,Gerolsteiner,0.46,2500,1150.0
Metro,1128299,2022-04-23,April,West,Mecklenburg-Vorpommern,Mezzo Mix,0.51,1500,765.0
Rewe,1128299,2022-04-23,April,West,Thuringia,Vita Cola,0.64,3250,2080.0
Edeka,1128299,2022-05-24,May,West,Mecklenburg-Vorpommern,Mezzo Mix,0.46,5250,2415.0
Aldi,1128299,2022-05-24,May,West,Mecklenburg-Vorpommern,Vita Cola,0.51,3750,1912.5
Kaufland,1128299,2022-05-24,May,West,Hesse,Vita Cola,0.51,4000,2040.0
Metro,1128299,2022-05-24,May,West,Baden-Württemberg,Gerolsteiner,0.46,3000,1380.0
Aldi,1128299,2022-05-24,May,West,Mecklenburg-Vorpommern,Mezzo Mix,0.51,2000,1020.0
Rewe,1128299,2022-05-24,May,West,Baden-Württemberg,Fritz-Kola,0.64,3750,2400.0
Kaufland,1128299,2022-06-23,June,West,North Rhine-Westphalia,Bionade,0.46,6250,2875.0
Aldi,1128299,2022-06-23,June,West,Bavaria,Gerolsteiner,0.51,4750,2422.5
Lidl,1128299,2022-06-23,June,West,Berlin,Vita Cola,0.51,4750,2422.5
Netto,1128299,2022-06-23,June,West,Thuringia,Bionade,0.46,3500,1610.0
Penny,1128299,2022-06-23,June,West,Baden-Württemberg,Vita Cola,0.51,2250,1147.5
Kaufland,1128299,2022-06-23,June,West,Schleswig-Holstein,Club-Mate,0.64,5250,3360.0
Metro,1128299,2022-07-22,July,West,Brandenburg,Fritz-Kola,0.46,6750,3105.0
Metro,1128299,2022-07-22,July,West,Baden-Württemberg,Club-Mate,0.51,5250,2677.5
Netto,1128299,2022-07-22,July,West,Saxony,Vita Cola,0.51,4750,2422.5
Kaufland,1128299,2022-07-22,July,West,Berlin,Mezzo Mix,0.46,3750,1725.0
Metro,1128299,2022-07-22,July,West,Mecklenburg-Vorpommern,Mezzo Mix,0.51,4250,2167.5
Rewe,1128299,2022-07-22,July,West,Hesse,Gerolsteiner,0.64,4250,2720.0
Edeka,1128299,2022-08-23,August,West,Schleswig-Holstein,Club-Mate,0.51,6250,3187.5
Edeka,1128299,2022-08-23,August,West,Baden-Württemberg,Mezzo Mix,0.55,5750,3162.5000000000005
Penny,1128299,2022-08-23,August,West,Saxony-Anhalt,Mezzo Mix,0.51,4500,2295.0
Metro,1128299,2022-08-23,August,West,Brandenburg,Bionade,0.51,4000,2040.0
Penny,1128299,2022-08-23,August,West,Berlin,Bionade,0.6,4000,2400.0
Aldi,1128299,2022-08-23,August,West,Baden-Württemberg,Fritz-Kola,0.64,3750,2400.0
Lidl,1128299,2022-09-24,September,West,Mecklenburg-Vorpommern,Mezzo Mix,0.41,5750,2357.5
Aldi,1128299,2022-09-24,September,West,Saxony,Vita Cola,0.46,5750,2645.0
Netto,1128299,2022-09-24,September,West,Mecklenburg-Vorpommern,Club-Mate,0.41,4250,1742.5
Kaufland,1128299,2022-09-24,September,West,Thuringia,Bionade,0.41,3750,1537.5
Penny,1128299,2022-09-24,September,West,Bavaria,Mezzo Mix,0.51,3750,1912.5
Kaufland,1128299,2022-09-24,September,West,Saxony,Mezzo Mix,0.55,4250,2337.5
Penny,1128299,2022-10-23,October,West,Hesse,Gerolsteiner,0.41,5000,2050.0
Metro,1128299,2022-10-23,October,West,Berlin,Vita Cola,0.46,5000,2300.0
Lidl,1128299,2022-10-23,October,West,North Rhine-Westphalia,Vita Cola,0.41,3250,1332.5
Netto,1128299,2022-10-23,October,West,Hesse,Mezzo Mix,0.41,3000,1230.0
Netto,1128299,2022-10-23,October,West,Hesse,Club-Mate,0.51,2750,1402.5
Rewe,1128299,2022-10-23,October,West,Saxony-Anhalt,Fritz-Kola,0.55,3250,1787.5000000000002
Penny,1128299,2022-11-23,November,West,Thuringia,Bionade,0.41,5000,2050.0
Netto,1128299,2022-11-23,November,West,Schleswig-Holstein,Fritz-Kola,0.46,5250,2415.0
Lidl,1128299,2022-11-23,November,West,Berlin,Fritz-Kola,0.41,3750,1537.5
Aldi,1128299,2022-11-23,November,West,Saxony,Club-Mate,0.41,3500,1435.0
Netto,1128299,2022-11-23,November,West,Schleswig-Holstein,Fritz-Kola,0.51,3000,1530.0
Kaufland,1128299,2022-11-23,November,West,Hesse,Mezzo Mix,0.55,4250,2337.5
Lidl,1128299,2022-12-22,December,West,Mecklenburg-Vorpommern,Fritz-Kola,0.41,6250,2562.5
Kaufland,1128299,2022-12-22,December,West,Hamburg,Club-Mate,0.46,6250,2875.0
Lidl,1128299,2022-12-22,December,West,Saxony-Anhalt,Club-Mate,0.41,4250,1742.5
Edeka,1128299,2022-12-22,December,West,Saxony-Anhalt,Vita Cola,0.41,4250,1742.5
Rewe,1128299,2022-12-22,December,West,Mecklenburg-Vorpommern,Fritz-Kola,0.51,3500,1785.0
Rewe,1128299,2022-12-22,December,West,Baden-Württemberg,Bionade,0.55,4500,2475.0
Lidl,1128299,2022-01-26,January,West,Mecklenburg-Vorpommern,Gerolsteiner,0.32,4750,1520.0
Lidl,1128299,2022-01-26,January,West,Brandenburg,Bionade,0.41,4750,1947.4999999999998
Lidl,1128299,2022-01-26,January,West,Berlin,Vita Cola,0.41,4750,1947.4999999999998
Aldi,1128299,2022-01-26,January,West,Hamburg,Mezzo Mix,0.41,3250,1332.5
Rewe,1128299,2022-01-26,January,West,Berlin,Vita Cola,0.46,2750,1265.0
Netto,1128299,2022-01-26,January,West,Mecklenburg-Vorpommern,Fritz-Kola,0.41,4750,1947.4999999999998
Rewe,1128299,2022-02-26,February,West,Berlin,Gerolsteiner,0.32,5250,1680.0
Rewe,1128299,2022-02-26,February,West,Hesse,Bionade,0.41,4250,1742.5
Kaufland,1128299,2022-02-26,February,West,Brandenburg,Fritz-Kola,0.41,4250,1742.5
Lidl,1128299,2022-02-26,February,West,North Rhine-Westphalia,Mezzo Mix,0.41,2750,1127.5
Lidl,1128299,2022-02-26,February,West,Saxony,Club-Mate,0.46,2000,920.0
Netto,1128299,2022-02-26,February,West,Berlin,Mezzo Mix,0.41,4000,1640.0
Penny,1128299,2022-03-25,March,West,Brandenburg,Vita Cola,0.41,5500,2255.0
Aldi,1128299,2022-03-25,March,West,Hesse,Vita Cola,0.51,4000,2040.0
Kaufland,1128299,2022-03-25,March,West,Thuringia,Fritz-Kola,0.51,4000,2040.0
Penny,1128299,2022-03-25,March,West,Saxony-Anhalt,Gerolsteiner,0.51,2750,1402.5
Penny,1128299,2022-03-25,March,West,Saxony-Anhalt,Mezzo Mix,0.55,1750,962.5000000000001
Edeka,1128299,2022-03-25,March,West,Schleswig-Holstein,Club-Mate,0.51,3750,1912.5
Penny,1128299,2022-04-26,April,West,North Rhine-Westphalia,Bionade,0.51,5500,2805.0
Edeka,1128299,2022-04-26,April,West,Berlin,Club-Mate,0.55,3500,1925.0000000000002
Aldi,1128299,2022-04-26,April,West,Bavaria,Gerolsteiner,0.55,4000,2200.0
Edeka,1128299,2022-04-26,April,West,Saxony,Club-Mate,0.51,3000,1530.0
Rewe,1128299,2022-04-26,April,West,Bavaria,Mezzo Mix,0.55,2000,1100.0
Aldi,1128299,2022-04-26,April,West,Berlin,Fritz-Kola,0.69,3750,2587.5
Aldi,1128299,2022-05-27,May,West,Saxony,Club-Mate,0.51,5750,2932.5
Penny,1128299,2022-05-27,May,West,Hesse,Fritz-Kola,0.55,4250,2337.5
Aldi,1128299,2022-05-27,May,West,Mecklenburg-Vorpommern,Gerolsteiner,0.55,4500,2475.0
Rewe,1128299,2022-05-27,May,West,Mecklenburg-Vorpommern,Fritz-Kola,0.51,3500,1785.0
Edeka,1128299,2022-05-27,May,West,Berlin,Gerolsteiner,0.55,2500,1375.0
Lidl,1128299,2022-05-27,May,West,Bavaria,Vita Cola,0.69,4250,2932.5
Edeka,1128299,2022-06-26,June,West,Brandenburg,Fritz-Kola,0.51,7000,3570.0
Lidl,1128299,2022-06-26,June,West,Saxony-Anhalt,Gerolsteiner,0.55,5500,3025.0000000000005
Kaufland,1128299,2022-06-26,June,West,Hamburg,Vita Cola,0.55,5500,3025.0000000000005
Netto,1128299,2022-06-26,June,West,Baden-Württemberg,Fritz-Kola,0.51,4250,2167.5
Lidl,1128299,2022-06-26,June,West,Saxony,Club-Mate,0.55,3000,1650.0000000000002
Netto,1128299,2022-06-26,June,West,Saxony-Anhalt,Bionade,0.69,6000,4140.0
Netto,1128299,2022-07-25,July,West,Hesse,Mezzo Mix,0.51,7500,3825.0
Edeka,1128299,2022-07-25,July,West,Saxony-Anhalt,Mezzo Mix,0.55,6000,3300.0000000000005
Metro,1128299,2022-07-25,July,West,Baden-Württemberg,Mezzo Mix,0.55,5500,3025.0000000000005
Penny,1128299,2022-07-25,July,West,Berlin,Club-Mate,0.51,4500,2295.0
Rewe,1128299,2022-07-25,July,West,Hesse,Club-Mate,0.55,5000,2750.0
Penny,1128299,2022-07-25,July,West,Schleswig-Holstein,Mezzo Mix,0.69,5000,3449.9999999999995
Penny,1128299,2022-08-26,August,West,Hamburg,Bionade,0.55,7000,3850.0000000000005
Edeka,1128299,2022-08-26,August,West,Brandenburg,Mezzo Mix,0.6,6500,3900.0
Metro,1128299,2022-08-26,August,West,North Rhine-Westphalia,Bionade,0.55,5250,2887.5000000000005
Aldi,1128299,2022-08-26,August,West,Bavaria,Club-Mate,0.55,4750,2612.5
Kaufland,1128299,2022-08-26,August,West,Bavaria,Vita Cola,0.64,4750,3040.0
Aldi,1128299,2022-08-26,August,West,Hesse,Club-Mate,0.69,4500,3104.9999999999995
Rewe,1128299,2022-09-27,September,West,Bavaria,Bionade,0.46,6250,2875.0
Metro,1128299,2022-09-27,September,West,Saxony-Anhalt,Bionade,0.51,6250,3187.5
Kaufland,1128299,2022-09-27,September,West,Bavaria,Club-Mate,0.46,4750,2185.0
Metro,1128299,2022-09-27,September,West,Hamburg,Gerolsteiner,0.46,4250,1955.0
Penny,1128299,2022-09-27,September,West,Schleswig-Holstein,Club-Mate,0.55,4250,2337.5
Netto,1128299,2022-09-27,September,West,Mecklenburg-Vorpommern,Club-Mate,0.6,4750,2850.0
Edeka,1128299,2022-10-26,October,West,Mecklenburg-Vorpommern,Gerolsteiner,0.46,5500,2530.0
Kaufland,1128299,2022-10-26,October,West,Saxony-Anhalt,Club-Mate,0.51,5500,2805.0
Lidl,1128299,2022-10-26,October,West,North Rhine-Westphalia,Mezzo Mix,0.46,3750,1725.0
Metro,1128299,2022-10-26,October,West,Bavaria,Mezzo Mix,0.46,3500,1610.0
Kaufland,1128299,2022-10-26,October,West,Mecklenburg-Vorpommern,Fritz-Kola,0.55,3250,1787.5000000000002
Metro,1128299,2022-10-26,October,West,Hesse,Vita Cola,0.69,3750,2587.5
Metro,1128299,2022-11-26,November,West,Saxony-Anhalt,Vita Cola,0.55,5500,3025.0000000000005
Netto,1128299,2022-11-26,November,West,Bavaria,Fritz-Kola,0.6,6000,3600.0
Rewe,1128299,2022-11-26,November,West,North Rhine-Westphalia,Mezzo Mix,0.55,4500,2475.0
Lidl,1128299,2022-11-26,November,West,Schleswig-Holstein,Club-Mate,0.55,4250,2337.5
Kaufland,1128299,2022-11-26,November,West,Mecklenburg-Vorpommern,Club-Mate,0.64,3750,2400.0
Metro,1128299,2022-11-26,November,West,Berlin,Vita Cola,0.69,5000,3449.9999999999995
Rewe,1128299,2022-12-25,December,West,Schleswig-Holstein,Vita Cola,0.55,7000,3850.0000000000005
Rewe,1128299,2022-12-25,December,West,Saxony-Anhalt,Mezzo Mix,0.6,7000,4200.0
Lidl,1128299,2022-12-25,December,West,North Rhine-Westphalia,Vita Cola,0.55,5000,2750.0
Lidl,1128299,2022-12-25,December,West,Brandenburg,Gerolsteiner,0.55,5000,2750.0
Netto,1128299,2022-12-25,December,West,Saxony,Club-Mate,0.64,4250,2720.0
Rewe,1128299,2022-12-25,December,West,Mecklenburg-Vorpommern,Club-Mate,0.69,5250,3622.4999999999995
Edeka,1128299,2022-01-13,January,West,Hamburg,Bionade,0.28,4500,1260.0000000000002
Kaufland,1128299,2022-01-13,January,West,Hesse,Bionade,0.37,4500,1665.0
Penny,1128299,2022-01-13,January,West,Thuringia,Gerolsteiner,0.37,4500,1665.0
Aldi,1128299,2022-01-13,January,West,Bavaria,Bionade,0.37,3000,1110.0
Netto,1128299,2022-01-13,January,West,Baden-Württemberg,Mezzo Mix,0.41,2500,1025.0
Kaufland,1128299,2022-01-13,January,West,Saxony,Club-Mate,0.37,4500,1665.0
Rewe,1128299,2022-02-13,February,West,Thuringia,Bionade,0.28,5000,1400.0000000000002
Netto,1128299,2022-02-13,February,West,Baden-Württemberg,Gerolsteiner,0.37,4000,1480.0
Rewe,1128299,2022-02-13,February,West,Berlin,Bionade,0.37,4000,1480.0
Metro,1128299,2022-02-13,February,West,Berlin,Bionade,0.37,2500,925.0
Kaufland,1128299,2022-02-13,February,West,Hamburg,Gerolsteiner,0.41,1750,717.5
Netto,1128299,2022-02-13,February,West,Hamburg,Gerolsteiner,0.37,3750,1387.5
Aldi,1128299,2022-03-12,March,West,Saxony-Anhalt,Gerolsteiner,0.37,5250,1942.5
Rewe,1128299,2022-03-12,March,West,Bavaria,Vita Cola,0.46,3750,1725.0
Metro,1128299,2022-03-12,March,West,Bavaria,Gerolsteiner,0.46,3750,1725.0
Kaufland,1128299,2022-03-12,March,West,Brandenburg,Fritz-Kola,0.46,2500,1150.0
Netto,1128299,2022-03-12,March,West,Bavaria,Gerolsteiner,0.51,1500,765.0
Aldi,1128299,2022-03-12,March,West,North Rhine-Westphalia,Gerolsteiner,0.46,3500,1610.0
Edeka,1128299,2022-04-13,April,West,Schleswig-Holstein,Club-Mate,0.46,5250,2415.0
Edeka,1128299,2022-04-13,April,West,Saxony,Mezzo Mix,0.51,3250,1657.5
Rewe,1128299,2022-04-13,April,West,Saxony,Mezzo Mix,0.51,3750,1912.5
Netto,1128299,2022-04-13,April,West,Hesse,Bionade,0.46,2750,1265.0
Rewe,1128299,2022-04-13,April,West,Thuringia,Bionade,0.51,1750,892.5
Kaufland,1128299,2022-04-13,April,West,Baden-Württemberg,Bionade,0.64,3500,2240.0
Penny,1128299,2022-05-14,May,West,Mecklenburg-Vorpommern,Bionade,0.46,5500,2530.0
Rewe,1128299,2022-05-14,May,West,Saxony-Anhalt,Club-Mate,0.51,4000,2040.0
Metro,1128299,2022-05-14,May,West,North Rhine-Westphalia,Club-Mate,0.51,4250,2167.5
Edeka,1128299,2022-05-14,May,West,Mecklenburg-Vorpommern,Bionade,0.46,3250,1495.0
Kaufland,1128299,2022-05-14,May,West,North Rhine-Westphalia,Bionade,0.51,2250,1147.5
Lidl,1128299,2022-05-14,May,West,Thuringia,Club-Mate,0.64,4000,2560.0
Metro,1128299,2022-06-13,June,West,Saxony,Vita Cola,0.46,6750,3105.0
Netto,1128299,2022-06-13,June,West,Mecklenburg-Vorpommern,Bionade,0.51,5250,2677.5
Edeka,1128299,2022-06-13,June,West,Brandenburg,Fritz-Kola,0.51,5250,2677.5
Kaufland,1128299,2022-06-13,June,West,Brandenburg,Fritz-Kola,0.46,4000,1840.0
Penny,1128299,2022-06-13,June,West,Thuringia,Bionade,0.51,2750,1402.5
Lidl,1128299,2022-06-13,June,West,Baden-Württemberg,Fritz-Kola,0.64,5750,3680.0
Netto,1128299,2022-07-12,July,West,Mecklenburg-Vorpommern,Vita Cola,0.46,7250,3335.0
Aldi,1128299,2022-07-12,July,West,North Rhine-Westphalia,Mezzo Mix,0.51,5750,2932.5
Kaufland,1128299,2022-07-12,July,West,Hamburg,Gerolsteiner,0.51,5250,2677.5
Rewe,1128299,2022-07-12,July,West,Bavaria,Mezzo Mix,0.46,4250,1955.0
Lidl,1128299,2022-07-12,July,West,Saxony-Anhalt,Bionade,0.51,4750,2422.5
Edeka,1128299,2022-07-12,July,West,Schleswig-Holstein,Club-Mate,0.64,4750,3040.0
Lidl,1128299,2022-08-13,August,West,Thuringia,Vita Cola,0.51,6750,3442.5
Aldi,1128299,2022-08-13,August,West,North Rhine-Westphalia,Vita Cola,0.55,6250,3437.5000000000005
Metro,1128299,2022-08-13,August,West,Schleswig-Holstein,Mezzo Mix,0.51,5000,2550.0
Rewe,1128299,2022-08-13,August,West,Bavaria,Gerolsteiner,0.51,4500,2295.0
Aldi,1128299,2022-08-13,August,West,North Rhine-Westphalia,Gerolsteiner,0.6,4500,2700.0
Netto,1128299,2022-08-13,August,West,Baden-Württemberg,Bionade,0.64,4250,2720.0
Rewe,1128299,2022-09-14,September,West,Hamburg,Club-Mate,0.41,6000,2460.0
Lidl,1128299,2022-09-14,September,West,Schleswig-Holstein,Club-Mate,0.46,6000,2760.0
Metro,1128299,2022-09-14,September,West,Thuringia,Gerolsteiner,0.41,4500,1845.0
Aldi,1128299,2022-09-14,September,West,Hesse,Gerolsteiner,0.41,4000,1640.0
Rewe,1128299,2022-09-14,September,West,Brandenburg,Vita Cola,0.51,4000,2040.0
Edeka,1128299,2022-09-14,September,West,Bavaria,Bionade,0.55,4500,2475.0
Aldi,1128299,2022-10-13,October,West,Schleswig-Holstein,Bionade,0.41,5250,2152.5
Edeka,1128299,2022-10-13,October,West,North Rhine-Westphalia,Vita Cola,0.46,5250,2415.0
Penny,1128299,2022-10-13,October,West,North Rhine-Westphalia,Mezzo Mix,0.41,3500,1435.0
Metro,1128299,2022-10-13,October,West,Brandenburg,Mezzo Mix,0.41,3250,1332.5
Penny,1128299,2022-10-13,October,West,Hesse,Club-Mate,0.51,3000,1530.0
Netto,1128299,2022-10-13,October,West,Bavaria,Vita Cola,0.64,3500,2240.0
Netto,1128299,2022-11-13,November,West,Saxony,Club-Mate,0.51,5250,2677.5
Edeka,1128299,2022-11-13,November,West,Mecklenburg-Vorpommern,Gerolsteiner,0.55,5750,3162.5000000000005
Penny,1128299,2022-11-13,November,West,Hesse,Mezzo Mix,0.51,4250,2167.5
Edeka,1128299,2022-11-13,November,West,Thuringia,Club-Mate,0.51,4000,2040.0
Metro,1128299,2022-11-13,November,West,North Rhine-Westphalia,Bionade,0.6,3500,2100.0
Kaufland,1128299,2022-11-13,November,West,Saxony-Anhalt,Gerolsteiner,0.64,4750,3040.0
Lidl,1128299,2022-12-12,December,West,Saxony-Anhalt,Bionade,0.51,6750,3442.5
Netto,1128299,2022-12-12,December,West,Thuringia,Fritz-Kola,0.55,6750,3712.5000000000005
Aldi,1128299,2022-12-12,December,West,Thuringia,Bionade,0.51,4750,2422.5
Netto,1128299,2022-12-12,December,West,Brandenburg,Fritz-Kola,0.51,4750,2422.5
Lidl,1128299,2022-12-12,December,West,Schleswig-Holstein,Club-Mate,0.6,4000,2400.0
Kaufland,1128299,2022-12-12,December,West,Thuringia,Fritz-Kola,0.64,5000,3200.0
Kaufland,1185732,2022-01-09,January,Southeast,Hesse,Vita Cola,0.37,10250,3792.5
Aldi,1185732,2022-01-09,January,Southeast,Baden-Württemberg,Fritz-Kola,0.37,8250,3052.5
Edeka,1185732,2022-01-09,January,Southeast,Saxony-Anhalt,Vita Cola,0.28,8250,2310.0
Rewe,1185732,2022-01-09,January,Southeast,Bavaria,Bionade,0.32,6750,2160.0
Metro,1185732,2022-01-09,January,Southeast,Hesse,Mezzo Mix,0.46,7250,3335.0
Penny,1185732,2022-01-09,January,Southeast,Berlin,Vita Cola,0.37,8250,3052.5
Netto,1185732,2022-02-07,February,Southeast,Brandenburg,Club-Mate,0.37,10750,3977.5
Kaufland,1185732,2022-02-07,February,Southeast,Brandenburg,Club-Mate,0.37,7250,2682.5
Penny,1185732,2022-02-07,February,Southeast,Hesse,Vita Cola,0.28,7750,2170.0
Metro,1185732,2022-02-07,February,Southeast,Berlin,Fritz-Kola,0.32,6250,2000.0
Metro,1185732,2022-02-07,February,Southeast,Baden-Württemberg,Bionade,0.46,7000,3220.0
Kaufland,1185732,2022-02-07,February,Southeast,North Rhine-Westphalia,Club-Mate,0.32,8000,2560.0
Edeka,1185732,2022-03-05,March,Southeast,Thuringia,Fritz-Kola,0.32,10200,3264.0
Penny,1185732,2022-03-05,March,Southeast,North Rhine-Westphalia,Fritz-Kola,0.32,7000,2240.0
Rewe,1185732,2022-03-05,March,Southeast,Bavaria,Vita Cola,0.23,7250,1667.5
Lidl,1185732,2022-03-05,March,Southeast,Bavaria,Mezzo Mix,0.28,5750,1610.0000000000002
Lidl,1185732,2022-03-05,March,Southeast,Hamburg,Bionade,0.41,6250,2562.5
Penny,1185732,2022-03-05,March,Southeast,Thuringia,Gerolsteiner,0.32,7250,2320.0
Penny,1185732,2022-04-06,April,Southeast,Baden-Württemberg,Fritz-Kola,0.32,9750,3120.0
Penny,1185732,2022-04-06,April,Southeast,Brandenburg,Vita Cola,0.32,6750,2160.0
Lidl,1185732,2022-04-06,April,Southeast,Saxony,Vita Cola,0.23,6750,1552.5
Metro,1185732,2022-04-06,April,Southeast,Hamburg,Gerolsteiner,0.28,6000,1680.0000000000002
Edeka,1185732,2022-04-06,April,Southeast,Hesse,Club-Mate,0.46,6250,2875.0
Lidl,1185732,2022-04-06,April,Southeast,Thuringia,Gerolsteiner,0.37,7750,2867.5
Rewe,1185732,2022-05-05,May,Southeast,Schleswig-Holstein,Bionade,0.46,10450,4807.0
Rewe,1185732,2022-05-05,May,Southeast,Bavaria,Fritz-Kola,0.46,7500,3450.0
Penny,1185732,2022-05-05,May,Southeast,Hesse,Mezzo Mix,0.41,7250,2972.5
Penny,1185732,2022-05-05,May,Southeast,Schleswig-Holstein,Mezzo Mix,0.41,6750,2767.5
Aldi,1185732,2022-05-05,May,Southeast,Mecklenburg-Vorpommern,Bionade,0.51,7000,3570.0
Netto,1185732,2022-05-05,May,Southeast,Hesse,Club-Mate,0.55,8000,4400.0
Lidl,1185732,2022-06-07,June,Southeast,Schleswig-Holstein,Fritz-Kola,0.51,10500,5355.0
Netto,1185732,2022-06-07,June,Southeast,Saxony,Gerolsteiner,0.46,8000,3680.0
Lidl,1185732,2022-06-07,June,Southeast,Mecklenburg-Vorpommern,Gerolsteiner,0.46,7750,3565.0
Kaufland,1185732,2022-06-07,June,Southeast,Hesse,Fritz-Kola,0.46,7500,3450.0
Metro,1185732,2022-06-07,June,Southeast,Thuringia,Mezzo Mix,0.6,7500,4500.0
Lidl,1185732,2022-06-07,June,Southeast,Saxony-Anhalt,Fritz-Kola,0.64,9250,5920.0
Kaufland,1185732,2022-07-05,July,Southeast,North Rhine-Westphalia,Club-Mate,0.6,11500,6900.0
Lidl,1185732,2022-07-05,July,Southeast,Hamburg,Vita Cola,0.55,9000,4950.0
Kaufland,1185732,2022-07-05,July,Southeast,North Rhine-Westphalia,Bionade,0.51,8250,4207.5
Rewe,1185732,2022-07-05,July,Southeast,Hesse,Mezzo Mix,0.51,7750,3952.5
Edeka,1185732,2022-07-05,July,Southeast,Brandenburg,Mezzo Mix,0.6,8000,4800.0
Penny,1185732,2022-07-05,July,Southeast,Hesse,Club-Mate,0.64,9750,6240.0
Rewe,1185732,2022-08-06,August,Southeast,Brandenburg,Fritz-Kola,0.6,11250,6750.0
Kaufland,1185732,2022-08-06,August,Southeast,Schleswig-Holstein,Gerolsteiner,0.55,9000,4950.0
Aldi,1185732,2022-08-06,August,Southeast,Schleswig-Holstein,Club-Mate,0.51,8250,4207.5
Rewe,1185732,2022-08-06,August,Southeast,North Rhine-Westphalia,Mezzo Mix,0.41,7750,3177.5
Aldi,1185732,2022-08-06,August,Southeast,Saxony-Anhalt,Vita Cola,0.51,7500,3825.0
Rewe,1185732,2022-08-06,August,Southeast,Hamburg,Vita Cola,0.55,9250,5087.5
Rewe,1185732,2022-09-05,September,Southeast,Saxony-Anhalt,Mezzo Mix,0.51,10250,5227.5
Lidl,1185732,2022-09-05,September,Southeast,Bavaria,Fritz-Kola,0.46,8250,3795.0
Aldi,1185732,2022-09-05,September,Southeast,Mecklenburg-Vorpommern,Fritz-Kola,0.37,7250,2682.5
Rewe,1185732,2022-09-05,September,Southeast,Berlin,Bionade,0.37,7000,2590.0
Metro,1185732,2022-09-05,September,Southeast,Berlin,Gerolsteiner,0.46,7000,3220.0
Netto,1185732,2022-09-05,September,Southeast,Baden-Württemberg,Club-Mate,0.51,8000,4080.0
Penny,1185732,2022-10-07,October,Southeast,North Rhine-Westphalia,Fritz-Kola,0.51,9750,4972.5
Edeka,1185732,2022-10-07,October,Southeast,Saxony-Anhalt,Club-Mate,0.41,8000,3280.0
Aldi,1185732,2022-10-07,October,Southeast,Saxony,Fritz-Kola,0.41,6750,2767.5
Kaufland,1185732,2022-10-07,October,Southeast,Brandenburg,Bionade,0.41,6500,2665.0
Netto,1185732,2022-10-07,October,Southeast,Brandenburg,Fritz-Kola,0.51,6500,3315.0
Netto,1185732,2022-10-07,October,Southeast,Brandenburg,Gerolsteiner,0.55,7750,4262.5
Penny,1185732,2022-11-06,November,Southeast,Bavaria,Mezzo Mix,0.51,9250,4717.5
Netto,1185732,2022-11-06,November,Southeast,Schleswig-Holstein,Club-Mate,0.41,7500,3075.0
Lidl,1185732,2022-11-06,November,Southeast,Mecklenburg-Vorpommern,Fritz-Kola,0.41,6950,2849.5
Rewe,1185732,2022-11-06,November,Southeast,Bavaria,Club-Mate,0.51,7500,3825.0
Metro,1185732,2022-11-06,November,Southeast,Brandenburg,Vita Cola,0.64,7250,4640.0
Aldi,1185732,2022-11-06,November,Southeast,Hesse,Bionade,0.69,8250,5692.5
Netto,1185732,2022-12-05,December,Southeast,Hamburg,Club-Mate,0.64,10750,6880.0
Edeka,1185732,2022-12-05,December,Southeast,Saxony-Anhalt,Gerolsteiner,0.55,8750,4812.5
Penny,1185732,2022-12-05,December,Southeast,Thuringia,Mezzo Mix,0.55,8250,4537.5
Netto,1185732,2022-12-05,December,Southeast,Hamburg,Gerolsteiner,0.55,7750,4262.5
Kaufland,1185732,2022-12-05,December,Southeast,Berlin,Bionade,0.64,7750,4960.0
Lidl,1185732,2022-12-05,December,Southeast,Hesse,Gerolsteiner,0.69,8750,6037.499999999999
Kaufland,1185732,2022-01-06,January,Southeast,Mecklenburg-Vorpommern,Mezzo Mix,0.32,9250,2960.0
Kaufland,1185732,2022-01-06,January,Southeast,Hamburg,Club-Mate,0.32,7250,2320.0
Rewe,1185732,2022-01-06,January,Southeast,Brandenburg,Mezzo Mix,0.23,7250,1667.5
Metro,1185732,2022-01-06,January,Southeast,Saxony,Club-Mate,0.28,5750,1610.0000000000002
Aldi,1185732,2022-01-06,January,Southeast,Schleswig-Holstein,Club-Mate,0.41,6250,2562.5
Metro,1185732,2022-01-06,January,Southeast,Brandenburg,Vita Cola,0.32,7250,2320.0
Edeka,1185732,2022-02-04,February,Southeast,Hesse,Bionade,0.32,9750,3120.0
Edeka,1185732,2022-02-04,February,Southeast,Baden-Württemberg,Vita Cola,0.32,6250,2000.0
Rewe,1185732,2022-02-04,February,Southeast,Hamburg,Bionade,0.23,6750,1552.5
Penny,1185732,2022-02-04,February,Southeast,Saxony-Anhalt,Club-Mate,0.28,5250,1470.0000000000002
Rewe,1185732,2022-02-04,February,Southeast,North Rhine-Westphalia,Gerolsteiner,0.41,6000,2460.0
Netto,1185732,2022-02-04,February,Southeast,Saxony,Fritz-Kola,0.28,7000,1960.0000000000002
Kaufland,1185732,2022-03-02,March,Southeast,Brandenburg,Gerolsteiner,0.28,9200,2576.0000000000005
Edeka,1185732,2022-03-02,March,Southeast,Saxony,Fritz-Kola,0.28,6000,1680.0000000000002
Kaufland,1185732,2022-03-02,March,Southeast,Baden-Württemberg,Mezzo Mix,0.18,6250,1125.0
Aldi,1185732,2022-03-02,March,Southeast,Berlin,Fritz-Kola,0.23,4750,1092.5
Netto,1185732,2022-03-02,March,Southeast,Mecklenburg-Vorpommern,Fritz-Kola,0.37,5250,1942.5
Metro,1185732,2022-03-02,March,Southeast,Brandenburg,Mezzo Mix,0.28,6250,1750.0000000000002
Aldi,1185732,2022-04-03,April,Southeast,Hesse,Bionade,0.28,8750,2450.0000000000005
Metro,1185732,2022-04-03,April,Southeast,Berlin,Bionade,0.28,5750,1610.0000000000002
Aldi,1185732,2022-04-03,April,Southeast,Schleswig-Holstein,Gerolsteiner,0.18,5750,1035.0
Penny,1185732,2022-04-03,April,Southeast,Saxony-Anhalt,Gerolsteiner,0.23,5000,1150.0
Kaufland,1185732,2022-04-03,April,Southeast,Mecklenburg-Vorpommern,Vita Cola,0.41,5250,2152.5
Penny,1185732,2022-04-03,April,Southeast,Schleswig-Holstein,Gerolsteiner,0.32,6750,2160.0
Netto,1185732,2022-05-02,May,Southeast,Baden-Württemberg,Club-Mate,0.41,9450,3874.4999999999995
Metro,1185732,2022-05-02,May,Southeast,Bavaria,Fritz-Kola,0.41,6500,2665.0
Kaufland,1185732,2022-05-02,May,Southeast,Baden-Württemberg,Mezzo Mix,0.37,6250,2312.5
Penny,1185732,2022-05-02,May,Southeast,Saxony,Vita Cola,0.37,5750,2127.5
Aldi,1185732,2022-05-02,May,Southeast,Saxony-Anhalt,Mezzo Mix,0.46,6000,2760.0
Penny,1185732,2022-05-02,May,Southeast,Baden-Württemberg,Bionade,0.51,7000,3570.0
Edeka,1185732,2022-06-04,June,Southeast,Hesse,Vita Cola,0.46,9500,4370.0
Metro,1185732,2022-06-04,June,Southeast,Schleswig-Holstein,Gerolsteiner,0.41,7000,2870.0
Kaufland,1185732,2022-06-04,June,Southeast,Bavaria,Club-Mate,0.46,6750,3105.0
Aldi,1185732,2022-06-04,June,Southeast,Mecklenburg-Vorpommern,Club-Mate,0.46,6500,2990.0
Metro,1185732,2022-06-04,June,Southeast,Saxony,Gerolsteiner,0.6,6500,3900.0
Aldi,1185732,2022-06-04,June,Southeast,Thuringia,Club-Mate,0.64,8250,5280.0
Aldi,1185732,2022-07-02,July,Southeast,Baden-Württemberg,Vita Cola,0.6,10500,6300.0
Edeka,1185732,2022-07-02,July,Southeast,Bavaria,Fritz-Kola,0.55,8000,4400.0
Penny,1185732,2022-07-02,July,Southeast,Schleswig-Holstein,Vita Cola,0.51,7250,3697.5
Lidl,1185732,2022-07-02,July,Southeast,Berlin,Fritz-Kola,0.51,6750,3442.5
Netto,1185732,2022-07-02,July,Southeast,Bavaria,Fritz-Kola,0.6,7000,4200.0
Edeka,1185732,2022-07-02,July,Southeast,Saxony,Club-Mate,0.64,8750,5600.0
Aldi,1185732,2022-08-03,August,Southeast,North Rhine-Westphalia,Fritz-Kola,0.6,10250,6150.0
Aldi,1185732,2022-08-03,August,Southeast,Hesse,Club-Mate,0.55,8000,4400.0
Rewe,1185732,2022-08-03,August,Southeast,Bavaria,Gerolsteiner,0.51,7250,3697.5
Lidl,1185732,2022-08-03,August,Southeast,Berlin,Fritz-Kola,0.41,6750,2767.5
Netto,1185732,2022-08-03,August,Southeast,North Rhine-Westphalia,Bionade,0.51,6500,3315.0
Metro,1185732,2022-08-03,August,Southeast,Schleswig-Holstein,Vita Cola,0.55,8250,4537.5
Aldi,1185732,2022-09-02,September,Southeast,Thuringia,Vita Cola,0.51,9250,4717.5
Penny,1185732,2022-09-02,September,Southeast,Brandenburg,Vita Cola,0.46,7250,3335.0
Edeka,1185732,2022-09-02,September,Southeast,Thuringia,Club-Mate,0.28,6250,1750.0000000000002
Netto,1185732,2022-09-02,September,Southeast,Schleswig-Holstein,Gerolsteiner,0.28,6000,1680.0000000000002
Edeka,1185732,2022-09-02,September,Southeast,Brandenburg,Bionade,0.37,6000,2220.0
Metro,1185732,2022-09-02,September,Southeast,Hamburg,Mezzo Mix,0.41,7000,2870.0
Aldi,1185732,2022-10-04,October,Southeast,Mecklenburg-Vorpommern,Vita Cola,0.41,8750,3587.5
Penny,1185732,2022-10-04,October,Southeast,Saxony,Fritz-Kola,0.32,7000,2240.0
Aldi,1185732,2022-10-04,October,Southeast,Hesse,Club-Mate,0.32,5750,1840.0
Kaufland,1185732,2022-10-04,October,Southeast,Hesse,Club-Mate,0.32,5500,1760.0
Aldi,1185732,2022-10-04,October,Southeast,Hamburg,Gerolsteiner,0.41,5500,2255.0
Netto,1185732,2022-10-04,October,Southeast,Saxony-Anhalt,Club-Mate,0.46,6750,3105.0
Lidl,1185732,2022-11-03,November,Southeast,Thuringia,Fritz-Kola,0.41,8250,3382.5
Aldi,1185732,2022-11-03,November,Southeast,Thuringia,Club-Mate,0.32,6500,2080.0
Metro,1185732,2022-11-03,November,Southeast,Baden-Württemberg,Fritz-Kola,0.37,5950,2201.5
Netto,1185732,2022-11-03,November,Southeast,Baden-Württemberg,Vita Cola,0.55,6500,3575.0000000000005
Netto,1185732,2022-11-03,November,Southeast,Saxony,Fritz-Kola,0.69,6250,4312.5
Lidl,1185732,2022-11-03,November,Southeast,North Rhine-Westphalia,Bionade,0.69,7250,5002.5
Lidl,1185732,2022-12-02,December,Southeast,Bavaria,Fritz-Kola,0.64,9750,6240.0
Rewe,1185732,2022-12-02,December,Southeast,Bavaria,Mezzo Mix,0.55,7750,4262.5
Edeka,1185732,2022-12-02,December,Southeast,Mecklenburg-Vorpommern,Mezzo Mix,0.55,7250,3987.5000000000005
Aldi,1185732,2022-12-02,December,Southeast,Brandenburg,Bionade,0.55,6750,3712.5000000000005
Edeka,1185732,2022-12-02,December,Southeast,Mecklenburg-Vorpommern,Bionade,0.64,6750,4320.0
Edeka,1185732,2022-12-02,December,Southeast,Brandenburg,Bionade,0.69,7750,5347.5
Netto,1185732,2022-01-13,January,Southeast,Schleswig-Holstein,Club-Mate,0.32,7750,2480.0
Metro,1185732,2022-01-13,January,Southeast,North Rhine-Westphalia,Gerolsteiner,0.32,5750,1840.0
Metro,1185732,2022-01-13,January,Southeast,Berlin,Club-Mate,0.23,5750,1322.5
Lidl,1185732,2022-01-13,January,Southeast,Bavaria,Mezzo Mix,0.28,4250,1190.0
Kaufland,1185732,2022-01-13,January,Southeast,Berlin,Bionade,0.41,4750,1947.4999999999998
Aldi,1185732,2022-01-13,January,Southeast,Thuringia,Club-Mate,0.32,5750,1840.0
Edeka,1185732,2022-02-11,February,Southeast,Saxony-Anhalt,Vita Cola,0.32,8250,2640.0
Rewe,1185732,2022-02-11,February,Southeast,Mecklenburg-Vorpommern,Mezzo Mix,0.32,4750,1520.0
Edeka,1185732,2022-02-11,February,Southeast,Bavaria,Fritz-Kola,0.23,5250,1207.5
Penny,1185732,2022-02-11,February,Southeast,Hesse,Club-Mate,0.28,3750,1050.0
Metro,1185732,2022-02-11,February,Southeast,Schleswig-Holstein,Gerolsteiner,0.41,4500,1845.0
Netto,1185732,2022-02-11,February,Southeast,Hamburg,Bionade,0.28,5500,1540.0000000000002
Edeka,1185732,2022-03-09,March,Southeast,Mecklenburg-Vorpommern,Club-Mate,0.28,7700,2156.0
Lidl,1185732,2022-03-09,March,Southeast,North Rhine-Westphalia,Vita Cola,0.28,4500,1260.0000000000002
Lidl,1185732,2022-03-09,March,Southeast,North Rhine-Westphalia,Fritz-Kola,0.18,4750,855.0
Aldi,1185732,2022-03-09,March,Southeast,Saxony,Gerolsteiner,0.23,3250,747.5
Rewe,1185732,2022-03-09,March,Southeast,Mecklenburg-Vorpommern,Mezzo Mix,0.37,3750,1387.5
Edeka,1185732,2022-03-09,March,Southeast,Hesse,Gerolsteiner,0.28,4750,1330.0000000000002
Aldi,1185732,2022-04-10,April,Southeast,Hesse,Fritz-Kola,0.28,7250,2030.0000000000002
Lidl,1185732,2022-04-10,April,Southeast,Hamburg,Fritz-Kola,0.28,4250,1190.0
Metro,1185732,2022-04-10,April,Southeast,Mecklenburg-Vorpommern,Mezzo Mix,0.18,4250,765.0
Edeka,1185732,2022-04-10,April,Southeast,Thuringia,Bionade,0.23,3500,805.0
Lidl,1185732,2022-04-10,April,Southeast,Baden-Württemberg,Vita Cola,0.41,3750,1537.5
Kaufland,1185732,2022-04-10,April,Southeast,North Rhine-Westphalia,Gerolsteiner,0.32,5250,1680.0
Edeka,1185732,2022-05-09,May,Southeast,Berlin,Mezzo Mix,0.41,7950,3259.5
Lidl,1185732,2022-05-09,May,Southeast,Saxony-Anhalt,Fritz-Kola,0.41,5000,2050.0
Kaufland,1185732,2022-05-09,May,Southeast,Berlin,Gerolsteiner,0.37,4750,1757.5
Penny,1185732,2022-05-09,May,Southeast,Baden-Württemberg,Vita Cola,0.37,4250,1572.5
Aldi,1185732,2022-05-09,May,Southeast,Saxony-Anhalt,Vita Cola,0.46,4500,2070.0
Aldi,1185732,2022-05-09,May,Southeast,Brandenburg,Bionade,0.51,5500,2805.0
Rewe,1185732,2022-06-11,June,Southeast,Mecklenburg-Vorpommern,Gerolsteiner,0.46,8000,3680.0
Penny,1185732,2022-06-11,June,Southeast,Berlin,Bionade,0.41,5500,2255.0
Kaufland,1185732,2022-06-11,June,Southeast,Thuringia,Fritz-Kola,0.46,5250,2415.0
Edeka,1185732,2022-06-11,June,Southeast,Thuringia,Gerolsteiner,0.46,5000,2300.0
Metro,1185732,2022-06-11,June,Southeast,Saxony,Mezzo Mix,0.6,5000,3000.0
Kaufland,1185732,2022-06-11,June,Southeast,Berlin,Fritz-Kola,0.64,6750,4320.0
Lidl,1185732,2022-07-09,July,Southeast,Bavaria,Vita Cola,0.6,9000,5400.0
Metro,1185732,2022-07-09,July,Southeast,Hesse,Mezzo Mix,0.55,6500,3575.0000000000005
Aldi,1185732,2022-07-09,July,Southeast,Berlin,Bionade,0.51,5750,2932.5
Lidl,1185732,2022-07-09,July,Southeast,Thuringia,Fritz-Kola,0.51,5250,2677.5
Edeka,1185732,2022-07-09,July,Southeast,Schleswig-Holstein,Club-Mate,0.6,5500,3300.0
Edeka,1185732,2022-07-09,July,Southeast,Brandenburg,Fritz-Kola,0.64,7250,4640.0
Edeka,1185732,2022-08-10,August,Southeast,Hamburg,Vita Cola,0.6,8750,5250.0
Lidl,1185732,2022-08-10,August,Southeast,Berlin,Club-Mate,0.55,6500,3575.0000000000005
Edeka,1185732,2022-08-10,August,Southeast,Hesse,Club-Mate,0.51,5750,2932.5
Kaufland,1185732,2022-08-10,August,Southeast,North Rhine-Westphalia,Bionade,0.41,5250,2152.5
Rewe,1185732,2022-08-10,August,Southeast,Bavaria,Fritz-Kola,0.51,5000,2550.0
Rewe,1185732,2022-08-10,August,Southeast,Saxony,Fritz-Kola,0.55,6750,3712.5000000000005
Lidl,1185732,2022-09-09,September,Southeast,Schleswig-Holstein,Bionade,0.51,7750,3952.5
Metro,1185732,2022-09-09,September,Southeast,Mecklenburg-Vorpommern,Club-Mate,0.46,5750,2645.0
Metro,1185732,2022-09-09,September,Southeast,Bavaria,Club-Mate,0.23,4750,1092.5
Kaufland,1185732,2022-09-09,September,Southeast,Schleswig-Holstein,Mezzo Mix,0.23,4500,1035.0
Aldi,1185732,2022-09-09,September,Southeast,Schleswig-Holstein,Fritz-Kola,0.32,4500,1440.0
Penny,1185732,2022-09-09,September,Southeast,Baden-Württemberg,Gerolsteiner,0.37,5500,2035.0
Rewe,1185732,2022-10-11,October,Southeast,Berlin,Bionade,0.37,7250,2682.5
Metro,1185732,2022-10-11,October,Southeast,Thuringia,Club-Mate,0.28,5500,1540.0000000000002
Rewe,1185732,2022-10-11,October,Southeast,Thuringia,Gerolsteiner,0.28,4250,1190.0
Lidl,1185732,2022-10-11,October,Southeast,Hesse,Fritz-Kola,0.28,4000,1120.0
Edeka,1185732,2022-10-11,October,Southeast,Saxony,Club-Mate,0.37,4000,1480.0
Aldi,1185732,2022-10-11,October,Southeast,Brandenburg,Mezzo Mix,0.37,5250,1942.5
Aldi,1185732,2022-11-10,November,Southeast,Bavaria,Gerolsteiner,0.32,6750,2160.0
Aldi,1185732,2022-11-10,November,Southeast,Mecklenburg-Vorpommern,Gerolsteiner,0.23,5000,1150.0
Netto,1185732,2022-11-10,November,Southeast,Bavaria,Club-Mate,0.32,4450,1424.0
Edeka,1185732,2022-11-10,November,Southeast,Hamburg,Bionade,0.6,5000,3000.0
Kaufland,1185732,2022-11-10,November,Southeast,Schleswig-Holstein,Bionade,0.74,4750,3515.0
Rewe,1185732,2022-11-10,November,Southeast,Bavaria,Vita Cola,0.74,5750,4255.0
Penny,1185732,2022-12-09,December,Southeast,Hamburg,Gerolsteiner,0.69,8250,5692.5
Kaufland,1185732,2022-12-09,December,Southeast,Baden-Württemberg,Club-Mate,0.6,6250,3750.0
Metro,1185732,2022-12-09,December,Southeast,Saxony,Bionade,0.6,5750,3450.0
Lidl,1185732,2022-12-09,December,Southeast,Saxony-Anhalt,Mezzo Mix,0.6,5250,3150.0
Kaufland,1185732,2022-12-09,December,Southeast,Baden-Württemberg,Vita Cola,0.69,5250,3622.4999999999995
Penny,1185732,2022-12-09,December,Southeast,Saxony-Anhalt,Fritz-Kola,0.74,6250,4625.0
Rewe,1185732,2022-01-22,January,Midwest,Hesse,Vita Cola,0.37,5000,1850.0
Kaufland,1185732,2022-01-22,January,Midwest,Mecklenburg-Vorpommern,Bionade,0.37,3000,1110.0
Metro,1185732,2022-01-22,January,Midwest,Hamburg,Vita Cola,0.28,3000,840.0000000000001
Aldi,1185732,2022-01-22,January,Midwest,Hesse,Gerolsteiner,0.32,1500,480.0
Edeka,1185732,2022-01-22,January,Midwest,Berlin,Club-Mate,0.46,2000,920.0
Lidl,1185732,2022-01-22,January,Midwest,Brandenburg,Club-Mate,0.37,3000,1110.0
Rewe,1185732,2022-02-22,February,Midwest,Bavaria,Mezzo Mix,0.37,5500,2035.0
Penny,1185732,2022-02-22,February,Midwest,Hesse,Mezzo Mix,0.37,2000,740.0
Kaufland,1185732,2022-02-22,February,Midwest,Hesse,Vita Cola,0.28,2500,700.0000000000001
Metro,1185732,2022-02-22,February,Midwest,Baden-Württemberg,Vita Cola,0.32,1250,400.0
Edeka,1185732,2022-02-22,February,Midwest,Schleswig-Holstein,Vita Cola,0.46,2000,920.0
Lidl,1185732,2022-02-22,February,Midwest,Thuringia,Bionade,0.37,3000,1110.0
Netto,1185732,2022-03-21,March,Midwest,Mecklenburg-Vorpommern,Vita Cola,0.41,5200,2132.0
Netto,1185732,2022-03-21,March,Midwest,Thuringia,Vita Cola,0.41,2250,922.5
Kaufland,1185732,2022-03-21,March,Midwest,Hesse,Vita Cola,0.32,2500,800.0
Kaufland,1185732,2022-03-21,March,Midwest,Hamburg,Bionade,0.37,1000,370.0
Netto,1185732,2022-03-21,March,Midwest,Brandenburg,Club-Mate,0.51,1500,765.0
Lidl,1185732,2022-03-21,March,Midwest,Hamburg,Gerolsteiner,0.41,2500,1025.0
Edeka,1185732,2022-04-22,April,Midwest,Saxony,Vita Cola,0.41,4750,1947.4999999999998
Netto,1185732,2022-04-22,April,Midwest,Thuringia,Mezzo Mix,0.41,1750,717.5
Lidl,1185732,2022-04-22,April,Midwest,Brandenburg,Gerolsteiner,0.37,1750,647.5
Netto,1185732,2022-04-22,April,Midwest,Hesse,Fritz-Kola,0.41,1000,410.0
Netto,1185732,2022-04-22,April,Midwest,Hamburg,Club-Mate,0.46,1250,575.0
Metro,1185732,2022-04-22,April,Midwest,Brandenburg,Club-Mate,0.37,2500,925.0
Metro,1185732,2022-05-23,May,Midwest,Brandenburg,Vita Cola,0.46,5200,2392.0
Aldi,1185732,2022-05-23,May,Midwest,Brandenburg,Fritz-Kola,0.41,2250,922.5
Penny,1185732,2022-05-23,May,Midwest,Mecklenburg-Vorpommern,Bionade,0.37,2000,740.0
Aldi,1185732,2022-05-23,May,Midwest,Baden-Württemberg,Mezzo Mix,0.37,1250,462.5
Lidl,1185732,2022-05-23,May,Midwest,North Rhine-Westphalia,Mezzo Mix,0.46,1500,690.0
Lidl,1185732,2022-05-23,May,Midwest,Baden-Württemberg,Club-Mate,0.51,2750,1402.5
Rewe,1185732,2022-06-22,June,Midwest,Hesse,Fritz-Kola,0.37,5250,1942.5
Kaufland,1185732,2022-06-22,June,Midwest,Baden-Württemberg,Gerolsteiner,0.32,2750,880.0
Rewe,1185732,2022-06-22,June,Midwest,Schleswig-Holstein,Vita Cola,0.28,2250,630.0000000000001
Edeka,1185732,2022-06-22,June,Midwest,Brandenburg,Fritz-Kola,0.28,2000,560.0
Netto,1185732,2022-06-22,June,Midwest,Mecklenburg-Vorpommern,Fritz-Kola,0.46,2000,920.0
Lidl,1185732,2022-06-22,June,Midwest,Hesse,Fritz-Kola,0.51,3750,1912.5
Lidl,1185732,2022-07-21,July,Midwest,Hesse,Vita Cola,0.46,6000,2760.0
Edeka,1185732,2022-07-21,July,Midwest,Berlin,Club-Mate,0.41,3500,1435.0
Aldi,1185732,2022-07-21,July,Midwest,Schleswig-Holstein,Club-Mate,0.37,2750,1017.5
Penny,1185732,2022-07-21,July,Midwest,Brandenburg,Vita Cola,0.37,2250,832.5
Edeka,1185732,2022-07-21,July,Midwest,Schleswig-Holstein,Bionade,0.46,2500,1150.0
Penny,1185732,2022-07-21,July,Midwest,North Rhine-Westphalia,Bionade,0.51,4250,2167.5
Penny,1185732,2022-08-22,August,Midwest,Hamburg,Mezzo Mix,0.46,5750,2645.0
Lidl,1185732,2022-08-22,August,Midwest,Baden-Württemberg,Club-Mate,0.41,3500,1435.0
Metro,1185732,2022-08-22,August,Midwest,Saxony,Vita Cola,0.37,2750,1017.5
Netto,1185732,2022-08-22,August,Midwest,Thuringia,Mezzo Mix,0.37,2500,925.0
Rewe,1185732,2022-08-22,August,Midwest,Berlin,Gerolsteiner,0.46,2250,1035.0
Edeka,1185732,2022-08-22,August,Midwest,Mecklenburg-Vorpommern,Mezzo Mix,0.51,4000,2040.0
Netto,1185732,2022-09-23,September,Midwest,North Rhine-Westphalia,Bionade,0.46,5250,2415.0
Penny,1185732,2022-09-23,September,Midwest,Bavaria,Club-Mate,0.41,3250,1332.5
Edeka,1185732,2022-09-23,September,Midwest,Berlin,Fritz-Kola,0.32,2250,720.0
Metro,1185732,2022-09-23,September,Midwest,Berlin,Mezzo Mix,0.32,2000,640.0
Penny,1185732,2022-09-23,September,Midwest,Berlin,Fritz-Kola,0.41,2000,820.0
Kaufland,1185732,2022-09-23,September,Midwest,Saxony,Gerolsteiner,0.46,2750,1265.0
Lidl,1185732,2022-10-22,October,Midwest,Bavaria,Mezzo Mix,0.51,4500,2295.0
Aldi,1185732,2022-10-22,October,Midwest,Thuringia,Bionade,0.41,2750,1127.5
Penny,1185732,2022-10-22,October,Midwest,Thuringia,Fritz-Kola,0.41,1750,717.5
Penny,1185732,2022-10-22,October,Midwest,Thuringia,Bionade,0.41,1500,615.0
Penny,1185732,2022-10-22,October,Midwest,Hesse,Mezzo Mix,0.51,1500,765.0
Aldi,1185732,2022-10-22,October,Midwest,Schleswig-Holstein,Mezzo Mix,0.51,2750,1402.5
Aldi,1185732,2022-11-22,November,Midwest,Mecklenburg-Vorpommern,Club-Mate,0.46,4250,1955.0
Lidl,1185732,2022-11-22,November,Midwest,Brandenburg,Fritz-Kola,0.37,2750,1017.5
Rewe,1185732,2022-11-22,November,Midwest,Berlin,Fritz-Kola,0.41,2200,902.0
Lidl,1185732,2022-11-22,November,Midwest,Brandenburg,Fritz-Kola,0.51,2000,1020.0
Edeka,1185732,2022-11-22,November,Midwest,Baden-Württemberg,Bionade,0.6,1750,1050.0
Aldi,1185732,2022-11-22,November,Midwest,Saxony-Anhalt,Vita Cola,0.64,2750,1760.0
Aldi,1185732,2022-12-21,December,Midwest,Thuringia,Bionade,0.6,5250,3150.0
Kaufland,1185732,2022-12-21,December,Midwest,Schleswig-Holstein,Club-Mate,0.51,3250,1657.5
Kaufland,1185732,2022-12-21,December,Midwest,Mecklenburg-Vorpommern,Bionade,0.51,2750,1402.5
Rewe,1185732,2022-12-21,December,Midwest,Baden-Württemberg,Vita Cola,0.46,2250,1035.0
Kaufland,1185732,2022-12-21,December,Midwest,Berlin,Vita Cola,0.55,2250,1237.5
Lidl,1185732,2022-12-21,December,Midwest,Berlin,Fritz-Kola,0.6,3250,1950.0
Rewe,1185732,2022-01-20,January,Southeast,Hamburg,Vita Cola,0.28,7250,2030.0000000000002
Edeka,1185732,2022-01-20,January,Southeast,Schleswig-Holstein,Club-Mate,0.28,5250,1470.0000000000002
Kaufland,1185732,2022-01-20,January,Southeast,Schleswig-Holstein,Mezzo Mix,0.18,5250,945.0
Lidl,1185732,2022-01-20,January,Southeast,Berlin,Fritz-Kola,0.23,3750,862.5
Edeka,1185732,2022-01-20,January,Southeast,Hamburg,Mezzo Mix,0.37,4250,1572.5
Lidl,1185732,2022-01-20,January,Southeast,Hesse,Vita Cola,0.28,5250,1470.0000000000002
Penny,1185732,2022-02-18,February,Southeast,Thuringia,Gerolsteiner,0.28,7750,2170.0
Aldi,1185732,2022-02-18,February,Southeast,Hesse,Mezzo Mix,0.28,4250,1190.0
Rewe,1185732,2022-02-18,February,Southeast,Saxony-Anhalt,Gerolsteiner,0.18,4750,855.0
Edeka,1185732,2022-02-18,February,Southeast,Berlin,Bionade,0.23,3250,747.5
Metro,1185732,2022-02-18,February,Southeast,Saxony-Anhalt,Bionade,0.37,4000,1480.0
Kaufland,1185732,2022-02-18,February,Southeast,Baden-Württemberg,Fritz-Kola,0.23,5000,1150.0
Aldi,1185732,2022-03-16,March,Southeast,Berlin,Mezzo Mix,0.23,7200,1656.0
Aldi,1185732,2022-03-16,March,Southeast,Baden-Württemberg,Fritz-Kola,0.23,4000,920.0
Netto,1185732,2022-03-16,March,Southeast,Bavaria,Vita Cola,0.14,4250,595.0
Aldi,1185732,2022-03-16,March,Southeast,Saxony-Anhalt,Bionade,0.18,2750,495.0
Edeka,1185732,2022-03-16,March,Southeast,Brandenburg,Bionade,0.32,3250,1040.0
Edeka,1185732,2022-03-16,March,Southeast,Bavaria,Mezzo Mix,0.23,4250,977.5
Lidl,1185732,2022-04-17,April,Southeast,Baden-Württemberg,Fritz-Kola,0.23,6750,1552.5
Netto,1185732,2022-04-17,April,Southeast,Thuringia,Mezzo Mix,0.23,3750,862.5
Penny,1185732,2022-04-17,April,Southeast,Saxony,Bionade,0.14,3750,525.0
Edeka,1185732,2022-04-17,April,Southeast,Saxony-Anhalt,Mezzo Mix,0.18,3000,540.0
Edeka,1185732,2022-04-17,April,Southeast,Baden-Württemberg,Mezzo Mix,0.37,3250,1202.5
Edeka,1185732,2022-04-17,April,Southeast,Bavaria,Bionade,0.28,4750,1330.0000000000002
Kaufland,1185732,2022-05-16,May,Southeast,Schleswig-Holstein,Gerolsteiner,0.37,7450,2756.5
Lidl,1185732,2022-05-16,May,Southeast,Thuringia,Gerolsteiner,0.37,4500,1665.0
Rewe,1185732,2022-05-16,May,Southeast,Saxony-Anhalt,Fritz-Kola,0.32,4250,1360.0
Lidl,1185732,2022-05-16,May,Southeast,Saxony-Anhalt,Vita Cola,0.32,3750,1200.0
Netto,1185732,2022-05-16,May,Southeast,Bavaria,Mezzo Mix,0.41,4000,1640.0
Aldi,1185732,2022-05-16,May,Southeast,Hamburg,Club-Mate,0.46,5000,2300.0
Kaufland,1185732,2022-06-18,June,Southeast,Hamburg,Fritz-Kola,0.41,7500,3075.0
Kaufland,1185732,2022-06-18,June,Southeast,Schleswig-Holstein,Gerolsteiner,0.37,5000,1850.0
Edeka,1185732,2022-06-18,June,Southeast,Baden-Württemberg,Fritz-Kola,0.41,4750,1947.4999999999998
Edeka,1185732,2022-06-18,June,Southeast,Berlin,Fritz-Kola,0.41,4500,1845.0
Penny,1185732,2022-06-18,June,Southeast,Baden-Württemberg,Club-Mate,0.55,4500,2475.0
Netto,1185732,2022-06-18,June,Southeast,Hamburg,Vita Cola,0.6,6250,3750.0
Lidl,1185732,2022-07-16,July,Southeast,Mecklenburg-Vorpommern,Mezzo Mix,0.55,8500,4675.0
Penny,1185732,2022-07-16,July,Southeast,Mecklenburg-Vorpommern,Mezzo Mix,0.51,6000,3060.0
Edeka,1185732,2022-07-16,July,Southeast,Hesse,Gerolsteiner,0.46,5250,2415.0
Lidl,1185732,2022-07-16,July,Southeast,Bavaria,Bionade,0.46,4750,2185.0
Aldi,1185732,2022-07-16,July,Southeast,Hesse,Bionade,0.55,5000,2750.0
Penny,1185732,2022-07-16,July,Southeast,Berlin,Bionade,0.6,6750,4050.0
Edeka,1185732,2022-08-17,August,Southeast,Thuringia,Mezzo Mix,0.55,8250,4537.5
Metro,1185732,2022-08-17,August,Southeast,Baden-Württemberg,Gerolsteiner,0.51,6000,3060.0
Aldi,1185732,2022-08-17,August,Southeast,Saxony-Anhalt,Bionade,0.46,5250,2415.0
Kaufland,1185732,2022-08-17,August,Southeast,Hamburg,Gerolsteiner,0.37,4750,1757.5
Netto,1185732,2022-08-17,August,Southeast,Hesse,Gerolsteiner,0.46,4500,2070.0
Penny,1185732,2022-08-17,August,Southeast,Baden-Württemberg,Bionade,0.51,6250,3187.5
Penny,1185732,2022-09-16,September,Southeast,Saxony,Bionade,0.46,7250,3335.0
Edeka,1185732,2022-09-16,September,Southeast,Saxony,Bionade,0.41,5250,2152.5
Metro,1185732,2022-09-16,September,Southeast,North Rhine-Westphalia,Bionade,0.18,4250,765.0
Penny,1185732,2022-09-16,September,Southeast,Brandenburg,Bionade,0.18,4000,720.0
Metro,1185732,2022-09-16,September,Southeast,Thuringia,Mezzo Mix,0.28,4000,1120.0
Edeka,1185732,2022-09-16,September,Southeast,Thuringia,Bionade,0.32,5000,1600.0
Lidl,1185732,2022-10-18,October,Southeast,Bavaria,Bionade,0.32,6750,2160.0
Rewe,1185732,2022-10-18,October,Southeast,Berlin,Bionade,0.23,5000,1150.0
Metro,1185732,2022-10-18,October,Southeast,Hesse,Bionade,0.23,3750,862.5
Aldi,1185732,2022-10-18,October,Southeast,Schleswig-Holstein,Bionade,0.23,3500,805.0
Edeka,1185732,2022-10-18,October,Southeast,Saxony,Mezzo Mix,0.32,3500,1120.0
Kaufland,1185732,2022-10-18,October,Southeast,Thuringia,Vita Cola,0.32,4750,1520.0
Netto,1185732,2022-11-17,November,Southeast,Baden-Württemberg,Gerolsteiner,0.28,6250,1750.0000000000002
Kaufland,1185732,2022-11-17,November,Southeast,Thuringia,Vita Cola,0.18,4500,810.0
Lidl,1185732,2022-11-17,November,Southeast,Bavaria,Fritz-Kola,0.28,3950,1106.0
Aldi,1185732,2022-11-17,November,Southeast,Brandenburg,Club-Mate,0.55,4500,2475.0
Rewe,1185732,2022-11-17,November,Southeast,Saxony,Club-Mate,0.69,4250,2932.5
Rewe,1185732,2022-11-17,November,Southeast,Bavaria,Mezzo Mix,0.69,5250,3622.4999999999995
Lidl,1185732,2022-12-16,December,Southeast,North Rhine-Westphalia,Fritz-Kola,0.64,7750,4960.0
Metro,1185732,2022-12-16,December,Southeast,Baden-Württemberg,Vita Cola,0.55,5750,3162.5000000000005
Penny,1185732,2022-12-16,December,Southeast,Bavaria,Vita Cola,0.55,5250,2887.5000000000005
Penny,1185732,2022-12-16,December,Southeast,Brandenburg,Club-Mate,0.55,4750,2612.5
Lidl,1185732,2022-12-16,December,Southeast,Hesse,Fritz-Kola,0.64,4750,3040.0
Kaufland,1185732,2022-12-16,December,Southeast,Schleswig-Holstein,Club-Mate,0.69,5750,3967.4999999999995
Penny,1197831,2022-01-23,January,South,Brandenburg,Vita Cola,0.23,6500,1495.0
Penny,1197831,2022-01-23,January,South,Berlin,Fritz-Kola,0.23,4500,1035.0
Penny,1197831,2022-01-23,January,South,Schleswig-Holstein,Mezzo Mix,0.14,4500,630.0000000000001
Metro,1197831,2022-01-23,January,South,Hamburg,Mezzo Mix,0.18,3000,540.0
Aldi,1197831,2022-01-23,January,South,Baden-Württemberg,Vita Cola,0.32,3500,1120.0
Netto,1197831,2022-01-23,January,South,Baden-Württemberg,Bionade,0.23,4500,1035.0
Metro,1197831,2022-02-21,February,South,Berlin,Bionade,0.23,7000,1610.0
Metro,1197831,2022-02-21,February,South,Berlin,Fritz-Kola,0.23,3500,805.0
Metro,1197831,2022-02-21,February,South,Mecklenburg-Vorpommern,Mezzo Mix,0.14,4000,560.0
Kaufland,1197831,2022-02-21,February,South,Saxony,Bionade,0.18,2500,450.0
Lidl,1197831,2022-02-21,February,South,Hamburg,Gerolsteiner,0.32,3250,1040.0
Aldi,1197831,2022-02-21,February,South,Schleswig-Holstein,Gerolsteiner,0.18,4250,765.0
Aldi,1197831,2022-03-19,March,South,Saxony,Bionade,0.18,6450,1161.0
Metro,1197831,2022-03-19,March,South,Hesse,Vita Cola,0.18,3250,585.0
Metro,1197831,2022-03-19,March,South,North Rhine-Westphalia,Fritz-Kola,0.09,3500,315.0
Edeka,1197831,2022-03-19,March,South,Hesse,Bionade,0.18,2000,360.0
Kaufland,1197831,2022-03-19,March,South,Schleswig-Holstein,Bionade,0.32,2500,800.0
Netto,1197831,2022-03-19,March,South,Hesse,Fritz-Kola,0.23,3500,805.0
Netto,1197831,2022-04-20,April,South,Brandenburg,Club-Mate,0.23,6000,1380.0
Metro,1197831,2022-04-20,April,South,Hesse,Gerolsteiner,0.23,3000,690.0
Kaufland,1197831,2022-04-20,April,South,Hesse,Mezzo Mix,0.14,3000,420.00000000000006
Penny,1197831,2022-04-20,April,South,Brandenburg,Mezzo Mix,0.18,2250,405.0
Penny,1197831,2022-04-20,April,South,Saxony,Bionade,0.37,2500,925.0
Edeka,1197831,2022-04-20,April,South,Schleswig-Holstein,Fritz-Kola,0.28,4000,1120.0
Rewe,1197831,2022-05-19,May,South,North Rhine-Westphalia,Gerolsteiner,0.37,6700,2479.0
Lidl,1197831,2022-05-19,May,South,Bavaria,Fritz-Kola,0.37,3750,1387.5
Metro,1197831,2022-05-19,May,South,Saxony,Mezzo Mix,0.32,3500,1120.0
Lidl,1197831,2022-05-19,May,South,Saxony-Anhalt,Vita Cola,0.32,3000,960.0
Edeka,1197831,2022-05-19,May,South,Saxony-Anhalt,Club-Mate,0.41,3250,1332.5
Penny,1197831,2022-05-19,May,South,Hamburg,Gerolsteiner,0.41,4250,1742.5
Penny,1197831,2022-06-21,June,South,Baden-Württemberg,Gerolsteiner,0.37,6750,2497.5
Kaufland,1197831,2022-06-21,June,South,Hamburg,Club-Mate,0.32,4250,1360.0
Edeka,1197831,2022-06-21,June,South,Hesse,Bionade,0.37,4000,1480.0
Rewe,1197831,2022-06-21,June,South,Bavaria,Vita Cola,0.37,3750,1387.5
Lidl,1197831,2022-06-21,June,South,Saxony,Bionade,0.51,3750,1912.5
Penny,1197831,2022-06-21,June,South,Hesse,Club-Mate,0.55,5500,3025.0000000000005
Rewe,1197831,2022-07-19,July,South,Berlin,Bionade,0.51,7750,3952.5
Metro,1197831,2022-07-19,July,South,North Rhine-Westphalia,Club-Mate,0.46,5250,2415.0
Edeka,1197831,2022-07-19,July,South,Hesse,Mezzo Mix,0.41,4500,1845.0
Netto,1197831,2022-07-19,July,South,Schleswig-Holstein,Gerolsteiner,0.41,4000,1640.0
Rewe,1197831,2022-07-19,July,South,Mecklenburg-Vorpommern,Vita Cola,0.55,4250,2337.5
Lidl,1197831,2022-07-19,July,South,Hesse,Club-Mate,0.6,6000,3600.0
Netto,1197831,2022-08-20,August,South,Schleswig-Holstein,Mezzo Mix,0.55,7500,4125.0
Lidl,1197831,2022-08-20,August,South,Hamburg,Bionade,0.51,5250,2677.5
Rewe,1197831,2022-08-20,August,South,Thuringia,Club-Mate,0.46,4500,2070.0
Aldi,1197831,2022-08-20,August,South,Thuringia,Gerolsteiner,0.37,4000,1480.0
Lidl,1197831,2022-08-20,August,South,Thuringia,Vita Cola,0.46,3750,1725.0
Aldi,1197831,2022-08-20,August,South,Thuringia,Gerolsteiner,0.51,5500,2805.0
Lidl,1197831,2022-09-19,September,South,Bavaria,Gerolsteiner,0.46,6500,2990.0
Kaufland,1197831,2022-09-19,September,South,Saxony-Anhalt,Gerolsteiner,0.37,4500,1665.0
Metro,1197831,2022-09-19,September,South,Schleswig-Holstein,Fritz-Kola,0.14,3500,490.00000000000006
Netto,1197831,2022-09-19,September,South,North Rhine-Westphalia,Mezzo Mix,0.14,3250,455.00000000000006
Aldi,1197831,2022-09-19,September,South,Saxony-Anhalt,Gerolsteiner,0.23,3250,747.5
Penny,1197831,2022-09-19,September,South,Saxony-Anhalt,Mezzo Mix,0.28,4250,1190.0
Aldi,1197831,2022-10-21,October,South,Berlin,Fritz-Kola,0.28,6000,1680.0000000000002
Metro,1197831,2022-10-21,October,South,Baden-Württemberg,Mezzo Mix,0.18,4250,765.0
Netto,1197831,2022-10-21,October,South,Baden-Württemberg,Vita Cola,0.18,3000,540.0
Edeka,1197831,2022-10-21,October,South,Saxony-Anhalt,Club-Mate,0.18,2750,495.0
Rewe,1197831,2022-10-21,October,South,Brandenburg,Club-Mate,0.28,2750,770.0000000000001
Aldi,1197831,2022-10-21,October,South,Mecklenburg-Vorpommern,Fritz-Kola,0.28,4000,1120.0
Aldi,1197831,2022-11-20,November,South,Berlin,Fritz-Kola,0.23,5500,1265.0
Rewe,1197831,2022-11-20,November,South,Bavaria,Fritz-Kola,0.14,3750,525.0
Metro,1197831,2022-11-20,November,South,Bavaria,Fritz-Kola,0.23,3200,736.0
Aldi,1197831,2022-11-20,November,South,Brandenburg,Vita Cola,0.51,3750,1912.5
Aldi,1197831,2022-11-20,November,South,Saxony,Fritz-Kola,0.69,3500,2415.0
Aldi,1197831,2022-11-20,November,South,Thuringia,Vita Cola,0.69,4500,3104.9999999999995
Penny,1197831,2022-12-19,December,South,Thuringia,Club-Mate,0.64,7000,4480.0
Penny,1197831,2022-12-19,December,South,Baden-Württemberg,Fritz-Kola,0.55,5000,2750.0
Lidl,1197831,2022-12-19,December,South,Hesse,Bionade,0.55,4500,2475.0
Lidl,1197831,2022-12-19,December,South,Hesse,Club-Mate,0.55,4000,2200.0
Lidl,1197831,2022-12-19,December,South,North Rhine-Westphalia,Club-Mate,0.64,4000,2560.0
Kaufland,1197831,2022-12-19,December,South,Mecklenburg-Vorpommern,Club-Mate,0.69,5000,3449.9999999999995
Netto,1197831,2022-01-23,January,South,Hamburg,Club-Mate,0.23,5750,1322.5
Netto,1197831,2022-01-23,January,South,Hesse,Bionade,0.23,3750,862.5
Lidl,1197831,2022-01-23,January,South,Saxony-Anhalt,Vita Cola,0.14,3750,525.0
Metro,1197831,2022-01-23,January,South,Hesse,Bionade,0.18,2250,405.0
Metro,1197831,2022-01-23,January,South,Mecklenburg-Vorpommern,Bionade,0.32,2750,880.0
Penny,1197831,2022-01-23,January,South,Mecklenburg-Vorpommern,Fritz-Kola,0.23,3750,862.5
Aldi,1197831,2022-02-21,February,South,Baden-Württemberg,Club-Mate,0.23,6250,1437.5
Penny,1197831,2022-02-21,February,South,Baden-Württemberg,Mezzo Mix,0.23,2750,632.5
Rewe,1197831,2022-02-21,February,South,Saxony,Mezzo Mix,0.14,3250,455.00000000000006
Aldi,1197831,2022-02-21,February,South,Baden-Württemberg,Mezzo Mix,0.18,1750,315.0
Metro,1197831,2022-02-21,February,South,Berlin,Fritz-Kola,0.32,2500,800.0
Netto,1197831,2022-02-21,February,South,Mecklenburg-Vorpommern,Vita Cola,0.18,3500,630.0
Rewe,1197831,2022-03-19,March,South,Bavaria,Vita Cola,0.18,5700,1026.0
Edeka,1197831,2022-03-19,March,South,Saxony,Gerolsteiner,0.18,2500,450.0
Metro,1197831,2022-03-19,March,South,Schleswig-Holstein,Fritz-Kola,0.09,2750,247.5
Metro,1197831,2022-03-19,March,South,Saxony-Anhalt,Fritz-Kola,0.18,1250,225.0
Netto,1197831,2022-03-19,March,South,Baden-Württemberg,Mezzo Mix,0.32,1750,560.0
Penny,1197831,2022-03-19,March,South,Saxony,Vita Cola,0.23,2750,632.5
Aldi,1197831,2022-04-20,April,South,Berlin,Club-Mate,0.23,5250,1207.5
Netto,1197831,2022-04-20,April,South,Berlin,Club-Mate,0.23,2250,517.5
Edeka,1197831,2022-04-20,April,South,Hesse,Mezzo Mix,0.14,2250,315.00000000000006
Penny,1197831,2022-04-20,April,South,Saxony,Mezzo Mix,0.18,1500,270.0
Aldi,1197831,2022-04-20,April,South,Berlin,Vita Cola,0.37,1750,647.5
Rewe,1197831,2022-04-20,April,South,Schleswig-Holstein,Vita Cola,0.28,3250,910.0000000000001
Rewe,1197831,2022-05-19,May,South,Saxony-Anhalt,Fritz-Kola,0.37,5950,2201.5
Rewe,1197831,2022-05-19,May,South,Mecklenburg-Vorpommern,Bionade,0.37,3000,1110.0
Metro,1197831,2022-05-19,May,South,Berlin,Mezzo Mix,0.32,2750,880.0
Rewe,1197831,2022-05-19,May,South,Saxony,Mezzo Mix,0.32,2250,720.0
Penny,1197831,2022-05-19,May,South,Brandenburg,Vita Cola,0.41,2500,1025.0
Rewe,1197831,2022-05-19,May,South,North Rhine-Westphalia,Vita Cola,0.41,3500,1435.0
Rewe,1197831,2022-06-21,June,South,Mecklenburg-Vorpommern,Club-Mate,0.37,6000,2220.0
Penny,1197831,2022-06-21,June,South,Saxony-Anhalt,Fritz-Kola,0.32,3500,1120.0
Kaufland,1197831,2022-06-21,June,South,Brandenburg,Club-Mate,0.37,3250,1202.5
Netto,1197831,2022-06-21,June,South,Brandenburg,Gerolsteiner,0.37,3000,1110.0
Metro,1197831,2022-06-21,June,South,Baden-Württemberg,Gerolsteiner,0.51,3000,1530.0
Aldi,1197831,2022-06-21,June,South,Brandenburg,Bionade,0.55,4750,2612.5
Penny,1197831,2022-07-19,July,South,Mecklenburg-Vorpommern,Mezzo Mix,0.51,7000,3570.0
Netto,1197831,2022-07-19,July,South,North Rhine-Westphalia,Gerolsteiner,0.46,4500,2070.0
Rewe,1197831,2022-07-19,July,South,Berlin,Mezzo Mix,0.41,3750,1537.5
Rewe,1197831,2022-07-19,July,South,Schleswig-Holstein,Gerolsteiner,0.41,3250,1332.5
Penny,1197831,2022-07-19,July,South,Baden-Württemberg,Vita Cola,0.55,3500,1925.0000000000002
Kaufland,1197831,2022-07-19,July,South,Hamburg,Vita Cola,0.6,5250,3150.0
Rewe,1197831,2022-08-20,August,South,Thuringia,Fritz-Kola,0.55,6750,3712.5000000000005
Netto,1197831,2022-08-20,August,South,Saxony,Mezzo Mix,0.51,4500,2295.0
Lidl,1197831,2022-08-20,August,South,Hamburg,Vita Cola,0.46,3750,1725.0
Rewe,1197831,2022-08-20,August,South,Mecklenburg-Vorpommern,Fritz-Kola,0.37,3250,1202.5
Edeka,1197831,2022-08-20,August,South,Baden-Württemberg,Fritz-Kola,0.46,3000,1380.0
Metro,1197831,2022-08-20,August,South,Bavaria,Gerolsteiner,0.51,4750,2422.5
Edeka,1197831,2022-09-19,September,South,Brandenburg,Mezzo Mix,0.46,5750,2645.0
Rewe,1197831,2022-09-19,September,South,Schleswig-Holstein,Bionade,0.37,3750,1387.5
Aldi,1197831,2022-09-19,September,South,Saxony,Vita Cola,0.14,2750,385.00000000000006
Penny,1197831,2022-09-19,September,South,Thuringia,Mezzo Mix,0.14,2500,350.00000000000006
Rewe,1197831,2022-09-19,September,South,Saxony,Vita Cola,0.23,2500,575.0
Metro,1197831,2022-09-19,September,South,Brandenburg,Bionade,0.28,3500,980.0000000000001
Edeka,1197831,2022-10-21,October,South,Brandenburg,Vita Cola,0.28,5250,1470.0000000000002
Kaufland,1197831,2022-10-21,October,South,Saxony-Anhalt,Gerolsteiner,0.18,3500,630.0
Rewe,1197831,2022-10-21,October,South,Berlin,Fritz-Kola,0.18,2250,405.0
Penny,1197831,2022-10-21,October,South,Bavaria,Fritz-Kola,0.18,2000,360.0
Rewe,1197831,2022-10-21,October,South,Saxony,Gerolsteiner,0.28,2000,560.0
Netto,1197831,2022-10-21,October,South,Mecklenburg-Vorpommern,Vita Cola,0.28,3250,910.0000000000001
Netto,1197831,2022-11-20,November,South,Mecklenburg-Vorpommern,Vita Cola,0.23,4750,1092.5
Penny,1197831,2022-11-20,November,South,Hesse,Gerolsteiner,0.14,3000,420.00000000000006
Aldi,1197831,2022-11-20,November,South,Berlin,Fritz-Kola,0.23,2450,563.5
Edeka,1197831,2022-11-20,November,South,Thuringia,Vita Cola,0.51,3000,1530.0
Edeka,1197831,2022-11-20,November,South,Saxony-Anhalt,Gerolsteiner,0.69,2750,1897.4999999999998
Penny,1197831,2022-11-20,November,South,Hamburg,Vita Cola,0.69,3750,2587.5
Edeka,1197831,2022-12-19,December,South,Hamburg,Bionade,0.64,6250,4000.0
Kaufland,1197831,2022-12-19,December,South,Hesse,Bionade,0.55,4250,2337.5
Penny,1197831,2022-12-19,December,South,Bavaria,Vita Cola,0.55,3750,2062.5
Netto,1197831,2022-12-19,December,South,North Rhine-Westphalia,Vita Cola,0.55,3250,1787.5000000000002
Kaufland,1197831,2022-12-19,December,South,Saxony,Vita Cola,0.64,3250,2080.0
Metro,1197831,2022-12-19,December,South,Mecklenburg-Vorpommern,Gerolsteiner,0.69,4250,2932.5
Penny,1197831,2022-01-16,January,South,Hamburg,Fritz-Kola,0.23,5500,1265.0
Penny,1197831,2022-01-16,January,South,North Rhine-Westphalia,Fritz-Kola,0.23,3500,805.0
Kaufland,1197831,2022-01-16,January,South,Hesse,Vita Cola,0.14,3500,490.00000000000006
Lidl,1197831,2022-01-16,January,South,Berlin,Vita Cola,0.18,2000,360.0
Kaufland,1197831,2022-01-16,January,South,Berlin,Gerolsteiner,0.32,2500,800.0
Netto,1197831,2022-01-16,January,South,Mecklenburg-Vorpommern,Vita Cola,0.23,3500,805.0
Lidl,1197831,2022-02-14,February,South,Hesse,Gerolsteiner,0.23,6000,1380.0
Kaufland,1197831,2022-02-14,February,South,Saxony-Anhalt,Club-Mate,0.23,2500,575.0
Edeka,1197831,2022-02-14,February,South,North Rhine-Westphalia,Vita Cola,0.14,3000,420.00000000000006
Metro,1197831,2022-02-14,February,South,Schleswig-Holstein,Vita Cola,0.18,1500,270.0
Metro,1197831,2022-02-14,February,South,North Rhine-Westphalia,Bionade,0.32,2250,720.0
Edeka,1197831,2022-02-14,February,South,Hamburg,Bionade,0.18,3250,585.0
Penny,1197831,2022-03-12,March,South,Hamburg,Vita Cola,0.18,5450,981.0
Edeka,1197831,2022-03-12,March,South,Brandenburg,Bionade,0.18,2250,405.0
Penny,1197831,2022-03-12,March,South,Saxony-Anhalt,Vita Cola,0.09,2500,225.0
Netto,1197831,2022-03-12,March,South,Bavaria,Fritz-Kola,0.18,1000,180.0
Rewe,1197831,2022-03-12,March,South,Baden-Württemberg,Bionade,0.32,1500,480.0
Edeka,1197831,2022-03-12,March,South,Bavaria,Bionade,0.23,2500,575.0
Netto,1197831,2022-04-13,April,South,Mecklenburg-Vorpommern,Gerolsteiner,0.23,5000,1150.0
Kaufland,1197831,2022-04-13,April,South,Hesse,Fritz-Kola,0.23,2000,460.0
Aldi,1197831,2022-04-13,April,South,Saxony,Fritz-Kola,0.14,2000,280.0
Penny,1197831,2022-04-13,April,South,Hesse,Mezzo Mix,0.18,1250,225.0
Metro,1197831,2022-04-13,April,South,Hamburg,Bionade,0.37,1500,555.0
Metro,1197831,2022-04-13,April,South,North Rhine-Westphalia,Club-Mate,0.28,3000,840.0000000000001
Penny,1197831,2022-05-12,May,South,Brandenburg,Mezzo Mix,0.37,5700,2109.0
Metro,1197831,2022-05-12,May,South,Schleswig-Holstein,Vita Cola,0.37,2750,1017.5
Rewe,1197831,2022-05-12,May,South,Hamburg,Fritz-Kola,0.32,2500,800.0
Metro,1197831,2022-05-12,May,South,Bavaria,Gerolsteiner,0.32,2000,640.0
Penny,1197831,2022-05-12,May,South,Schleswig-Holstein,Vita Cola,0.41,2250,922.5
Netto,1197831,2022-05-12,May,South,Mecklenburg-Vorpommern,Vita Cola,0.41,3250,1332.5
Aldi,1197831,2022-06-14,June,South,North Rhine-Westphalia,Vita Cola,0.37,5750,2127.5
Kaufland,1197831,2022-06-14,June,South,Brandenburg,Vita Cola,0.32,3250,1040.0
Aldi,1197831,2022-06-14,June,South,Baden-Württemberg,Vita Cola,0.37,3000,1110.0
Metro,1197831,2022-06-14,June,South,Hesse,Mezzo Mix,0.37,2750,1017.5
Kaufland,1197831,2022-06-14,June,South,Thuringia,Fritz-Kola,0.51,2750,1402.5
Penny,1197831,2022-06-14,June,South,Saxony,Bionade,0.55,4500,2475.0
Lidl,1197831,2022-07-12,July,South,North Rhine-Westphalia,Fritz-Kola,0.51,6750,3442.5
Kaufland,1197831,2022-07-12,July,South,Saxony-Anhalt,Bionade,0.46,4250,1955.0
Aldi,1197831,2022-07-12,July,South,Schleswig-Holstein,Mezzo Mix,0.41,3500,1435.0
Aldi,1197831,2022-07-12,July,South,Saxony,Fritz-Kola,0.41,3000,1230.0
Kaufland,1197831,2022-07-12,July,South,Hamburg,Fritz-Kola,0.55,3250,1787.5000000000002
Lidl,1197831,2022-07-12,July,South,Schleswig-Holstein,Mezzo Mix,0.6,5000,3000.0
Rewe,1197831,2022-08-13,August,South,North Rhine-Westphalia,Vita Cola,0.55,6500,3575.0000000000005
Aldi,1197831,2022-08-13,August,South,Baden-Württemberg,Club-Mate,0.51,4250,2167.5
Netto,1197831,2022-08-13,August,South,North Rhine-Westphalia,Bionade,0.46,3500,1610.0
Netto,1197831,2022-08-13,August,South,Thuringia,Gerolsteiner,0.37,3000,1110.0
Metro,1197831,2022-08-13,August,South,Thuringia,Fritz-Kola,0.46,2750,1265.0
Penny,1197831,2022-08-13,August,South,Thuringia,Club-Mate,0.51,4500,2295.0
Edeka,1197831,2022-09-12,September,South,Brandenburg,Club-Mate,0.46,5500,2530.0
Penny,1197831,2022-09-12,September,South,Baden-Württemberg,Bionade,0.37,3500,1295.0
Aldi,1197831,2022-09-12,September,South,Thuringia,Fritz-Kola,0.14,2500,350.00000000000006
Aldi,1197831,2022-09-12,September,South,Schleswig-Holstein,Vita Cola,0.14,2250,315.00000000000006
Metro,1197831,2022-09-12,September,South,Hesse,Bionade,0.23,2250,517.5
Metro,1197831,2022-09-12,September,South,Hesse,Gerolsteiner,0.28,3250,910.0000000000001
Kaufland,1197831,2022-10-14,October,South,Hesse,Mezzo Mix,0.28,5000,1400.0000000000002
Kaufland,1197831,2022-10-14,October,South,Baden-Württemberg,Fritz-Kola,0.18,3250,585.0
Metro,1197831,2022-10-14,October,South,Mecklenburg-Vorpommern,Bionade,0.18,2000,360.0
Netto,1197831,2022-10-14,October,South,Mecklenburg-Vorpommern,Mezzo Mix,0.18,1750,315.0
Rewe,1197831,2022-10-14,October,South,Mecklenburg-Vorpommern,Bionade,0.28,1750,490.00000000000006
Netto,1197831,2022-10-14,October,South,Mecklenburg-Vorpommern,Vita Cola,0.28,3000,840.0000000000001
Kaufland,1197831,2022-11-13,November,South,North Rhine-Westphalia,Gerolsteiner,0.23,4500,1035.0
Metro,1197831,2022-11-13,November,South,Thuringia,Vita Cola,0.14,2750,385.00000000000006
Netto,1197831,2022-11-13,November,South,Saxony,Mezzo Mix,0.23,2200,506.0
Netto,1197831,2022-11-13,November,South,Schleswig-Holstein,Vita Cola,0.51,2750,1402.5
Lidl,1197831,2022-11-13,November,South,Baden-Württemberg,Gerolsteiner,0.69,2500,1724.9999999999998
Netto,1197831,2022-11-13,November,South,Brandenburg,Club-Mate,0.69,3500,2415.0
Edeka,1197831,2022-12-12,December,South,Saxony-Anhalt,Vita Cola,0.64,6000,3840.0
Kaufland,1197831,2022-12-12,December,South,Saxony,Fritz-Kola,0.55,4000,2200.0
Aldi,1197831,2022-12-12,December,South,North Rhine-Westphalia,Gerolsteiner,0.55,3500,1925.0000000000002
Metro,1197831,2022-12-12,December,South,Saxony,Mezzo Mix,0.55,3000,1650.0000000000002
Netto,1197831,2022-12-12,December,South,Thuringia,Vita Cola,0.64,3000,1920.0
Metro,1197831,2022-12-12,December,South,Baden-Württemberg,Gerolsteiner,0.69,4000,2760.0
Aldi,1185732,2022-01-12,January,Midwest,Berlin,Fritz-Kola,0.37,4750,1757.5
Kaufland,1185732,2022-01-12,January,Midwest,North Rhine-Westphalia,Bionade,0.37,2750,1017.5
Rewe,1185732,2022-01-12,January,Midwest,Saxony,Gerolsteiner,0.28,2750,770.0000000000001
Lidl,1185732,2022-01-12,January,Midwest,Brandenburg,Bionade,0.32,1250,400.0
Kaufland,1185732,2022-01-12,January,Midwest,Mecklenburg-Vorpommern,Fritz-Kola,0.46,1750,805.0
Edeka,1185732,2022-01-12,January,Midwest,Baden-Württemberg,Vita Cola,0.37,2750,1017.5
Netto,1185732,2022-02-12,February,Midwest,Thuringia,Vita Cola,0.37,5250,1942.5
Rewe,1185732,2022-02-12,February,Midwest,Berlin,Vita Cola,0.37,1750,647.5
Aldi,1185732,2022-02-12,February,Midwest,Schleswig-Holstein,Bionade,0.28,2250,630.0000000000001
Lidl,1185732,2022-02-12,February,Midwest,Berlin,Club-Mate,0.32,1000,320.0
Lidl,1185732,2022-02-12,February,Midwest,Thuringia,Bionade,0.46,1750,805.0
Aldi,1185732,2022-02-12,February,Midwest,Bavaria,Mezzo Mix,0.32,2750,880.0
Penny,1185732,2022-03-11,March,Midwest,Saxony,Club-Mate,0.37,4950,1831.5
Aldi,1185732,2022-03-11,March,Midwest,Brandenburg,Club-Mate,0.37,2000,740.0
Netto,1185732,2022-03-11,March,Midwest,Brandenburg,Mezzo Mix,0.28,2250,630.0000000000001
Penny,1185732,2022-03-11,March,Midwest,Thuringia,Vita Cola,0.32,750,240.0
Kaufland,1185732,2022-03-11,March,Midwest,Schleswig-Holstein,Gerolsteiner,0.46,1250,575.0
Netto,1185732,2022-03-11,March,Midwest,Saxony,Vita Cola,0.37,2250,832.5
Lidl,1185732,2022-04-12,April,Midwest,Saxony-Anhalt,Vita Cola,0.37,4500,1665.0
Metro,1185732,2022-04-12,April,Midwest,North Rhine-Westphalia,Vita Cola,0.37,1500,555.0
Kaufland,1185732,2022-04-12,April,Midwest,Berlin,Gerolsteiner,0.28,1500,420.00000000000006
Rewe,1185732,2022-04-12,April,Midwest,Hesse,Club-Mate,0.32,750,240.0
Edeka,1185732,2022-04-12,April,Midwest,Baden-Württemberg,Club-Mate,0.55,1000,550.0
Rewe,1185732,2022-04-12,April,Midwest,Saxony-Anhalt,Club-Mate,0.46,2250,1035.0
Metro,1185732,2022-05-13,May,Midwest,Bavaria,Bionade,0.55,4950,2722.5
Lidl,1185732,2022-05-13,May,Midwest,Bavaria,Mezzo Mix,0.46,2000,920.0
Edeka,1185732,2022-05-13,May,Midwest,Thuringia,Fritz-Kola,0.41,1750,717.5
Edeka,1185732,2022-05-13,May,Midwest,Mecklenburg-Vorpommern,Gerolsteiner,0.41,1000,410.0
Aldi,1185732,2022-05-13,May,Midwest,Baden-Württemberg,Bionade,0.51,1250,637.5
Edeka,1185732,2022-05-13,May,Midwest,Berlin,Fritz-Kola,0.55,2500,1375.0
Penny,1185732,2022-06-12,June,Midwest,Brandenburg,Vita Cola,0.41,5000,2050.0
Edeka,1185732,2022-06-12,June,Midwest,Brandenburg,Gerolsteiner,0.37,2500,925.0
Aldi,1185732,2022-06-12,June,Midwest,Brandenburg,Club-Mate,0.32,2000,640.0
Lidl,1185732,2022-06-12,June,Midwest,Mecklenburg-Vorpommern,Gerolsteiner,0.32,1750,560.0
Kaufland,1185732,2022-06-12,June,Midwest,Mecklenburg-Vorpommern,Vita Cola,0.41,1750,717.5
Penny,1185732,2022-06-12,June,Midwest,Hesse,Club-Mate,0.51,3250,1657.5
Metro,1185732,2022-07-11,July,Midwest,Hamburg,Mezzo Mix,0.46,5500,2530.0
Kaufland,1185732,2022-07-11,July,Midwest,Schleswig-Holstein,Vita Cola,0.41,3000,1230.0
Kaufland,1185732,2022-07-11,July,Midwest,Brandenburg,Bionade,0.37,2250,832.5
Kaufland,1185732,2022-07-11,July,Midwest,North Rhine-Westphalia,Mezzo Mix,0.37,1750,647.5
Edeka,1185732,2022-07-11,July,Midwest,Bavaria,Fritz-Kola,0.46,2000,920.0
Aldi,1185732,2022-07-11,July,Midwest,Brandenburg,Vita Cola,0.51,3750,1912.5
Rewe,1185732,2022-08-12,August,Midwest,Berlin,Fritz-Kola,0.46,5250,2415.0
Metro,1185732,2022-08-12,August,Midwest,Saxony-Anhalt,Club-Mate,0.41,3000,1230.0
Kaufland,1185732,2022-08-12,August,Midwest,Schleswig-Holstein,Club-Mate,0.37,2250,832.5
Rewe,1185732,2022-08-12,August,Midwest,Mecklenburg-Vorpommern,Gerolsteiner,0.37,2000,740.0
Netto,1185732,2022-08-12,August,Midwest,Baden-Württemberg,Vita Cola,0.46,1750,805.0
Rewe,1185732,2022-08-12,August,Midwest,North Rhine-Westphalia,Fritz-Kola,0.51,3500,1785.0
Lidl,1185732,2022-09-13,September,Midwest,Mecklenburg-Vorpommern,Fritz-Kola,0.41,4750,1947.4999999999998
Kaufland,1185732,2022-09-13,September,Midwest,Schleswig-Holstein,Bionade,0.37,2750,1017.5
Lidl,1185732,2022-09-13,September,Midwest,Baden-Württemberg,Mezzo Mix,0.32,1750,560.0
Lidl,1185732,2022-09-13,September,Midwest,Berlin,Gerolsteiner,0.32,1500,480.0
Metro,1185732,2022-09-13,September,Midwest,Hesse,Mezzo Mix,0.41,1500,615.0
Netto,1185732,2022-09-13,September,Midwest,Saxony-Anhalt,Fritz-Kola,0.46,2250,1035.0
Aldi,1185732,2022-10-12,October,Midwest,Berlin,Fritz-Kola,0.51,4000,2040.0
Edeka,1185732,2022-10-12,October,Midwest,Berlin,Fritz-Kola,0.41,2500,1025.0
Kaufland,1185732,2022-10-12,October,Midwest,Mecklenburg-Vorpommern,Mezzo Mix,0.41,1500,615.0
Edeka,1185732,2022-10-12,October,Midwest,Saxony-Anhalt,Mezzo Mix,0.41,1250,512.5
Kaufland,1185732,2022-10-12,October,Midwest,Thuringia,Club-Mate,0.51,1250,637.5
Penny,1185732,2022-10-12,October,Midwest,Baden-Württemberg,Club-Mate,0.55,2500,1375.0
Netto,1185732,2022-11-12,November,Midwest,Baden-Württemberg,Gerolsteiner,0.51,4000,2040.0
Lidl,1185732,2022-11-12,November,Midwest,Brandenburg,Vita Cola,0.41,2500,1025.0
Penny,1185732,2022-11-12,November,Midwest,Baden-Württemberg,Bionade,0.41,1950,799.5
Netto,1185732,2022-11-12,November,Midwest,Mecklenburg-Vorpommern,Bionade,0.41,1750,717.5
Metro,1185732,2022-11-12,November,Midwest,Schleswig-Holstein,Bionade,0.55,1500,825.0000000000001
Kaufland,1185732,2022-11-12,November,Midwest,Berlin,Mezzo Mix,0.6,2500,1500.0
Rewe,1185732,2022-12-11,December,Midwest,Saxony,Fritz-Kola,0.55,5000,2750.0
Netto,1185732,2022-12-11,December,Midwest,Saxony,Vita Cola,0.46,3000,1380.0
Aldi,1185732,2022-12-11,December,Midwest,Berlin,Vita Cola,0.46,2500,1150.0
Edeka,1185732,2022-12-11,December,Midwest,Hamburg,Vita Cola,0.46,2000,920.0
Rewe,1185732,2022-12-11,December,Midwest,North Rhine-Westphalia,Fritz-Kola,0.55,2000,1100.0
Rewe,1185732,2022-12-11,December,Midwest,Hesse,Mezzo Mix,0.6,3000,1800.0
Rewe,1185732,2022-01-09,January,Midwest,Hamburg,Bionade,0.32,4750,1520.0
Lidl,1185732,2022-01-09,January,Midwest,Schleswig-Holstein,Club-Mate,0.32,2750,880.0
Lidl,1185732,2022-01-09,January,Midwest,Mecklenburg-Vorpommern,Vita Cola,0.23,2750,632.5
Edeka,1185732,2022-01-09,January,Midwest,Schleswig-Holstein,Gerolsteiner,0.28,1250,350.00000000000006
Rewe,1185732,2022-01-09,January,Midwest,Schleswig-Holstein,Gerolsteiner,0.41,1750,717.5
Metro,1185732,2022-01-09,January,Midwest,Brandenburg,Vita Cola,0.32,2750,880.0
Netto,1185732,2022-02-09,February,Midwest,North Rhine-Westphalia,Bionade,0.32,5250,1680.0
Kaufland,1185732,2022-02-09,February,Midwest,Saxony,Mezzo Mix,0.32,1750,560.0
Penny,1185732,2022-02-09,February,Midwest,Hesse,Vita Cola,0.23,2250,517.5
Rewe,1185732,2022-02-09,February,Midwest,Mecklenburg-Vorpommern,Mezzo Mix,0.28,1000,280.0
Edeka,1185732,2022-02-09,February,Midwest,Schleswig-Holstein,Bionade,0.41,1750,717.5
Edeka,1185732,2022-02-09,February,Midwest,Saxony,Bionade,0.23,2750,632.5
Rewe,1185732,2022-03-08,March,Midwest,Thuringia,Gerolsteiner,0.28,4950,1386.0000000000002
Metro,1185732,2022-03-08,March,Midwest,Schleswig-Holstein,Fritz-Kola,0.28,2000,560.0
Netto,1185732,2022-03-08,March,Midwest,Saxony-Anhalt,Club-Mate,0.18,2250,405.0
Penny,1185732,2022-03-08,March,Midwest,Baden-Württemberg,Bionade,0.23,750,172.5
Edeka,1185732,2022-03-08,March,Midwest,Saxony-Anhalt,Mezzo Mix,0.37,1250,462.5
Netto,1185732,2022-03-08,March,Midwest,Baden-Württemberg,Mezzo Mix,0.28,2250,630.0000000000001
Metro,1185732,2022-04-09,April,Midwest,Hamburg,Club-Mate,0.28,4500,1260.0000000000002
Aldi,1185732,2022-04-09,April,Midwest,North Rhine-Westphalia,Fritz-Kola,0.28,1500,420.00000000000006
Kaufland,1185732,2022-04-09,April,Midwest,Hesse,Mezzo Mix,0.18,1500,270.0
Lidl,1185732,2022-04-09,April,Midwest,Thuringia,Fritz-Kola,0.23,750,172.5
Lidl,1185732,2022-04-09,April,Midwest,Saxony,Fritz-Kola,0.55,1000,550.0
Kaufland,1185732,2022-04-09,April,Midwest,Hesse,Gerolsteiner,0.46,2250,1035.0
Penny,1185732,2022-05-10,May,Midwest,Mecklenburg-Vorpommern,Club-Mate,0.55,4950,2722.5
Metro,1185732,2022-05-10,May,Midwest,Saxony,Club-Mate,0.41,2000,820.0
Aldi,1185732,2022-05-10,May,Midwest,North Rhine-Westphalia,Vita Cola,0.37,1750,647.5
Penny,1185732,2022-05-10,May,Midwest,North Rhine-Westphalia,Vita Cola,0.37,1000,370.0
Kaufland,1185732,2022-05-10,May,Midwest,Hesse,Club-Mate,0.46,1250,575.0
Penny,1185732,2022-05-10,May,Midwest,Saxony,Gerolsteiner,0.51,2500,1275.0
Netto,1185732,2022-06-09,June,Midwest,North Rhine-Westphalia,Bionade,0.37,5000,1850.0
Aldi,1185732,2022-06-09,June,Midwest,Berlin,Gerolsteiner,0.32,2500,800.0
Lidl,1185732,2022-06-09,June,Midwest,Berlin,Fritz-Kola,0.28,2000,560.0
Metro,1185732,2022-06-09,June,Midwest,Saxony-Anhalt,Mezzo Mix,0.28,1750,490.00000000000006
Penny,1185732,2022-06-09,June,Midwest,Hamburg,Club-Mate,0.37,1750,647.5
Netto,1185732,2022-06-09,June,Midwest,Berlin,Club-Mate,0.51,3250,1657.5
Netto,1185732,2022-07-08,July,Midwest,Bavaria,Club-Mate,0.46,5500,2530.0
Rewe,1185732,2022-07-08,July,Midwest,Thuringia,Gerolsteiner,0.41,3000,1230.0
Penny,1185732,2022-07-08,July,Midwest,Thuringia,Club-Mate,0.37,2250,832.5
Aldi,1185732,2022-07-08,July,Midwest,Saxony,Mezzo Mix,0.37,1750,647.5
Edeka,1185732,2022-07-08,July,Midwest,North Rhine-Westphalia,Bionade,0.46,2000,920.0
Kaufland,1185732,2022-07-08,July,Midwest,Bavaria,Gerolsteiner,0.51,3750,1912.5
Netto,1185732,2022-08-09,August,Midwest,Thuringia,Fritz-Kola,0.46,5250,2415.0
Lidl,1185732,2022-08-09,August,Midwest,Hamburg,Fritz-Kola,0.41,3000,1230.0
Penny,1185732,2022-08-09,August,Midwest,Thuringia,Fritz-Kola,0.37,2250,832.5
Netto,1185732,2022-08-09,August,Midwest,Thuringia,Gerolsteiner,0.37,2000,740.0
Kaufland,1185732,2022-08-09,August,Midwest,Thuringia,Fritz-Kola,0.46,1750,805.0
Rewe,1185732,2022-08-09,August,Midwest,Brandenburg,Fritz-Kola,0.51,3500,1785.0
Netto,1185732,2022-09-10,September,Midwest,Hamburg,Bionade,0.37,4750,1757.5
Kaufland,1185732,2022-09-10,September,Midwest,Brandenburg,Gerolsteiner,0.32,2750,880.0
Edeka,1185732,2022-09-10,September,Midwest,Schleswig-Holstein,Gerolsteiner,0.28,1750,490.00000000000006
Kaufland,1185732,2022-09-10,September,Midwest,Bavaria,Mezzo Mix,0.28,1500,420.00000000000006
Rewe,1185732,2022-09-10,September,Midwest,Hesse,Club-Mate,0.37,1500,555.0
Lidl,1185732,2022-09-10,September,Midwest,Schleswig-Holstein,Club-Mate,0.41,2250,922.5
Metro,1185732,2022-10-09,October,Midwest,North Rhine-Westphalia,Vita Cola,0.46,4000,1840.0
Rewe,1185732,2022-10-09,October,Midwest,Saxony-Anhalt,Club-Mate,0.37,2500,925.0
Metro,1185732,2022-10-09,October,Midwest,Baden-Württemberg,Bionade,0.37,1500,555.0
Edeka,1185732,2022-10-09,October,Midwest,North Rhine-Westphalia,Club-Mate,0.37,1250,462.5
Aldi,1185732,2022-10-09,October,Midwest,Saxony-Anhalt,Gerolsteiner,0.46,1250,575.0
Lidl,1185732,2022-10-09,October,Midwest,Saxony-Anhalt,Gerolsteiner,0.51,2500,1275.0
Rewe,1185732,2022-11-09,November,Midwest,Thuringia,Bionade,0.46,4000,1840.0
Penny,1185732,2022-11-09,November,Midwest,Bavaria,Club-Mate,0.37,2500,925.0
Netto,1185732,2022-11-09,November,Midwest,Bavaria,Mezzo Mix,0.37,1950,721.5
Aldi,1185732,2022-11-09,November,Midwest,Brandenburg,Gerolsteiner,0.37,1750,647.5
Metro,1185732,2022-11-09,November,Midwest,Saxony,Bionade,0.55,1500,825.0000000000001
Edeka,1185732,2022-11-09,November,Midwest,Hamburg,Club-Mate,0.6,2500,1500.0
Edeka,1185732,2022-12-08,December,Midwest,Berlin,Bionade,0.55,5000,2750.0
Metro,1185732,2022-12-08,December,Midwest,Baden-Württemberg,Club-Mate,0.46,3000,1380.0
Rewe,1185732,2022-12-08,December,Midwest,Bavaria,Gerolsteiner,0.46,2500,1150.0
Kaufland,1185732,2022-12-08,December,Midwest,Thuringia,Mezzo Mix,0.46,2000,920.0
Lidl,1185732,2022-12-08,December,Midwest,Hesse,Club-Mate,0.55,2000,1100.0
Rewe,1185732,2022-12-08,December,Midwest,Bavaria,Gerolsteiner,0.6,3000,1800.0
Aldi,1185732,2022-01-06,January,Midwest,Baden-Württemberg,Fritz-Kola,0.28,4500,1260.0000000000002
Penny,1185732,2022-01-06,January,Midwest,Berlin,Vita Cola,0.28,2500,700.0000000000001
Netto,1185732,2022-01-06,January,Midwest,Saxony-Anhalt,Fritz-Kola,0.18,2500,450.0
Aldi,1185732,2022-01-06,January,Midwest,Hamburg,Vita Cola,0.23,1000,230.0
Penny,1185732,2022-01-06,January,Midwest,Berlin,Fritz-Kola,0.37,1500,555.0
Penny,1185732,2022-01-06,January,Midwest,Hamburg,Mezzo Mix,0.28,2500,700.0000000000001
Metro,1185732,2022-02-06,February,Midwest,Brandenburg,Vita Cola,0.28,5000,1400.0000000000002
Rewe,1185732,2022-02-06,February,Midwest,Bavaria,Fritz-Kola,0.28,1500,420.00000000000006
Metro,1185732,2022-02-06,February,Midwest,Saxony,Club-Mate,0.18,2000,360.0
Metro,1185732,2022-02-06,February,Midwest,Thuringia,Fritz-Kola,0.23,750,172.5
Kaufland,1185732,2022-02-06,February,Midwest,Brandenburg,Club-Mate,0.37,1500,555.0
Metro,1185732,2022-02-06,February,Midwest,North Rhine-Westphalia,Mezzo Mix,0.14,2500,350.00000000000006
Kaufland,1185732,2022-03-05,March,Midwest,Brandenburg,Mezzo Mix,0.18,4700,846.0
Netto,1185732,2022-03-05,March,Midwest,Hesse,Mezzo Mix,0.18,1750,315.0
Edeka,1185732,2022-03-05,March,Midwest,Mecklenburg-Vorpommern,Fritz-Kola,0.09,2250,202.5
Kaufland,1185732,2022-03-05,March,Midwest,Berlin,Gerolsteiner,0.14,1000,140.0
Penny,1185732,2022-03-05,March,Midwest,Schleswig-Holstein,Fritz-Kola,0.28,1500,420.00000000000006
Edeka,1185732,2022-03-05,March,Midwest,Hamburg,Vita Cola,0.18,2500,450.0
Penny,1185732,2022-04-06,April,Midwest,Hesse,Vita Cola,0.18,4750,855.0
Lidl,1185732,2022-04-06,April,Midwest,Baden-Württemberg,Bionade,0.18,1750,315.0
Kaufland,1185732,2022-04-06,April,Midwest,Saxony-Anhalt,Mezzo Mix,0.09,1750,157.5
Kaufland,1185732,2022-04-06,April,Midwest,Saxony-Anhalt,Fritz-Kola,0.14,1000,140.0
Penny,1185732,2022-04-06,April,Midwest,Saxony-Anhalt,Mezzo Mix,0.55,1250,687.5
Lidl,1185732,2022-04-06,April,Midwest,Mecklenburg-Vorpommern,Mezzo Mix,0.46,2500,1150.0
Edeka,1185732,2022-05-07,May,Midwest,North Rhine-Westphalia,Gerolsteiner,0.55,5200,2860.0000000000005
Edeka,1185732,2022-05-07,May,Midwest,Saxony,Gerolsteiner,0.37,2250,832.5
Lidl,1185732,2022-05-07,May,Midwest,Saxony-Anhalt,Vita Cola,0.32,2000,640.0
Edeka,1185732,2022-05-07,May,Midwest,Hamburg,Gerolsteiner,0.32,1250,400.0
Lidl,1185732,2022-05-07,May,Midwest,Hesse,Gerolsteiner,0.41,1500,615.0
Metro,1185732,2022-05-07,May,Midwest,Thuringia,Gerolsteiner,0.46,2750,1265.0
Edeka,1185732,2022-06-06,June,Midwest,Saxony-Anhalt,Fritz-Kola,0.32,5250,1680.0
Aldi,1185732,2022-06-06,June,Midwest,Baden-Württemberg,Club-Mate,0.28,2750,770.0000000000001
Aldi,1185732,2022-06-06,June,Midwest,Baden-Württemberg,Gerolsteiner,0.23,2000,460.0
Kaufland,1185732,2022-06-06,June,Midwest,Hesse,Bionade,0.23,1750,402.5
Penny,1185732,2022-06-06,June,Midwest,North Rhine-Westphalia,Club-Mate,0.32,1750,560.0
Lidl,1185732,2022-06-06,June,Midwest,North Rhine-Westphalia,Bionade,0.51,3250,1657.5
Edeka,1185732,2022-07-05,July,Midwest,Saxony,Fritz-Kola,0.46,5500,2530.0
Netto,1185732,2022-07-05,July,Midwest,Saxony-Anhalt,Fritz-Kola,0.41,3000,1230.0
Metro,1185732,2022-07-05,July,Midwest,Brandenburg,Gerolsteiner,0.37,2250,832.5
Edeka,1185732,2022-07-05,July,Midwest,Thuringia,Gerolsteiner,0.37,1750,647.5
Metro,1185732,2022-07-05,July,Midwest,Hesse,Fritz-Kola,0.46,2000,920.0
Netto,1185732,2022-07-05,July,Midwest,Schleswig-Holstein,Vita Cola,0.51,3750,1912.5
Edeka,1185732,2022-08-06,August,Midwest,Mecklenburg-Vorpommern,Gerolsteiner,0.46,5250,2415.0
Penny,1185732,2022-08-06,August,Midwest,Thuringia,Mezzo Mix,0.41,3000,1230.0
Metro,1185732,2022-08-06,August,Midwest,Hesse,Fritz-Kola,0.37,2250,832.5
Penny,1185732,2022-08-06,August,Midwest,North Rhine-Westphalia,Bionade,0.37,2000,740.0
Aldi,1185732,2022-08-06,August,Midwest,Hamburg,Club-Mate,0.46,1750,805.0
Penny,1185732,2022-08-06,August,Midwest,Bavaria,Club-Mate,0.51,3500,1785.0
Penny,1185732,2022-09-07,September,Midwest,Schleswig-Holstein,Club-Mate,0.32,4750,1520.0
Lidl,1185732,2022-09-07,September,Midwest,Thuringia,Gerolsteiner,0.28,2750,770.0000000000001
Metro,1185732,2022-09-07,September,Midwest,North Rhine-Westphalia,Gerolsteiner,0.23,1750,402.5
Aldi,1185732,2022-09-07,September,Midwest,Brandenburg,Bionade,0.23,1500,345.0
Edeka,1185732,2022-09-07,September,Midwest,Baden-Württemberg,Bionade,0.32,1500,480.0
Lidl,1185732,2022-09-07,September,Midwest,Hesse,Club-Mate,0.37,2250,832.5
Lidl,1185732,2022-10-06,October,Midwest,Schleswig-Holstein,Mezzo Mix,0.41,4000,1640.0
Penny,1185732,2022-10-06,October,Midwest,Berlin,Vita Cola,0.32,2500,800.0
Lidl,1185732,2022-10-06,October,Midwest,Saxony,Fritz-Kola,0.32,1500,480.0
Lidl,1185732,2022-10-06,October,Midwest,Berlin,Fritz-Kola,0.32,1250,400.0
Edeka,1185732,2022-10-06,October,Midwest,Saxony-Anhalt,Bionade,0.41,1250,512.5
Edeka,1185732,2022-10-06,October,Midwest,Hamburg,Vita Cola,0.46,2500,1150.0
Penny,1185732,2022-11-06,November,Midwest,Thuringia,Gerolsteiner,0.41,4000,1640.0
Edeka,1185732,2022-11-06,November,Midwest,Berlin,Gerolsteiner,0.32,2750,880.0
Edeka,1185732,2022-11-06,November,Midwest,Hamburg,Vita Cola,0.32,2200,704.0
Kaufland,1185732,2022-11-06,November,Midwest,Berlin,Gerolsteiner,0.32,2000,640.0
Metro,1185732,2022-11-06,November,Midwest,Bavaria,Mezzo Mix,0.55,1750,962.5000000000001
Lidl,1185732,2022-11-06,November,Midwest,Baden-Württemberg,Gerolsteiner,0.6,2750,1650.0
Lidl,1185732,2022-12-05,December,Midwest,Schleswig-Holstein,Gerolsteiner,0.55,5250,2887.5000000000005
Netto,1185732,2022-12-05,December,Midwest,Hamburg,Bionade,0.46,3250,1495.0
Penny,1185732,2022-12-05,December,Midwest,Mecklenburg-Vorpommern,Gerolsteiner,0.46,2750,1265.0
Lidl,1185732,2022-12-05,December,Midwest,Mecklenburg-Vorpommern,Fritz-Kola,0.46,2250,1035.0
Lidl,1185732,2022-12-05,December,Midwest,Baden-Württemberg,Club-Mate,0.55,2250,1237.5
Lidl,1185732,2022-12-05,December,Midwest,Saxony-Anhalt,Vita Cola,0.6,3250,1950.0
Netto,1185732,2022-01-03,January,Midwest,Brandenburg,Gerolsteiner,0.28,4500,1260.0000000000002
Metro,1185732,2022-01-03,January,Midwest,Saxony-Anhalt,Mezzo Mix,0.28,2500,700.0000000000001
Rewe,1185732,2022-01-03,January,Midwest,Baden-Württemberg,Mezzo Mix,0.18,2500,450.0
Rewe,1185732,2022-01-03,January,Midwest,Schleswig-Holstein,Vita Cola,0.23,1000,230.0
Aldi,1185732,2022-01-03,January,Midwest,Hesse,Bionade,0.37,1500,555.0
Netto,1185732,2022-01-03,January,Midwest,Hesse,Fritz-Kola,0.28,2500,700.0000000000001
Rewe,1185732,2022-02-03,February,Midwest,Baden-Württemberg,Fritz-Kola,0.28,5000,1400.0000000000002
Lidl,1185732,2022-02-03,February,Midwest,Schleswig-Holstein,Gerolsteiner,0.28,1500,420.00000000000006
Netto,1185732,2022-02-03,February,Midwest,Mecklenburg-Vorpommern,Fritz-Kola,0.18,2000,360.0
Penny,1185732,2022-02-03,February,Midwest,Mecklenburg-Vorpommern,Fritz-Kola,0.23,750,172.5
Edeka,1185732,2022-02-03,February,Midwest,Saxony-Anhalt,Vita Cola,0.37,1500,555.0
Penny,1185732,2022-02-03,February,Midwest,Mecklenburg-Vorpommern,Gerolsteiner,0.14,2500,350.00000000000006
Lidl,1185732,2022-03-02,March,Midwest,North Rhine-Westphalia,Club-Mate,0.18,4700,846.0
Metro,1185732,2022-03-02,March,Midwest,Baden-Württemberg,Fritz-Kola,0.18,1750,315.0
Lidl,1185732,2022-03-02,March,Midwest,Berlin,Mezzo Mix,0.09,2250,202.5
Rewe,1185732,2022-03-02,March,Midwest,Baden-Württemberg,Mezzo Mix,0.14,750,105.00000000000001
Metro,1185732,2022-03-02,March,Midwest,Thuringia,Vita Cola,0.28,1250,350.00000000000006
Rewe,1185732,2022-03-02,March,Midwest,Saxony,Gerolsteiner,0.18,2250,405.0
Netto,1185732,2022-04-03,April,Midwest,North Rhine-Westphalia,Fritz-Kola,0.18,4500,810.0
Lidl,1185732,2022-04-03,April,Midwest,Schleswig-Holstein,Fritz-Kola,0.18,1500,270.0
Penny,1185732,2022-04-03,April,Midwest,North Rhine-Westphalia,Fritz-Kola,0.09,1500,135.0
Penny,1185732,2022-04-03,April,Midwest,Thuringia,Club-Mate,0.14,750,105.00000000000001
Lidl,1185732,2022-04-03,April,Midwest,Mecklenburg-Vorpommern,Club-Mate,0.55,1000,550.0
Penny,1185732,2022-04-03,April,Midwest,Bavaria,Gerolsteiner,0.46,2250,1035.0
Penny,1185732,2022-05-04,May,Midwest,Mecklenburg-Vorpommern,Mezzo Mix,0.55,4950,2722.5
Metro,1185732,2022-05-04,May,Midwest,Hesse,Fritz-Kola,0.37,2000,740.0
Kaufland,1185732,2022-05-04,May,Midwest,Hesse,Mezzo Mix,0.32,1750,560.0
Kaufland,1185732,2022-05-04,May,Midwest,Schleswig-Holstein,Fritz-Kola,0.32,1500,480.0
Metro,1185732,2022-05-04,May,Midwest,Saxony-Anhalt,Club-Mate,0.41,1750,717.5
Edeka,1185732,2022-05-04,May,Midwest,North Rhine-Westphalia,Mezzo Mix,0.46,3000,1380.0
Edeka,1185732,2022-06-03,June,Midwest,Bavaria,Fritz-Kola,0.32,5500,1760.0
Aldi,1185732,2022-06-03,June,Midwest,Baden-Württemberg,Gerolsteiner,0.28,3000,840.0000000000001
Kaufland,1185732,2022-06-03,June,Midwest,Mecklenburg-Vorpommern,Bionade,0.23,2000,460.0
Aldi,1185732,2022-06-03,June,Midwest,Brandenburg,Gerolsteiner,0.23,1750,402.5
Kaufland,1185732,2022-06-03,June,Midwest,Hamburg,Mezzo Mix,0.32,1750,560.0
Lidl,1185732,2022-06-03,June,Midwest,Bavaria,Vita Cola,0.51,3250,1657.5
Metro,1185732,2022-07-02,July,Midwest,Hamburg,Gerolsteiner,0.46,5500,2530.0
Lidl,1185732,2022-07-02,July,Midwest,Baden-Württemberg,Bionade,0.41,3000,1230.0
Netto,1185732,2022-07-02,July,Midwest,Saxony,Mezzo Mix,0.37,2250,832.5
Rewe,1185732,2022-07-02,July,Midwest,Mecklenburg-Vorpommern,Fritz-Kola,0.37,1750,647.5
Kaufland,1185732,2022-07-02,July,Midwest,Saxony,Bionade,0.46,2000,920.0
Metro,1185732,2022-07-02,July,Midwest,Saxony,Gerolsteiner,0.51,3750,1912.5
Metro,1185732,2022-08-03,August,Midwest,Baden-Württemberg,Club-Mate,0.46,5250,2415.0
Edeka,1185732,2022-08-03,August,Midwest,Hesse,Mezzo Mix,0.41,3000,1230.0
Netto,1185732,2022-08-03,August,Midwest,Berlin,Bionade,0.37,2250,832.5
Metro,1185732,2022-08-03,August,Midwest,Thuringia,Fritz-Kola,0.37,2000,740.0
Netto,1185732,2022-08-03,August,Midwest,Saxony-Anhalt,Gerolsteiner,0.46,1750,805.0
Aldi,1185732,2022-08-03,August,Midwest,Hamburg,Gerolsteiner,0.51,3500,1785.0
Aldi,1185732,2022-09-04,September,Midwest,Mecklenburg-Vorpommern,Mezzo Mix,0.32,4750,1520.0
Aldi,1185732,2022-09-04,September,Midwest,Hamburg,Club-Mate,0.28,2500,700.0000000000001
Edeka,1185732,2022-09-04,September,Midwest,Baden-Württemberg,Club-Mate,0.23,1500,345.0
Aldi,1185732,2022-09-04,September,Midwest,Berlin,Vita Cola,0.23,1250,287.5
Aldi,1185732,2022-09-04,September,Midwest,North Rhine-Westphalia,Mezzo Mix,0.32,1250,400.0
Kaufland,1185732,2022-09-04,September,Midwest,Hamburg,Bionade,0.37,2000,740.0
Edeka,1185732,2022-10-03,October,Midwest,Baden-Württemberg,Club-Mate,0.41,3750,1537.5
Aldi,1185732,2022-10-03,October,Midwest,Mecklenburg-Vorpommern,Bionade,0.32,2250,720.0
Lidl,1185732,2022-10-03,October,Midwest,Hamburg,Vita Cola,0.32,1250,400.0
Kaufland,1185732,2022-10-03,October,Midwest,Hamburg,Club-Mate,0.32,1250,400.0
Netto,1185732,2022-10-03,October,Midwest,Saxony,Gerolsteiner,0.41,1250,512.5
Aldi,1185732,2022-10-03,October,Midwest,Brandenburg,Mezzo Mix,0.46,2500,1150.0
Metro,1185732,2022-11-03,November,Midwest,Saxony,Mezzo Mix,0.41,4000,1640.0
Penny,1185732,2022-11-03,November,Midwest,Berlin,Bionade,0.32,3000,960.0
Edeka,1185732,2022-11-03,November,Midwest,Saxony,Gerolsteiner,0.32,2450,784.0
Kaufland,1185732,2022-11-03,November,Midwest,Brandenburg,Vita Cola,0.32,2250,720.0
Netto,1185732,2022-11-03,November,Midwest,Thuringia,Fritz-Kola,0.55,2000,1100.0
Penny,1185732,2022-11-03,November,Midwest,Baden-Württemberg,Gerolsteiner,0.6,3000,1800.0
Metro,1185732,2022-12-02,December,Midwest,Hesse,Fritz-Kola,0.55,5500,3025.0000000000005
Aldi,1185732,2022-12-02,December,Midwest,Thuringia,Bionade,0.46,3500,1610.0
Aldi,1185732,2022-12-02,December,Midwest,Baden-Württemberg,Mezzo Mix,0.46,3000,1380.0
Netto,1185732,2022-12-02,December,Midwest,North Rhine-Westphalia,Mezzo Mix,0.46,2500,1150.0
Rewe,1185732,2022-12-02,December,Midwest,Hesse,Fritz-Kola,0.55,2500,1375.0
Penny,1185732,2022-12-02,December,Midwest,Berlin,Mezzo Mix,0.6,3500,2100.0
Kaufland,1185732,2022-01-10,January,Midwest,North Rhine-Westphalia,Bionade,0.32,5000,1600.0
Aldi,1185732,2022-01-10,January,Midwest,Hamburg,Fritz-Kola,0.32,3000,960.0
Rewe,1185732,2022-01-10,January,Midwest,Baden-Württemberg,Mezzo Mix,0.23,3000,690.0
Lidl,1185732,2022-01-10,January,Midwest,Brandenburg,Mezzo Mix,0.28,1500,420.00000000000006
Edeka,1185732,2022-01-10,January,Midwest,Berlin,Club-Mate,0.41,2000,820.0
Metro,1185732,2022-01-10,January,Midwest,Hesse,Gerolsteiner,0.32,3000,960.0
Rewe,1185732,2022-02-10,February,Midwest,Berlin,Bionade,0.32,5500,1760.0
Lidl,1185732,2022-02-10,February,Midwest,Bavaria,Gerolsteiner,0.32,2000,640.0
Lidl,1185732,2022-02-10,February,Midwest,Baden-Württemberg,Club-Mate,0.23,2500,575.0
Lidl,1185732,2022-02-10,February,Midwest,Baden-Württemberg,Club-Mate,0.28,1250,350.00000000000006
Netto,1185732,2022-02-10,February,Midwest,Berlin,Club-Mate,0.41,2000,820.0
Lidl,1185732,2022-02-10,February,Midwest,Saxony,Vita Cola,0.18,3000,540.0
Penny,1185732,2022-03-09,March,Midwest,Baden-Württemberg,Gerolsteiner,0.23,5200,1196.0
Aldi,1185732,2022-03-09,March,Midwest,Saxony-Anhalt,Vita Cola,0.23,2250,517.5
Lidl,1185732,2022-03-09,March,Midwest,Saxony,Gerolsteiner,0.14,2750,385.00000000000006
Netto,1185732,2022-03-09,March,Midwest,Saxony,Fritz-Kola,0.18,1250,225.0
Rewe,1185732,2022-03-09,March,Midwest,Schleswig-Holstein,Vita Cola,0.32,1750,560.0
Lidl,1185732,2022-03-09,March,Midwest,Berlin,Mezzo Mix,0.23,2750,632.5
Netto,1185732,2022-04-10,April,Midwest,Saxony,Vita Cola,0.23,5000,1150.0
Kaufland,1185732,2022-04-10,April,Midwest,Thuringia,Gerolsteiner,0.23,2000,460.0
Kaufland,1185732,2022-04-10,April,Midwest,Berlin,Vita Cola,0.14,2000,280.0
Rewe,1185732,2022-04-10,April,Midwest,Hesse,Bionade,0.18,1250,225.0
Penny,1185732,2022-04-10,April,Midwest,Saxony,Bionade,0.6,1500,900.0
Penny,1185732,2022-04-10,April,Midwest,Berlin,Fritz-Kola,0.46,2750,1265.0
Penny,1185732,2022-05-11,May,Midwest,North Rhine-Westphalia,Club-Mate,0.55,5450,2997.5000000000005
Rewe,1185732,2022-05-11,May,Midwest,Baden-Württemberg,Gerolsteiner,0.37,2500,925.0
Netto,1185732,2022-05-11,May,Midwest,North Rhine-Westphalia,Vita Cola,0.32,2250,720.0
Netto,1185732,2022-05-11,May,Midwest,Saxony,Fritz-Kola,0.32,1750,560.0
Edeka,1185732,2022-05-11,May,Midwest,Brandenburg,Vita Cola,0.41,2000,820.0
Aldi,1185732,2022-05-11,May,Midwest,Mecklenburg-Vorpommern,Mezzo Mix,0.51,3250,1657.5
Kaufland,1185732,2022-06-10,June,Midwest,Mecklenburg-Vorpommern,Bionade,0.37,5750,2127.5
Edeka,1185732,2022-06-10,June,Midwest,Baden-Württemberg,Mezzo Mix,0.32,3250,1040.0
Lidl,1185732,2022-06-10,June,Midwest,Brandenburg,Club-Mate,0.28,2000,560.0
Lidl,1185732,2022-06-10,June,Midwest,Mecklenburg-Vorpommern,Gerolsteiner,0.28,1750,490.00000000000006
Rewe,1185732,2022-06-10,June,Midwest,Thuringia,Club-Mate,0.37,1750,647.5
Edeka,1185732,2022-06-10,June,Midwest,Saxony-Anhalt,Vita Cola,0.55,3250,1787.5000000000002
Lidl,1185732,2022-07-09,July,Midwest,Hesse,Mezzo Mix,0.51,5500,2805.0
Aldi,1185732,2022-07-09,July,Midwest,North Rhine-Westphalia,Mezzo Mix,0.46,3000,1380.0
Netto,1185732,2022-07-09,July,Midwest,Saxony,Club-Mate,0.41,2250,922.5
Metro,1185732,2022-07-09,July,Midwest,Berlin,Vita Cola,0.41,1750,717.5
Metro,1185732,2022-07-09,July,Midwest,Thuringia,Gerolsteiner,0.51,2000,1020.0
Edeka,1185732,2022-07-09,July,Midwest,Saxony,Fritz-Kola,0.55,3750,2062.5
Kaufland,1185732,2022-08-10,August,Midwest,Saxony-Anhalt,Bionade,0.46,5250,2415.0
Metro,1185732,2022-08-10,August,Midwest,Schleswig-Holstein,Club-Mate,0.41,3000,1230.0
Lidl,1185732,2022-08-10,August,Midwest,North Rhine-Westphalia,Gerolsteiner,0.37,2250,832.5
Netto,1185732,2022-08-10,August,Midwest,North Rhine-Westphalia,Vita Cola,0.37,2000,740.0
Kaufland,1185732,2022-08-10,August,Midwest,North Rhine-Westphalia,Bionade,0.46,1750,805.0
Aldi,1185732,2022-08-10,August,Midwest,Saxony,Bionade,0.51,3500,1785.0
Netto,1185732,2022-09-11,September,Midwest,Mecklenburg-Vorpommern,Bionade,0.32,4750,1520.0
Kaufland,1185732,2022-09-11,September,Midwest,Hamburg,Fritz-Kola,0.28,2750,770.0000000000001
Metro,1185732,2022-09-11,September,Midwest,Saxony-Anhalt,Bionade,0.23,1750,402.5
Kaufland,1185732,2022-09-11,September,Midwest,Hesse,Vita Cola,0.23,1500,345.0
Penny,1185732,2022-09-11,September,Midwest,North Rhine-Westphalia,Club-Mate,0.32,1500,480.0
Kaufland,1185732,2022-09-11,September,Midwest,Brandenburg,Fritz-Kola,0.37,2250,832.5
Kaufland,1185732,2022-10-10,October,Midwest,Bavaria,Mezzo Mix,0.41,4000,1640.0
Penny,1185732,2022-10-10,October,Midwest,North Rhine-Westphalia,Gerolsteiner,0.32,2500,800.0
Netto,1185732,2022-10-10,October,Midwest,Thuringia,Club-Mate,0.32,1500,480.0
Lidl,1185732,2022-10-10,October,Midwest,Berlin,Vita Cola,0.32,1500,480.0
Edeka,1185732,2022-10-10,October,Midwest,Mecklenburg-Vorpommern,Bionade,0.41,1500,615.0
Edeka,1185732,2022-10-10,October,Midwest,Berlin,Bionade,0.46,2750,1265.0
Rewe,1185732,2022-11-10,November,Midwest,Saxony,Vita Cola,0.41,4250,1742.5
Metro,1185732,2022-11-10,November,Midwest,Bavaria,Gerolsteiner,0.32,3250,1040.0
Edeka,1185732,2022-11-10,November,Midwest,Mecklenburg-Vorpommern,Fritz-Kola,0.32,2700,864.0
Rewe,1185732,2022-11-10,November,Midwest,Bavaria,Bionade,0.32,2750,880.0
Rewe,1185732,2022-11-10,November,Midwest,Hamburg,Gerolsteiner,0.55,2500,1375.0
Netto,1185732,2022-11-10,November,Midwest,Mecklenburg-Vorpommern,Club-Mate,0.6,3500,2100.0
Rewe,1185732,2022-12-09,December,Midwest,Hamburg,Bionade,0.55,6000,3300.0000000000005
Penny,1185732,2022-12-09,December,Midwest,Schleswig-Holstein,Vita Cola,0.46,4000,1840.0
Penny,1185732,2022-12-09,December,Midwest,Schleswig-Holstein,Club-Mate,0.46,3500,1610.0
Lidl,1185732,2022-12-09,December,Midwest,Hesse,Club-Mate,0.46,3000,1380.0
Penny,1185732,2022-12-09,December,Midwest,Saxony,Club-Mate,0.55,3000,1650.0000000000002
Edeka,1185732,2022-12-09,December,Midwest,Brandenburg,Mezzo Mix,0.6,4000,2400.0
Penny,1185732,2022-01-17,January,Midwest,North Rhine-Westphalia,Gerolsteiner,0.32,5000,1600.0
Rewe,1185732,2022-01-17,January,Midwest,Saxony,Club-Mate,0.32,3000,960.0
Lidl,1185732,2022-01-17,January,Midwest,Berlin,Bionade,0.23,3000,690.0
Edeka,1185732,2022-01-17,January,Midwest,Thuringia,Club-Mate,0.28,1500,420.00000000000006
Metro,1185732,2022-01-17,January,Midwest,Brandenburg,Vita Cola,0.41,2000,820.0
Penny,1185732,2022-01-17,January,Midwest,Mecklenburg-Vorpommern,Fritz-Kola,0.32,3000,960.0
Lidl,1185732,2022-02-17,February,Midwest,Bavaria,Club-Mate,0.32,5500,1760.0
Netto,1185732,2022-02-17,February,Midwest,Thuringia,Gerolsteiner,0.37,2000,740.0
Penny,1185732,2022-02-17,February,Midwest,Thuringia,Vita Cola,0.28,3000,840.0000000000001
Lidl,1185732,2022-02-17,February,Midwest,Baden-Württemberg,Club-Mate,0.32,1750,560.0
Rewe,1185732,2022-02-17,February,Midwest,Brandenburg,Gerolsteiner,0.46,2500,1150.0
Netto,1185732,2022-02-17,February,Midwest,Hamburg,Vita Cola,0.23,3500,805.0
Lidl,1185732,2022-03-16,March,Midwest,Hamburg,Bionade,0.28,5700,1596.0000000000002
Aldi,1185732,2022-03-16,March,Midwest,Bavaria,Club-Mate,0.28,2750,770.0000000000001
Kaufland,1185732,2022-03-16,March,Midwest,North Rhine-Westphalia,Mezzo Mix,0.18,3250,585.0
Lidl,1185732,2022-03-16,March,Midwest,Berlin,Gerolsteiner,0.23,1750,402.5
Edeka,1185732,2022-03-16,March,Midwest,Bavaria,Vita Cola,0.37,2250,832.5
Metro,1185732,2022-03-16,March,Midwest,Thuringia,Club-Mate,0.28,3250,910.0000000000001
Netto,1185732,2022-04-17,April,Midwest,Hesse,Bionade,0.28,5500,1540.0000000000002
Kaufland,1185732,2022-04-17,April,Midwest,Brandenburg,Mezzo Mix,0.28,2500,700.0000000000001
Lidl,1185732,2022-04-17,April,Midwest,Brandenburg,Club-Mate,0.18,2500,450.0
Aldi,1185732,2022-04-17,April,Midwest,Bavaria,Mezzo Mix,0.23,1750,402.5
Metro,1185732,2022-04-17,April,Midwest,Baden-Württemberg,Mezzo Mix,0.6,2000,1200.0
Rewe,1185732,2022-04-17,April,Midwest,Hesse,Mezzo Mix,0.46,3250,1495.0
Aldi,1185732,2022-05-18,May,Midwest,Baden-Württemberg,Vita Cola,0.55,5950,3272.5000000000005
Metro,1185732,2022-05-18,May,Midwest,Berlin,Bionade,0.37,3000,1110.0
Netto,1185732,2022-05-18,May,Midwest,Brandenburg,Bionade,0.32,2750,880.0
Metro,1185732,2022-05-18,May,Midwest,Baden-Württemberg,Club-Mate,0.32,2000,640.0
Penny,1185732,2022-05-18,May,Midwest,Bavaria,Vita Cola,0.41,2250,922.5
Netto,1185732,2022-05-18,May,Midwest,Hamburg,Fritz-Kola,0.51,3500,1785.0
Rewe,1185732,2022-06-17,June,Midwest,Thuringia,Vita Cola,0.41,6000,2460.0
Metro,1185732,2022-06-17,June,Midwest,Brandenburg,Club-Mate,0.37,4250,1572.5
Lidl,1185732,2022-06-17,June,Midwest,Schleswig-Holstein,Club-Mate,0.32,3000,960.0
Penny,1185732,2022-06-17,June,Midwest,Brandenburg,Fritz-Kola,0.32,2750,880.0
Lidl,1185732,2022-06-17,June,Midwest,Thuringia,Vita Cola,0.41,2750,1127.5
Penny,1185732,2022-06-17,June,Midwest,Baden-Württemberg,Fritz-Kola,0.6,4250,2550.0
Penny,1185732,2022-07-16,July,Midwest,Berlin,Vita Cola,0.55,6500,3575.0000000000005
Netto,1185732,2022-07-16,July,Midwest,Brandenburg,Gerolsteiner,0.51,4000,2040.0
Kaufland,1185732,2022-07-16,July,Midwest,Saxony,Club-Mate,0.46,3250,1495.0
Netto,1185732,2022-07-16,July,Midwest,Brandenburg,Fritz-Kola,0.46,2750,1265.0
Lidl,1185732,2022-07-16,July,Midwest,Brandenburg,Club-Mate,0.55,3000,1650.0000000000002
Kaufland,1185732,2022-07-16,July,Midwest,Mecklenburg-Vorpommern,Club-Mate,0.6,4750,2850.0
Lidl,1185732,2022-08-17,August,Midwest,Bavaria,Vita Cola,0.46,5250,2415.0
Edeka,1185732,2022-08-17,August,Midwest,Hesse,Club-Mate,0.41,3000,1230.0
Rewe,1185732,2022-08-17,August,Midwest,Brandenburg,Vita Cola,0.37,3000,1110.0
Aldi,1185732,2022-08-17,August,Midwest,Bavaria,Bionade,0.37,2750,1017.5
Lidl,1185732,2022-08-17,August,Midwest,Saxony-Anhalt,Bionade,0.46,2500,1150.0
Penny,1185732,2022-08-17,August,Midwest,Bavaria,Club-Mate,0.51,4250,2167.5
Aldi,1185732,2022-09-18,September,Midwest,Thuringia,Fritz-Kola,0.32,5500,1760.0
Lidl,1185732,2022-09-18,September,Midwest,Mecklenburg-Vorpommern,Club-Mate,0.28,3500,980.0000000000001
Aldi,1185732,2022-09-18,September,Midwest,Hesse,Fritz-Kola,0.23,2500,575.0
Metro,1185732,2022-09-18,September,Midwest,Saxony-Anhalt,Mezzo Mix,0.23,2250,517.5
Aldi,1185732,2022-09-18,September,Midwest,Schleswig-Holstein,Club-Mate,0.32,2250,720.0
Aldi,1185732,2022-09-18,September,Midwest,Saxony-Anhalt,Bionade,0.37,3000,1110.0
Edeka,1185732,2022-10-17,October,Midwest,Berlin,Mezzo Mix,0.41,4250,1742.5
Netto,1185732,2022-10-17,October,Midwest,Berlin,Vita Cola,0.32,2750,880.0
Rewe,1185732,2022-10-17,October,Midwest,Berlin,Vita Cola,0.32,1750,560.0
Netto,1185732,2022-10-17,October,Midwest,Mecklenburg-Vorpommern,Bionade,0.32,1750,560.0
Metro,1185732,2022-10-17,October,Midwest,Baden-Württemberg,Vita Cola,0.41,1750,717.5
Netto,1185732,2022-10-17,October,Midwest,Hesse,Bionade,0.46,3000,1380.0
Rewe,1185732,2022-11-17,November,Midwest,Saxony-Anhalt,Club-Mate,0.41,4500,1845.0
Aldi,1185732,2022-11-17,November,Midwest,Saxony,Bionade,0.32,3500,1120.0
Edeka,1185732,2022-11-17,November,Midwest,Saxony-Anhalt,Mezzo Mix,0.32,2950,944.0
Lidl,1185732,2022-11-17,November,Midwest,Baden-Württemberg,Bionade,0.37,3250,1202.5
Netto,1185732,2022-11-17,November,Midwest,Mecklenburg-Vorpommern,Mezzo Mix,0.6,3000,1800.0
Lidl,1185732,2022-11-17,November,Midwest,Saxony-Anhalt,Gerolsteiner,0.64,4000,2560.0
Netto,1185732,2022-12-16,December,Midwest,Bavaria,Gerolsteiner,0.6,6500,3900.0
Rewe,1185732,2022-12-16,December,Midwest,Brandenburg,Fritz-Kola,0.51,4500,2295.0
Kaufland,1185732,2022-12-16,December,Midwest,Hesse,Vita Cola,0.51,4000,2040.0
Aldi,1185732,2022-12-16,December,Midwest,Hamburg,Vita Cola,0.51,3500,1785.0
Metro,1185732,2022-12-16,December,Midwest,Schleswig-Holstein,Club-Mate,0.6,3500,2100.0
Edeka,1185732,2022-12-16,December,Midwest,Schleswig-Holstein,Club-Mate,0.64,4500,2880.0
Metro,1185732,2022-01-24,January,Northeast,Bavaria,Vita Cola,0.32,4250,1360.0
Metro,1185732,2022-01-24,January,Northeast,Brandenburg,Vita Cola,0.32,2250,720.0
Edeka,1185732,2022-01-24,January,Northeast,Brandenburg,Vita Cola,0.23,2250,517.5
Lidl,1185732,2022-01-24,January,Northeast,Saxony-Anhalt,Mezzo Mix,0.28,750,210.00000000000003
Rewe,1185732,2022-01-24,January,Northeast,Hesse,Mezzo Mix,0.41,1250,512.5
Aldi,1185732,2022-01-24,January,Northeast,Hesse,Mezzo Mix,0.32,2250,720.0
Edeka,1185732,2022-02-22,February,Northeast,Thuringia,Vita Cola,0.32,4750,1520.0
Aldi,1185732,2022-02-22,February,Northeast,Berlin,Fritz-Kola,0.32,1250,400.0
Rewe,1185732,2022-02-22,February,Northeast,Schleswig-Holstein,Vita Cola,0.23,1750,402.5
Rewe,1185732,2022-02-22,February,Northeast,Saxony,Club-Mate,0.28,500,140.0
Lidl,1185732,2022-02-22,February,Northeast,Thuringia,Gerolsteiner,0.41,1250,512.5
Lidl,1185732,2022-02-22,February,Northeast,Mecklenburg-Vorpommern,Fritz-Kola,0.32,2250,720.0
Netto,1185732,2022-03-20,March,Northeast,Saxony,Bionade,0.32,4450,1424.0
Netto,1185732,2022-03-20,March,Northeast,Thuringia,Fritz-Kola,0.32,1500,480.0
Aldi,1185732,2022-03-20,March,Northeast,Brandenburg,Bionade,0.23,1750,402.5
Penny,1185732,2022-03-20,March,Northeast,Saxony-Anhalt,Bionade,0.28,250,70.0
Aldi,1185732,2022-03-20,March,Northeast,Mecklenburg-Vorpommern,Gerolsteiner,0.41,750,307.5
Aldi,1185732,2022-03-20,March,Northeast,Brandenburg,Gerolsteiner,0.32,1750,560.0
Netto,1185732,2022-04-21,April,Northeast,Baden-Württemberg,Club-Mate,0.32,4250,1360.0
Aldi,1185732,2022-04-21,April,Northeast,Bavaria,Fritz-Kola,0.32,1250,400.0
Netto,1185732,2022-04-21,April,Northeast,Thuringia,Fritz-Kola,0.23,1250,287.5
Lidl,1185732,2022-04-21,April,Northeast,Berlin,Fritz-Kola,0.28,500,140.0
Metro,1185732,2022-04-21,April,Northeast,Berlin,Vita Cola,0.41,500,205.0
Rewe,1185732,2022-04-21,April,Northeast,Schleswig-Holstein,Gerolsteiner,0.32,2000,640.0
Netto,1185732,2022-05-20,May,Northeast,Baden-Württemberg,Gerolsteiner,0.46,4700,2162.0
Lidl,1185732,2022-05-20,May,Northeast,Schleswig-Holstein,Fritz-Kola,0.41,1750,717.5
Rewe,1185732,2022-05-20,May,Northeast,North Rhine-Westphalia,Fritz-Kola,0.37,1500,555.0
Edeka,1185732,2022-05-20,May,Northeast,Saxony-Anhalt,Club-Mate,0.37,1000,370.0
Kaufland,1185732,2022-05-20,May,Northeast,Hamburg,Bionade,0.46,1250,575.0
Kaufland,1185732,2022-05-20,May,Northeast,North Rhine-Westphalia,Fritz-Kola,0.51,2500,1275.0
Edeka,1185732,2022-06-22,June,Northeast,Saxony-Anhalt,Fritz-Kola,0.46,5000,2300.0
Penny,1185732,2022-06-22,June,Northeast,Saxony,Gerolsteiner,0.41,2500,1025.0
Edeka,1185732,2022-06-22,June,Northeast,Brandenburg,Vita Cola,0.37,1750,647.5
Kaufland,1185732,2022-06-22,June,Northeast,Brandenburg,Gerolsteiner,0.37,1500,555.0
Aldi,1185732,2022-06-22,June,Northeast,Baden-Württemberg,Gerolsteiner,0.46,1500,690.0
Lidl,1185732,2022-06-22,June,Northeast,Baden-Württemberg,Vita Cola,0.51,3000,1530.0
Metro,1185732,2022-07-20,July,Northeast,Saxony-Anhalt,Vita Cola,0.46,5250,2415.0
Edeka,1185732,2022-07-20,July,Northeast,Saxony,Bionade,0.41,2750,1127.5
Penny,1185732,2022-07-20,July,Northeast,Baden-Württemberg,Bionade,0.37,2000,740.0
Metro,1185732,2022-07-20,July,Northeast,Saxony-Anhalt,Vita Cola,0.37,1500,555.0
Netto,1185732,2022-07-20,July,Northeast,Thuringia,Mezzo Mix,0.46,1750,805.0
Metro,1185732,2022-07-20,July,Northeast,Mecklenburg-Vorpommern,Gerolsteiner,0.51,3500,1785.0
Aldi,1185732,2022-08-21,August,Northeast,Baden-Württemberg,Vita Cola,0.46,5000,2300.0
Penny,1185732,2022-08-21,August,Northeast,Schleswig-Holstein,Fritz-Kola,0.41,2750,1127.5
Metro,1185732,2022-08-21,August,Northeast,Hesse,Mezzo Mix,0.37,2000,740.0
Lidl,1185732,2022-08-21,August,Northeast,Saxony-Anhalt,Fritz-Kola,0.37,1500,555.0
Edeka,1185732,2022-08-21,August,Northeast,Hesse,Fritz-Kola,0.46,1250,575.0
Edeka,1185732,2022-08-21,August,Northeast,Brandenburg,Fritz-Kola,0.51,3000,1530.0
Edeka,1185732,2022-09-20,September,Northeast,Brandenburg,Club-Mate,0.46,4250,1955.0
Penny,1185732,2022-09-20,September,Northeast,Baden-Württemberg,Gerolsteiner,0.41,2250,922.5
Rewe,1185732,2022-09-20,September,Northeast,Saxony,Bionade,0.37,1250,462.5
Rewe,1185732,2022-09-20,September,Northeast,Bavaria,Fritz-Kola,0.37,1000,370.0
Lidl,1185732,2022-09-20,September,Northeast,Schleswig-Holstein,Club-Mate,0.46,1000,460.0
Metro,1185732,2022-09-20,September,Northeast,Mecklenburg-Vorpommern,Mezzo Mix,0.51,2000,1020.0
Penny,1185732,2022-10-22,October,Northeast,Berlin,Gerolsteiner,0.51,3750,1912.5
Rewe,1185732,2022-10-22,October,Northeast,North Rhine-Westphalia,Fritz-Kola,0.46,2000,920.0
Aldi,1185732,2022-10-22,October,Northeast,Thuringia,Mezzo Mix,0.46,1000,460.0
Netto,1185732,2022-10-22,October,Northeast,Thuringia,Bionade,0.46,750,345.0
Kaufland,1185732,2022-10-22,October,Northeast,Saxony,Gerolsteiner,0.55,750,412.50000000000006
Kaufland,1185732,2022-10-22,October,Northeast,Brandenburg,Club-Mate,0.6,2000,1200.0
Rewe,1185732,2022-11-21,November,Northeast,North Rhine-Westphalia,Mezzo Mix,0.55,3500,1925.0000000000002
Netto,1185732,2022-11-21,November,Northeast,Saxony-Anhalt,Gerolsteiner,0.46,1750,805.0
Edeka,1185732,2022-11-21,November,Northeast,Bavaria,Mezzo Mix,0.46,1700,782.0
Kaufland,1185732,2022-11-21,November,Northeast,Saxony,Vita Cola,0.46,1500,690.0
Aldi,1185732,2022-11-21,November,Northeast,Hesse,Club-Mate,0.55,1250,687.5
Metro,1185732,2022-11-21,November,Northeast,Brandenburg,Mezzo Mix,0.6,2250,1350.0
Aldi,1185732,2022-12-20,December,Northeast,Brandenburg,Gerolsteiner,0.55,4500,2475.0
Rewe,1185732,2022-12-20,December,Northeast,Berlin,Bionade,0.46,2500,1150.0
Metro,1185732,2022-12-20,December,Northeast,Saxony-Anhalt,Gerolsteiner,0.46,2250,1035.0
Netto,1185732,2022-12-20,December,Northeast,Mecklenburg-Vorpommern,Mezzo Mix,0.46,1750,805.0
Rewe,1185732,2022-12-20,December,Northeast,Bavaria,Bionade,0.55,1750,962.5000000000001
Metro,1185732,2022-12-20,December,Northeast,Thuringia,Bionade,0.6,2750,1650.0
Metro,1185732,2022-01-17,January,Northeast,Bavaria,Bionade,0.37,5250,1942.5
Penny,1185732,2022-01-17,January,Northeast,Hesse,Fritz-Kola,0.37,3250,1202.5
Metro,1185732,2022-01-17,January,Northeast,North Rhine-Westphalia,Club-Mate,0.28,3250,910.0000000000001
Aldi,1185732,2022-01-17,January,Northeast,Bavaria,Gerolsteiner,0.32,1750,560.0
Penny,1185732,2022-01-17,January,Northeast,Thuringia,Mezzo Mix,0.46,2250,1035.0
Metro,1185732,2022-01-17,January,Northeast,Berlin,Gerolsteiner,0.37,3250,1202.5
Penny,1185732,2022-02-15,February,Northeast,Mecklenburg-Vorpommern,Gerolsteiner,0.37,5750,2127.5
Edeka,1185732,2022-02-15,February,Northeast,Mecklenburg-Vorpommern,Club-Mate,0.37,2250,832.5
Metro,1185732,2022-02-15,February,Northeast,Hamburg,Mezzo Mix,0.28,2750,770.0000000000001
Metro,1185732,2022-02-15,February,Northeast,Saxony,Bionade,0.32,1500,480.0
Rewe,1185732,2022-02-15,February,Northeast,Thuringia,Bionade,0.46,2250,1035.0
Penny,1185732,2022-02-15,February,Northeast,Brandenburg,Fritz-Kola,0.37,3250,1202.5
Edeka,1185732,2022-03-13,March,Northeast,North Rhine-Westphalia,Vita Cola,0.37,5450,2016.5
Rewe,1185732,2022-03-13,March,Northeast,Saxony-Anhalt,Fritz-Kola,0.37,2500,925.0
Metro,1185732,2022-03-13,March,Northeast,Hamburg,Fritz-Kola,0.28,2750,770.0000000000001
Aldi,1185732,2022-03-13,March,Northeast,Hesse,Bionade,0.32,1250,400.0
Edeka,1185732,2022-03-13,March,Northeast,Mecklenburg-Vorpommern,Mezzo Mix,0.46,1750,805.0
Edeka,1185732,2022-03-13,March,Northeast,Hesse,Vita Cola,0.37,2750,1017.5
Edeka,1185732,2022-04-14,April,Northeast,Thuringia,Bionade,0.37,5250,1942.5
Edeka,1185732,2022-04-14,April,Northeast,Thuringia,Club-Mate,0.37,2250,832.5
Penny,1185732,2022-04-14,April,Northeast,Hamburg,Bionade,0.28,2250,630.0000000000001
Metro,1185732,2022-04-14,April,Northeast,Mecklenburg-Vorpommern,Vita Cola,0.32,1500,480.0
Edeka,1185732,2022-04-14,April,Northeast,Saxony,Vita Cola,0.46,1500,690.0
Penny,1185732,2022-04-14,April,Northeast,Brandenburg,Mezzo Mix,0.37,3000,1110.0
Lidl,1185732,2022-05-13,May,Northeast,Thuringia,Gerolsteiner,0.51,5700,2907.0
Edeka,1185732,2022-05-13,May,Northeast,Bavaria,Mezzo Mix,0.46,2750,1265.0
Edeka,1185732,2022-05-13,May,Northeast,Hamburg,Vita Cola,0.41,3000,1230.0
Aldi,1185732,2022-05-13,May,Northeast,Schleswig-Holstein,Fritz-Kola,0.41,2500,1025.0
Netto,1185732,2022-05-13,May,Northeast,North Rhine-Westphalia,Club-Mate,0.51,2750,1402.5
Lidl,1185732,2022-05-13,May,Northeast,North Rhine-Westphalia,Vita Cola,0.55,4000,2200.0
Edeka,1185732,2022-06-15,June,Northeast,Saxony-Anhalt,Club-Mate,0.51,6500,3315.0
Rewe,1185732,2022-06-15,June,Northeast,Berlin,Bionade,0.46,4000,1840.0
Penny,1185732,2022-06-15,June,Northeast,Saxony-Anhalt,Club-Mate,0.41,3250,1332.5
Rewe,1185732,2022-06-15,June,Northeast,Mecklenburg-Vorpommern,Club-Mate,0.41,3000,1230.0
Rewe,1185732,2022-06-15,June,Northeast,Mecklenburg-Vorpommern,Club-Mate,0.51,3000,1530.0
Edeka,1185732,2022-06-15,June,Northeast,North Rhine-Westphalia,Gerolsteiner,0.55,4500,2475.0
Metro,1185732,2022-07-13,July,Northeast,North Rhine-Westphalia,Fritz-Kola,0.51,6750,3442.5
Netto,1185732,2022-07-13,July,Northeast,Hesse,Vita Cola,0.46,4250,1955.0
Edeka,1185732,2022-07-13,July,Northeast,Saxony-Anhalt,Mezzo Mix,0.41,3500,1435.0
Rewe,1185732,2022-07-13,July,Northeast,Thuringia,Gerolsteiner,0.41,3000,1230.0
Edeka,1185732,2022-07-13,July,Northeast,Schleswig-Holstein,Mezzo Mix,0.51,3250,1657.5
Edeka,1185732,2022-07-13,July,Northeast,North Rhine-Westphalia,Bionade,0.55,5000,2750.0
Netto,1185732,2022-08-14,August,Northeast,Hamburg,Vita Cola,0.51,6500,3315.0
Rewe,1185732,2022-08-14,August,Northeast,Brandenburg,Gerolsteiner,0.46,4250,1955.0
Lidl,1185732,2022-08-14,August,Northeast,Schleswig-Holstein,Mezzo Mix,0.41,3500,1435.0
Netto,1185732,2022-08-14,August,Northeast,Hamburg,Mezzo Mix,0.41,2500,1025.0
Aldi,1185732,2022-08-14,August,Northeast,Brandenburg,Gerolsteiner,0.51,2250,1147.5
Kaufland,1185732,2022-08-14,August,Northeast,Bavaria,Bionade,0.55,4000,2200.0
Lidl,1185732,2022-09-13,September,Northeast,Thuringia,Gerolsteiner,0.51,5250,2677.5
Rewe,1185732,2022-09-13,September,Northeast,Brandenburg,Mezzo Mix,0.46,3250,1495.0
Metro,1185732,2022-09-13,September,Northeast,Brandenburg,Club-Mate,0.41,2250,922.5
Rewe,1185732,2022-09-13,September,Northeast,Baden-Württemberg,Bionade,0.41,2000,820.0
Penny,1185732,2022-09-13,September,Northeast,Bavaria,Fritz-Kola,0.51,2000,1020.0
Kaufland,1185732,2022-09-13,September,Northeast,Berlin,Fritz-Kola,0.55,3000,1650.0000000000002
Rewe,1185732,2022-10-15,October,Northeast,Mecklenburg-Vorpommern,Bionade,0.55,4750,2612.5
Lidl,1185732,2022-10-15,October,Northeast,North Rhine-Westphalia,Bionade,0.51,3000,1530.0
Penny,1185732,2022-10-15,October,Northeast,Hesse,Bionade,0.51,2000,1020.0
Kaufland,1185732,2022-10-15,October,Northeast,Saxony-Anhalt,Club-Mate,0.51,1750,892.5
Rewe,1185732,2022-10-15,October,Northeast,Berlin,Club-Mate,0.6,1750,1050.0
Metro,1185732,2022-10-15,October,Northeast,Mecklenburg-Vorpommern,Fritz-Kola,0.64,3000,1920.0
Edeka,1185732,2022-11-14,November,Northeast,Berlin,Mezzo Mix,0.6,4500,2700.0
Metro,1185732,2022-11-14,November,Northeast,Brandenburg,Fritz-Kola,0.51,3250,1657.5
Metro,1185732,2022-11-14,November,Northeast,Hesse,Gerolsteiner,0.51,3200,1632.0
Rewe,1185732,2022-11-14,November,Northeast,Bavaria,Gerolsteiner,0.51,3000,1530.0
Rewe,1185732,2022-11-14,November,Northeast,Bavaria,Fritz-Kola,0.6,2750,1650.0
Penny,1185732,2022-11-14,November,Northeast,Schleswig-Holstein,Club-Mate,0.64,3750,2400.0
Aldi,1185732,2022-12-13,December,Northeast,Berlin,Fritz-Kola,0.6,6000,3600.0
Lidl,1185732,2022-12-13,December,Northeast,Berlin,Mezzo Mix,0.51,4000,2040.0
Metro,1185732,2022-12-13,December,Northeast,Baden-Württemberg,Fritz-Kola,0.51,3750,1912.5
Netto,1185732,2022-12-13,December,Northeast,Saxony,Club-Mate,0.51,3250,1657.5
Aldi,1185732,2022-12-13,December,Northeast,Thuringia,Fritz-Kola,0.6,3250,1950.0
Rewe,1185732,2022-12-13,December,Northeast,North Rhine-Westphalia,Bionade,0.64,4250,2720.0
Penny,1185732,2022-01-10,January,Northeast,Hesse,Vita Cola,0.32,4750,1520.0
Metro,1185732,2022-01-10,January,Northeast,Baden-Württemberg,Bionade,0.32,2750,880.0
Rewe,1185732,2022-01-10,January,Northeast,Saxony-Anhalt,Gerolsteiner,0.23,2750,632.5
Lidl,1185732,2022-01-10,January,Northeast,Bavaria,Club-Mate,0.28,1250,350.00000000000006
Aldi,1185732,2022-01-10,January,Northeast,Hamburg,Bionade,0.41,1750,717.5
Metro,1185732,2022-01-10,January,Northeast,Schleswig-Holstein,Mezzo Mix,0.32,2750,880.0
Rewe,1185732,2022-02-08,February,Northeast,Berlin,Fritz-Kola,0.32,5250,1680.0
Penny,1185732,2022-02-08,February,Northeast,Thuringia,Gerolsteiner,0.32,1750,560.0
Edeka,1185732,2022-02-08,February,Northeast,Hamburg,Club-Mate,0.23,2250,517.5
Penny,1185732,2022-02-08,February,Northeast,North Rhine-Westphalia,Mezzo Mix,0.28,1000,280.0
Kaufland,1185732,2022-02-08,February,Northeast,North Rhine-Westphalia,Vita Cola,0.41,1750,717.5
Lidl,1185732,2022-02-08,February,Northeast,Berlin,Gerolsteiner,0.32,2750,880.0
Netto,1185732,2022-03-06,March,Northeast,Mecklenburg-Vorpommern,Club-Mate,0.32,4950,1584.0
Penny,1185732,2022-03-06,March,Northeast,Hesse,Fritz-Kola,0.32,2000,640.0
Rewe,1185732,2022-03-06,March,Northeast,Schleswig-Holstein,Club-Mate,0.23,2250,517.5
Kaufland,1185732,2022-03-06,March,Northeast,North Rhine-Westphalia,Gerolsteiner,0.28,750,210.00000000000003
Rewe,1185732,2022-03-06,March,Northeast,Saxony-Anhalt,Gerolsteiner,0.41,1250,512.5
Aldi,1185732,2022-03-06,March,Northeast,Hesse,Mezzo Mix,0.32,2250,720.0
Rewe,1185732,2022-04-07,April,Northeast,Schleswig-Holstein,Gerolsteiner,0.32,4750,1520.0
Kaufland,1185732,2022-04-07,April,Northeast,Saxony-Anhalt,Bionade,0.32,1750,560.0
Edeka,1185732,2022-04-07,April,Northeast,Schleswig-Holstein,Bionade,0.23,1750,402.5
Kaufland,1185732,2022-04-07,April,Northeast,Bavaria,Gerolsteiner,0.28,1000,280.0
Metro,1185732,2022-04-07,April,Northeast,Brandenburg,Gerolsteiner,0.41,1000,410.0
Lidl,1185732,2022-04-07,April,Northeast,Berlin,Vita Cola,0.32,2500,800.0
Kaufland,1185732,2022-05-06,May,Northeast,Saxony,Vita Cola,0.46,5200,2392.0
Kaufland,1185732,2022-05-06,May,Northeast,Berlin,Fritz-Kola,0.41,2250,922.5
Rewe,1185732,2022-05-06,May,Northeast,Hamburg,Bionade,0.37,2500,925.0
Kaufland,1185732,2022-05-06,May,Northeast,North Rhine-Westphalia,Gerolsteiner,0.37,2000,740.0
Aldi,1185732,2022-05-06,May,Northeast,Berlin,Club-Mate,0.46,2250,1035.0
Metro,1185732,2022-05-06,May,Northeast,Saxony,Gerolsteiner,0.51,3500,1785.0
Lidl,1185732,2022-06-08,June,Northeast,Baden-Württemberg,Club-Mate,0.46,6000,2760.0
Netto,1185732,2022-06-08,June,Northeast,Thuringia,Vita Cola,0.41,3500,1435.0
Lidl,1185732,2022-06-08,June,Northeast,Hesse,Vita Cola,0.37,2750,1017.5
Kaufland,1185732,2022-06-08,June,Northeast,Saxony-Anhalt,Club-Mate,0.37,2500,925.0
Aldi,1185732,2022-06-08,June,Northeast,Mecklenburg-Vorpommern,Club-Mate,0.46,2500,1150.0
Rewe,1185732,2022-06-08,June,Northeast,Saxony-Anhalt,Fritz-Kola,0.51,4000,2040.0
Netto,1185732,2022-07-06,July,Northeast,Baden-Württemberg,Bionade,0.46,6250,2875.0
Metro,1185732,2022-07-06,July,Northeast,Saxony,Vita Cola,0.41,3750,1537.5
Edeka,1185732,2022-07-06,July,Northeast,Berlin,Gerolsteiner,0.37,3000,1110.0
Edeka,1185732,2022-07-06,July,Northeast,Schleswig-Holstein,Fritz-Kola,0.37,2500,925.0
Penny,1185732,2022-07-06,July,Northeast,Thuringia,Fritz-Kola,0.46,2750,1265.0
Netto,1185732,2022-07-06,July,Northeast,Brandenburg,Bionade,0.51,4500,2295.0
Lidl,1185732,2022-08-07,August,Northeast,Hamburg,Mezzo Mix,0.46,6000,2760.0
Aldi,1185732,2022-08-07,August,Northeast,North Rhine-Westphalia,Fritz-Kola,0.41,3750,1537.5
Aldi,1185732,2022-08-07,August,Northeast,Hamburg,Club-Mate,0.37,3000,1110.0
Rewe,1185732,2022-08-07,August,Northeast,Thuringia,Bionade,0.37,2000,740.0
Netto,1185732,2022-08-07,August,Northeast,Mecklenburg-Vorpommern,Bionade,0.46,1750,805.0
Metro,1185732,2022-08-07,August,Northeast,Bavaria,Vita Cola,0.51,3500,1785.0
Aldi,1185732,2022-09-06,September,Northeast,Bavaria,Fritz-Kola,0.46,4750,2185.0
Metro,1185732,2022-09-06,September,Northeast,Schleswig-Holstein,Gerolsteiner,0.41,2750,1127.5
Penny,1185732,2022-09-06,September,Northeast,Saxony,Club-Mate,0.37,1750,647.5
Lidl,1185732,2022-09-06,September,Northeast,Berlin,Fritz-Kola,0.37,1500,555.0
Rewe,1185732,2022-09-06,September,Northeast,Saxony-Anhalt,Fritz-Kola,0.46,1500,690.0
Edeka,1185732,2022-09-06,September,Northeast,Hamburg,Fritz-Kola,0.51,2500,1275.0
Kaufland,1185732,2022-10-08,October,Northeast,Baden-Württemberg,Fritz-Kola,0.51,4250,2167.5
Metro,1185732,2022-10-08,October,Northeast,Baden-Württemberg,Fritz-Kola,0.46,2500,1150.0
Lidl,1185732,2022-10-08,October,Northeast,North Rhine-Westphalia,Club-Mate,0.46,1500,690.0
Metro,1185732,2022-10-08,October,Northeast,Schleswig-Holstein,Club-Mate,0.46,1250,575.0
Edeka,1185732,2022-10-08,October,Northeast,North Rhine-Westphalia,Fritz-Kola,0.55,1250,687.5
Lidl,1185732,2022-10-08,October,Northeast,Brandenburg,Vita Cola,0.6,2500,1500.0
Edeka,1185732,2022-11-07,November,Northeast,Bavaria,Gerolsteiner,0.55,4000,2200.0
Rewe,1185732,2022-11-07,November,Northeast,Saxony-Anhalt,Bionade,0.46,2750,1265.0
Edeka,1185732,2022-11-07,November,Northeast,Schleswig-Holstein,Mezzo Mix,0.46,2700,1242.0
Aldi,1185732,2022-11-07,November,Northeast,Saxony-Anhalt,Vita Cola,0.46,2500,1150.0
Kaufland,1185732,2022-11-07,November,Northeast,Brandenburg,Gerolsteiner,0.55,2250,1237.5
Penny,1185732,2022-11-07,November,Northeast,Saxony,Fritz-Kola,0.6,3250,1950.0
Kaufland,1185732,2022-12-06,December,Northeast,Brandenburg,Bionade,0.55,5500,3025.0000000000005
Lidl,1185732,2022-12-06,December,Northeast,Berlin,Vita Cola,0.46,3500,1610.0
Netto,1185732,2022-12-06,December,Northeast,Saxony-Anhalt,Fritz-Kola,0.46,3250,1495.0
Metro,1185732,2022-12-06,December,Northeast,Saxony-Anhalt,Vita Cola,0.46,2750,1265.0
Netto,1185732,2022-12-06,December,Northeast,Hesse,Fritz-Kola,0.55,2750,1512.5000000000002
Rewe,1185732,2022-12-06,December,Northeast,North Rhine-Westphalia,Gerolsteiner,0.6,3750,2250.0
Metro,1185732,2022-01-07,January,Northeast,Bavaria,Gerolsteiner,0.37,5000,1850.0
Netto,1185732,2022-01-07,January,Northeast,Berlin,Club-Mate,0.37,3000,1110.0
Penny,1185732,2022-01-07,January,Northeast,Mecklenburg-Vorpommern,Mezzo Mix,0.28,3000,840.0000000000001
Lidl,1185732,2022-01-07,January,Northeast,Schleswig-Holstein,Club-Mate,0.32,1500,480.0
Rewe,1185732,2022-01-07,January,Northeast,Hesse,Gerolsteiner,0.46,2000,920.0
Netto,1185732,2022-01-07,January,Northeast,Thuringia,Club-Mate,0.37,3000,1110.0
Penny,1185732,2022-02-05,February,Northeast,Brandenburg,Mezzo Mix,0.37,5500,2035.0
Aldi,1185732,2022-02-05,February,Northeast,Bavaria,Gerolsteiner,0.37,2000,740.0
Netto,1185732,2022-02-05,February,Northeast,North Rhine-Westphalia,Bionade,0.28,2500,700.0000000000001
Penny,1185732,2022-02-05,February,Northeast,Hamburg,Fritz-Kola,0.32,1250,400.0
Metro,1185732,2022-02-05,February,Northeast,Saxony-Anhalt,Mezzo Mix,0.46,2000,920.0
Kaufland,1185732,2022-02-05,February,Northeast,Brandenburg,Vita Cola,0.37,3000,1110.0
Netto,1185732,2022-03-03,March,Northeast,Baden-Württemberg,Gerolsteiner,0.37,5200,1924.0
Penny,1185732,2022-03-03,March,Northeast,Hesse,Club-Mate,0.37,2250,832.5
Rewe,1185732,2022-03-03,March,Northeast,Mecklenburg-Vorpommern,Vita Cola,0.28,2500,700.0000000000001
Aldi,1185732,2022-03-03,March,Northeast,Schleswig-Holstein,Fritz-Kola,0.32,1000,320.0
Aldi,1185732,2022-03-03,March,Northeast,Hamburg,Vita Cola,0.46,1500,690.0
Kaufland,1185732,2022-03-03,March,Northeast,Hesse,Gerolsteiner,0.37,2500,925.0
Penny,1185732,2022-04-04,April,Northeast,Hesse,Gerolsteiner,0.37,5000,1850.0
Edeka,1185732,2022-04-04,April,Northeast,Hesse,Mezzo Mix,0.37,2000,740.0
Penny,1185732,2022-04-04,April,Northeast,Schleswig-Holstein,Club-Mate,0.28,2000,560.0
Lidl,1185732,2022-04-04,April,Northeast,Berlin,Fritz-Kola,0.32,1250,400.0
Rewe,1185732,2022-04-04,April,Northeast,Schleswig-Holstein,Bionade,0.46,1250,575.0
Rewe,1185732,2022-04-04,April,Northeast,Hesse,Club-Mate,0.37,2750,1017.5
Aldi,1185732,2022-05-03,May,Northeast,Brandenburg,Club-Mate,0.51,5450,2779.5
Metro,1185732,2022-05-03,May,Northeast,Baden-Württemberg,Bionade,0.46,2500,1150.0
Aldi,1185732,2022-05-03,May,Northeast,Brandenburg,Fritz-Kola,0.41,2750,1127.5
Kaufland,1185732,2022-05-03,May,Northeast,Hamburg,Vita Cola,0.41,2250,922.5
Metro,1185732,2022-05-03,May,Northeast,Berlin,Gerolsteiner,0.51,2500,1275.0
Aldi,1185732,2022-05-03,May,Northeast,Baden-Württemberg,Vita Cola,0.55,3750,2062.5
Edeka,1185732,2022-06-05,June,Northeast,Berlin,Gerolsteiner,0.51,6250,3187.5
Netto,1185732,2022-06-05,June,Northeast,Brandenburg,Fritz-Kola,0.46,3750,1725.0
Kaufland,1185732,2022-06-05,June,Northeast,Baden-Württemberg,Gerolsteiner,0.41,3000,1230.0
Kaufland,1185732,2022-06-05,June,Northeast,Brandenburg,Gerolsteiner,0.41,2750,1127.5
Netto,1185732,2022-06-05,June,Northeast,Thuringia,Vita Cola,0.51,2750,1402.5
Kaufland,1185732,2022-06-05,June,Northeast,Hesse,Vita Cola,0.55,4250,2337.5
Rewe,1185732,2022-07-03,July,Northeast,Saxony,Mezzo Mix,0.51,6500,3315.0
Penny,1185732,2022-07-03,July,Northeast,North Rhine-Westphalia,Fritz-Kola,0.46,4000,1840.0
Aldi,1185732,2022-07-03,July,Northeast,Saxony,Bionade,0.41,3250,1332.5
Netto,1185732,2022-07-03,July,Northeast,Berlin,Bionade,0.41,2750,1127.5
Metro,1185732,2022-07-03,July,Northeast,Hesse,Gerolsteiner,0.51,3000,1530.0
Kaufland,1185732,2022-07-03,July,Northeast,Hesse,Gerolsteiner,0.55,4750,2612.5
Rewe,1185732,2022-08-04,August,Northeast,Thuringia,Mezzo Mix,0.51,6250,3187.5
Kaufland,1185732,2022-08-04,August,Northeast,Mecklenburg-Vorpommern,Bionade,0.46,4000,1840.0
Rewe,1185732,2022-08-04,August,Northeast,North Rhine-Westphalia,Fritz-Kola,0.41,3250,1332.5
Rewe,1185732,2022-08-04,August,Northeast,North Rhine-Westphalia,Mezzo Mix,0.41,2250,922.5
Edeka,1185732,2022-08-04,August,Northeast,Saxony,Vita Cola,0.51,2000,1020.0
Kaufland,1185732,2022-08-04,August,Northeast,Hamburg,Vita Cola,0.55,3750,2062.5
Kaufland,1185732,2022-09-03,September,Northeast,Thuringia,Bionade,0.51,5000,2550.0
Edeka,1185732,2022-09-03,September,Northeast,Hesse,Vita Cola,0.46,3000,1380.0
Aldi,1185732,2022-09-03,September,Northeast,Berlin,Bionade,0.41,2000,820.0
Lidl,1185732,2022-09-03,September,Northeast,Schleswig-Holstein,Bionade,0.41,1750,717.5
Metro,1185732,2022-09-03,September,Northeast,Schleswig-Holstein,Gerolsteiner,0.51,1750,892.5
Lidl,1185732,2022-09-03,September,Northeast,Thuringia,Vita Cola,0.55,2750,1512.5000000000002
Netto,1185732,2022-10-05,October,Northeast,Mecklenburg-Vorpommern,Gerolsteiner,0.55,4500,2475.0
Metro,1185732,2022-10-05,October,Northeast,Mecklenburg-Vorpommern,Gerolsteiner,0.51,2750,1402.5
Metro,1185732,2022-10-05,October,Northeast,Brandenburg,Vita Cola,0.51,1750,892.5
Edeka,1185732,2022-10-05,October,Northeast,Hesse,Mezzo Mix,0.51,1500,765.0
Penny,1185732,2022-10-05,October,Northeast,Hesse,Mezzo Mix,0.6,1500,900.0
Edeka,1185732,2022-10-05,October,Northeast,Berlin,Bionade,0.64,2750,1760.0
Aldi,1185732,2022-11-04,November,Northeast,Hesse,Fritz-Kola,0.6,4250,2550.0
Lidl,1185732,2022-11-04,November,Northeast,North Rhine-Westphalia,Vita Cola,0.51,3000,1530.0
Rewe,1185732,2022-11-04,November,Northeast,Schleswig-Holstein,Mezzo Mix,0.51,2950,1504.5
Aldi,1185732,2022-11-04,November,Northeast,Hesse,Fritz-Kola,0.51,2750,1402.5
Metro,1185732,2022-11-04,November,Northeast,Schleswig-Holstein,Bionade,0.6,2500,1500.0
Kaufland,1185732,2022-11-04,November,Northeast,Berlin,Bionade,0.64,3500,2240.0
Aldi,1185732,2022-12-03,December,Northeast,North Rhine-Westphalia,Club-Mate,0.6,5750,3450.0
Lidl,1185732,2022-12-03,December,Northeast,Hesse,Mezzo Mix,0.51,3750,1912.5
Kaufland,1185732,2022-12-03,December,Northeast,Hamburg,Bionade,0.51,3500,1785.0
Netto,1185732,2022-12-03,December,Northeast,Baden-Württemberg,Mezzo Mix,0.51,3000,1530.0
Rewe,1185732,2022-12-03,December,Northeast,Hesse,Gerolsteiner,0.6,3000,1800.0
Edeka,1185732,2022-12-03,December,Northeast,Brandenburg,Fritz-Kola,0.64,4000,2560.0
Penny,1185732,2022-01-10,January,Northeast,Brandenburg,Club-Mate,0.32,4250,1360.0
Aldi,1185732,2022-01-10,January,Northeast,Brandenburg,Fritz-Kola,0.32,2250,720.0
Netto,1185732,2022-01-10,January,Northeast,Brandenburg,Mezzo Mix,0.23,2250,517.5
Rewe,1185732,2022-01-10,January,Northeast,Brandenburg,Bionade,0.28,750,210.00000000000003
Metro,1185732,2022-01-10,January,Northeast,Brandenburg,Mezzo Mix,0.41,1250,512.5
Kaufland,1185732,2022-01-10,January,Northeast,Berlin,Bionade,0.32,2250,720.0
Lidl,1185732,2022-02-08,February,Northeast,Bavaria,Mezzo Mix,0.32,4750,1520.0
Netto,1185732,2022-02-08,February,Northeast,Berlin,Vita Cola,0.32,1250,400.0
Lidl,1185732,2022-02-08,February,Northeast,Bavaria,Vita Cola,0.23,1750,402.5
Kaufland,1185732,2022-02-08,February,Northeast,Berlin,Fritz-Kola,0.28,500,140.0
Metro,1185732,2022-02-08,February,Northeast,Schleswig-Holstein,Gerolsteiner,0.41,1250,512.5
Penny,1185732,2022-02-08,February,Northeast,Saxony,Gerolsteiner,0.32,2250,720.0
Edeka,1185732,2022-03-06,March,Northeast,Baden-Württemberg,Bionade,0.32,4450,1424.0
Edeka,1185732,2022-03-06,March,Northeast,Schleswig-Holstein,Mezzo Mix,0.32,1500,480.0
Lidl,1185732,2022-03-06,March,Northeast,North Rhine-Westphalia,Gerolsteiner,0.23,1750,402.5
Aldi,1185732,2022-03-06,March,Northeast,Baden-Württemberg,Gerolsteiner,0.28,250,70.0
Metro,1185732,2022-03-06,March,Northeast,North Rhine-Westphalia,Fritz-Kola,0.41,750,307.5
Aldi,1185732,2022-03-06,March,Northeast,Saxony,Vita Cola,0.32,1750,560.0
Netto,1185732,2022-04-07,April,Northeast,Baden-Württemberg,Fritz-Kola,0.32,4250,1360.0
Netto,1185732,2022-04-07,April,Northeast,North Rhine-Westphalia,Fritz-Kola,0.32,1250,400.0
Kaufland,1185732,2022-04-07,April,Northeast,Baden-Württemberg,Bionade,0.23,1250,287.5
Lidl,1185732,2022-04-07,April,Northeast,North Rhine-Westphalia,Vita Cola,0.28,500,140.0
Rewe,1185732,2022-04-07,April,Northeast,Saxony-Anhalt,Bionade,0.41,500,205.0
Lidl,1185732,2022-04-07,April,Northeast,Schleswig-Holstein,Mezzo Mix,0.32,2000,640.0
Rewe,1185732,2022-05-06,May,Northeast,Bavaria,Club-Mate,0.46,4700,2162.0
Metro,1185732,2022-05-06,May,Northeast,Schleswig-Holstein,Gerolsteiner,0.41,1750,717.5
Penny,1185732,2022-05-06,May,Northeast,Mecklenburg-Vorpommern,Gerolsteiner,0.37,2000,740.0
Rewe,1185732,2022-05-06,May,Northeast,Hamburg,Bionade,0.37,1500,555.0
Aldi,1185732,2022-05-06,May,Northeast,Hesse,Mezzo Mix,0.46,1750,805.0
Aldi,1185732,2022-05-06,May,Northeast,Mecklenburg-Vorpommern,Fritz-Kola,0.51,3000,1530.0
Aldi,1185732,2022-06-08,June,Northeast,Saxony,Club-Mate,0.46,5500,2530.0
Kaufland,1185732,2022-06-08,June,Northeast,Thuringia,Club-Mate,0.41,3000,1230.0
Edeka,1185732,2022-06-08,June,Northeast,Bavaria,Vita Cola,0.37,2250,832.5
Edeka,1185732,2022-06-08,June,Northeast,North Rhine-Westphalia,Club-Mate,0.37,2000,740.0
Aldi,1185732,2022-06-08,June,Northeast,Brandenburg,Mezzo Mix,0.46,2000,920.0
Edeka,1185732,2022-06-08,June,Northeast,Berlin,Bionade,0.51,3500,1785.0
Netto,1185732,2022-07-06,July,Northeast,Hamburg,Gerolsteiner,0.46,5750,2645.0
Lidl,1185732,2022-07-06,July,Northeast,Saxony-Anhalt,Fritz-Kola,0.41,3250,1332.5
Penny,1185732,2022-07-06,July,Northeast,Saxony,Gerolsteiner,0.37,2500,925.0
Edeka,1185732,2022-07-06,July,Northeast,North Rhine-Westphalia,Mezzo Mix,0.37,2000,740.0
Penny,1185732,2022-07-06,July,Northeast,Schleswig-Holstein,Mezzo Mix,0.46,2250,1035.0
Edeka,1185732,2022-07-06,July,Northeast,Saxony-Anhalt,Club-Mate,0.51,4000,2040.0
Lidl,1185732,2022-08-07,August,Northeast,Saxony-Anhalt,Vita Cola,0.46,5500,2530.0
Penny,1185732,2022-08-07,August,Northeast,Schleswig-Holstein,Mezzo Mix,0.41,3250,1332.5
Rewe,1185732,2022-08-07,August,Northeast,Saxony-Anhalt,Club-Mate,0.37,2500,925.0
Metro,1185732,2022-08-07,August,Northeast,Mecklenburg-Vorpommern,Mezzo Mix,0.37,1500,555.0
Metro,1185732,2022-08-07,August,Northeast,Baden-Württemberg,Gerolsteiner,0.46,1250,575.0
Metro,1185732,2022-08-07,August,Northeast,Hesse,Vita Cola,0.51,3000,1530.0
Kaufland,1185732,2022-09-06,September,Northeast,Hesse,Gerolsteiner,0.46,4250,1955.0
Aldi,1185732,2022-09-06,September,Northeast,Saxony,Fritz-Kola,0.41,2250,922.5
Rewe,1185732,2022-09-06,September,Northeast,Hamburg,Bionade,0.37,1250,462.5
Kaufland,1185732,2022-09-06,September,Northeast,Berlin,Gerolsteiner,0.37,1000,370.0
Aldi,1185732,2022-09-06,September,Northeast,Hamburg,Mezzo Mix,0.46,1000,460.0
Lidl,1185732,2022-09-06,September,Northeast,Baden-Württemberg,Mezzo Mix,0.51,2000,1020.0
Rewe,1185732,2022-10-08,October,Northeast,Mecklenburg-Vorpommern,Bionade,0.51,3750,1912.5
Aldi,1185732,2022-10-08,October,Northeast,Thuringia,Gerolsteiner,0.46,2000,920.0
Edeka,1185732,2022-10-08,October,Northeast,Hamburg,Bionade,0.46,1000,460.0
Metro,1185732,2022-10-08,October,Northeast,Hesse,Mezzo Mix,0.46,750,345.0
Rewe,1185732,2022-10-08,October,Northeast,Berlin,Bionade,0.55,750,412.50000000000006
Kaufland,1185732,2022-10-08,October,Northeast,Brandenburg,Bionade,0.6,2000,1200.0
Rewe,1185732,2022-11-07,November,Northeast,Berlin,Mezzo Mix,0.55,3500,1925.0000000000002
Aldi,1185732,2022-11-07,November,Northeast,Berlin,Club-Mate,0.46,2250,1035.0
Aldi,1185732,2022-11-07,November,Northeast,North Rhine-Westphalia,Club-Mate,0.46,2200,1012.0
Aldi,1185732,2022-11-07,November,Northeast,Mecklenburg-Vorpommern,Fritz-Kola,0.46,2000,920.0
Kaufland,1185732,2022-11-07,November,Northeast,Bavaria,Bionade,0.55,1750,962.5000000000001
Penny,1185732,2022-11-07,November,Northeast,North Rhine-Westphalia,Gerolsteiner,0.6,2750,1650.0
Edeka,1185732,2022-12-06,December,Northeast,Hamburg,Club-Mate,0.55,5000,2750.0
Lidl,1185732,2022-12-06,December,Northeast,North Rhine-Westphalia,Vita Cola,0.46,3000,1380.0
Rewe,1185732,2022-12-06,December,Northeast,Saxony-Anhalt,Club-Mate,0.46,2750,1265.0
Aldi,1185732,2022-12-06,December,Northeast,Berlin,Mezzo Mix,0.46,2250,1035.0
Edeka,1185732,2022-12-06,December,Northeast,Berlin,Fritz-Kola,0.55,2250,1237.5
Lidl,1185732,2022-12-06,December,Northeast,Hesse,Gerolsteiner,0.6,3250,1950.0
Netto,1185732,2022-01-17,January,Northeast,Saxony,Vita Cola,0.37,4500,1665.0
Kaufland,1185732,2022-01-17,January,Northeast,Bavaria,Bionade,0.37,2500,925.0
Lidl,1185732,2022-01-17,January,Northeast,Hesse,Gerolsteiner,0.28,2500,700.0000000000001
Kaufland,1185732,2022-01-17,January,Northeast,Berlin,Mezzo Mix,0.32,1000,320.0
Aldi,1185732,2022-01-17,January,Northeast,Berlin,Fritz-Kola,0.46,1500,690.0
Lidl,1185732,2022-01-17,January,Northeast,Thuringia,Gerolsteiner,0.37,2500,925.0
Metro,1185732,2022-02-15,February,Northeast,Bavaria,Gerolsteiner,0.37,5000,1850.0
Rewe,1185732,2022-02-15,February,Northeast,Berlin,Club-Mate,0.37,1500,555.0
Rewe,1185732,2022-02-15,February,Northeast,Baden-Württemberg,Vita Cola,0.28,2000,560.0
Metro,1185732,2022-02-15,February,Northeast,Saxony,Vita Cola,0.32,2500,800.0
Edeka,1185732,2022-02-15,February,Northeast,Mecklenburg-Vorpommern,Vita Cola,0.46,1500,690.0
Edeka,1185732,2022-02-15,February,Northeast,Saxony-Anhalt,Gerolsteiner,0.37,2500,925.0
Edeka,1185732,2022-03-13,March,Northeast,North Rhine-Westphalia,Gerolsteiner,0.37,4700,1739.0
Rewe,1185732,2022-03-13,March,Northeast,Saxony-Anhalt,Vita Cola,0.37,1750,647.5
Lidl,1185732,2022-03-13,March,Northeast,Berlin,Vita Cola,0.28,2000,560.0
Netto,1185732,2022-03-13,March,Northeast,Saxony-Anhalt,Bionade,0.32,3000,960.0
Rewe,1185732,2022-03-13,March,Northeast,Brandenburg,Fritz-Kola,0.46,1000,460.0
Lidl,1185732,2022-03-13,March,Northeast,Hamburg,Bionade,0.37,2000,740.0
Lidl,1185732,2022-04-14,April,Northeast,Thuringia,Fritz-Kola,0.37,4500,1665.0
Metro,1185732,2022-04-14,April,Northeast,Hesse,Gerolsteiner,0.37,1500,555.0
Edeka,1185732,2022-04-14,April,Northeast,Saxony-Anhalt,Fritz-Kola,0.28,1500,420.00000000000006
Metro,1185732,2022-04-14,April,Northeast,Hamburg,Mezzo Mix,0.32,1250,400.0
Penny,1185732,2022-04-14,April,Northeast,Schleswig-Holstein,Bionade,0.46,1250,575.0
Kaufland,1185732,2022-04-14,April,Northeast,Saxony,Club-Mate,0.37,2750,1017.5
Lidl,1185732,2022-05-13,May,Northeast,North Rhine-Westphalia,Mezzo Mix,0.51,4950,2524.5
Lidl,1185732,2022-05-13,May,Northeast,Bavaria,Bionade,0.46,2000,920.0
Rewe,1185732,2022-05-13,May,Northeast,Hamburg,Bionade,0.41,2250,922.5
Edeka,1185732,2022-05-13,May,Northeast,Mecklenburg-Vorpommern,Vita Cola,0.41,1750,717.5
Lidl,1185732,2022-05-13,May,Northeast,Berlin,Bionade,0.51,2000,1020.0
Aldi,1185732,2022-05-13,May,Northeast,Mecklenburg-Vorpommern,Bionade,0.55,3250,1787.5000000000002
Edeka,1185732,2022-06-15,June,Northeast,Hesse,Gerolsteiner,0.51,5750,2932.5
Lidl,1185732,2022-06-15,June,Northeast,Saxony-Anhalt,Mezzo Mix,0.46,3250,1495.0
Rewe,1185732,2022-06-15,June,Northeast,Brandenburg,Club-Mate,0.41,2500,1025.0
Lidl,1185732,2022-06-15,June,Northeast,Hesse,Mezzo Mix,0.41,2250,922.5
Lidl,1185732,2022-06-15,June,Northeast,Berlin,Club-Mate,0.51,2250,1147.5
Lidl,1185732,2022-06-15,June,Northeast,Bavaria,Gerolsteiner,0.55,3750,2062.5
Metro,1185732,2022-07-13,July,Northeast,Berlin,Fritz-Kola,0.51,6000,3060.0
Kaufland,1185732,2022-07-13,July,Northeast,Berlin,Gerolsteiner,0.46,3500,1610.0
Kaufland,1185732,2022-07-13,July,Northeast,Schleswig-Holstein,Mezzo Mix,0.41,2750,1127.5
Kaufland,1185732,2022-07-13,July,Northeast,Mecklenburg-Vorpommern,Fritz-Kola,0.41,2250,922.5
Kaufland,1185732,2022-07-13,July,Northeast,Hamburg,Gerolsteiner,0.51,2500,1275.0
Lidl,1185732,2022-07-13,July,Northeast,Brandenburg,Mezzo Mix,0.55,4250,2337.5
Kaufland,1185732,2022-08-14,August,Northeast,Hamburg,Bionade,0.51,5750,2932.5
Penny,1185732,2022-08-14,August,Northeast,Hamburg,Mezzo Mix,0.46,3500,1610.0
Metro,1185732,2022-08-14,August,Northeast,Brandenburg,Bionade,0.41,2750,1127.5
Penny,1185732,2022-08-14,August,Northeast,Hamburg,Gerolsteiner,0.41,1750,717.5
Penny,1185732,2022-08-14,August,Northeast,North Rhine-Westphalia,Vita Cola,0.51,1500,765.0
Penny,1185732,2022-08-14,August,Northeast,Mecklenburg-Vorpommern,Vita Cola,0.55,3250,1787.5000000000002
Aldi,1185732,2022-09-13,September,Northeast,Schleswig-Holstein,Club-Mate,0.51,4500,2295.0
Rewe,1185732,2022-09-13,September,Northeast,Schleswig-Holstein,Fritz-Kola,0.46,2500,1150.0
Edeka,1185732,2022-09-13,September,Northeast,Brandenburg,Gerolsteiner,0.41,1500,615.0
Kaufland,1185732,2022-09-13,September,Northeast,Mecklenburg-Vorpommern,Bionade,0.41,1250,512.5
Penny,1185732,2022-09-13,September,Northeast,Thuringia,Club-Mate,0.51,1250,637.5
Metro,1185732,2022-09-13,September,Northeast,Hamburg,Gerolsteiner,0.55,2250,1237.5
Kaufland,1185732,2022-10-15,October,Northeast,Brandenburg,Vita Cola,0.55,4000,2200.0
Lidl,1185732,2022-10-15,October,Northeast,North Rhine-Westphalia,Vita Cola,0.51,2250,1147.5
Netto,1185732,2022-10-15,October,Northeast,Hesse,Gerolsteiner,0.51,1250,637.5
Netto,1185732,2022-10-15,October,Northeast,Saxony,Fritz-Kola,0.51,1000,510.0
Metro,1185732,2022-10-15,October,Northeast,Bavaria,Bionade,0.6,1000,600.0
Edeka,1185732,2022-10-15,October,Northeast,Saxony-Anhalt,Bionade,0.64,2250,1440.0
Lidl,1185732,2022-11-14,November,Northeast,Schleswig-Holstein,Vita Cola,0.6,3750,2250.0
Penny,1185732,2022-11-14,November,Northeast,Schleswig-Holstein,Club-Mate,0.51,3000,1530.0
Penny,1185732,2022-11-14,November,Northeast,Baden-Württemberg,Gerolsteiner,0.51,2950,1504.5
Metro,1185732,2022-11-14,November,Northeast,Berlin,Mezzo Mix,0.51,2750,1402.5
Aldi,1185732,2022-11-14,November,Northeast,Baden-Württemberg,Bionade,0.6,2500,1500.0
Aldi,1185732,2022-11-14,November,Northeast,Schleswig-Holstein,Fritz-Kola,0.64,3500,2240.0
Penny,1185732,2022-12-13,December,Northeast,Hesse,Gerolsteiner,0.6,5750,3450.0
Penny,1185732,2022-12-13,December,Northeast,Schleswig-Holstein,Fritz-Kola,0.51,3750,1912.5
Lidl,1185732,2022-12-13,December,Northeast,Bavaria,Gerolsteiner,0.51,3500,1785.0
Metro,1185732,2022-12-13,December,Northeast,Mecklenburg-Vorpommern,Bionade,0.51,3000,1530.0
Netto,1185732,2022-12-13,December,Northeast,Hamburg,Mezzo Mix,0.6,3000,1800.0
Aldi,1185732,2022-12-13,December,Northeast,Schleswig-Holstein,Fritz-Kola,0.64,4000,2560.0
Lidl,1185732,2022-01-14,January,Northeast,Berlin,Gerolsteiner,0.41,5250,2152.5
Edeka,1185732,2022-01-14,January,Northeast,Saxony-Anhalt,Fritz-Kola,0.41,3250,1332.5
Kaufland,1185732,2022-01-14,January,Northeast,Brandenburg,Bionade,0.32,3250,1040.0
Edeka,1185732,2022-01-14,January,Northeast,Mecklenburg-Vorpommern,Mezzo Mix,0.37,1750,647.5
Edeka,1185732,2022-01-14,January,Northeast,Brandenburg,Gerolsteiner,0.51,2250,1147.5
Kaufland,1185732,2022-01-14,January,Northeast,Berlin,Fritz-Kola,0.41,3250,1332.5
Metro,1185732,2022-02-12,February,Northeast,Baden-Württemberg,Bionade,0.41,5750,2357.5
Netto,1185732,2022-02-12,February,Northeast,Saxony,Mezzo Mix,0.41,2250,922.5
Aldi,1185732,2022-02-12,February,Northeast,Berlin,Fritz-Kola,0.32,2750,880.0
Rewe,1185732,2022-02-12,February,Northeast,Berlin,Club-Mate,0.37,1500,555.0
Kaufland,1185732,2022-02-12,February,Northeast,Brandenburg,Bionade,0.51,2250,1147.5
Kaufland,1185732,2022-02-12,February,Northeast,Berlin,Gerolsteiner,0.41,3250,1332.5
Lidl,1185732,2022-03-10,March,Northeast,Brandenburg,Club-Mate,0.41,5450,2234.5
Lidl,1185732,2022-03-10,March,Northeast,Bavaria,Fritz-Kola,0.41,2500,1025.0
Rewe,1185732,2022-03-10,March,Northeast,North Rhine-Westphalia,Club-Mate,0.32,2750,880.0
Rewe,1185732,2022-03-10,March,Northeast,Bavaria,Club-Mate,0.37,1250,462.5
Penny,1185732,2022-03-10,March,Northeast,Berlin,Gerolsteiner,0.51,1750,892.5
Metro,1185732,2022-03-10,March,Northeast,Saxony-Anhalt,Mezzo Mix,0.41,2750,1127.5
Metro,1185732,2022-04-11,April,Northeast,Baden-Württemberg,Club-Mate,0.41,5250,2152.5
Lidl,1185732,2022-04-11,April,Northeast,Baden-Württemberg,Vita Cola,0.41,2250,922.5
Lidl,1185732,2022-04-11,April,Northeast,Baden-Württemberg,Vita Cola,0.32,2250,720.0
Metro,1185732,2022-04-11,April,Northeast,Saxony,Club-Mate,0.37,1500,555.0
Rewe,1185732,2022-04-11,April,Northeast,Berlin,Fritz-Kola,0.51,1500,765.0
Kaufland,1185732,2022-04-11,April,Northeast,Hamburg,Vita Cola,0.41,3000,1230.0
Rewe,1185732,2022-05-10,May,Northeast,Brandenburg,Fritz-Kola,0.55,5700,3135.0000000000005
Netto,1185732,2022-05-10,May,Northeast,Bavaria,Vita Cola,0.51,2750,1402.5
Kaufland,1185732,2022-05-10,May,Northeast,Hamburg,Vita Cola,0.46,3000,1380.0
Lidl,1185732,2022-05-10,May,Northeast,Saxony,Club-Mate,0.46,2500,1150.0
Netto,1185732,2022-05-10,May,Northeast,Thuringia,Bionade,0.55,2750,1512.5000000000002
Aldi,1185732,2022-05-10,May,Northeast,Mecklenburg-Vorpommern,Gerolsteiner,0.6,4000,2400.0
Aldi,1185732,2022-06-12,June,Northeast,Mecklenburg-Vorpommern,Club-Mate,0.55,6500,3575.0000000000005
Penny,1185732,2022-06-12,June,Northeast,Saxony-Anhalt,Club-Mate,0.51,4000,2040.0
Rewe,1185732,2022-06-12,June,Northeast,North Rhine-Westphalia,Bionade,0.46,3250,1495.0
Edeka,1185732,2022-06-12,June,Northeast,Hamburg,Club-Mate,0.46,3000,1380.0
Edeka,1185732,2022-06-12,June,Northeast,Saxony,Fritz-Kola,0.55,3000,1650.0000000000002
Penny,1185732,2022-06-12,June,Northeast,Berlin,Vita Cola,0.6,4500,2700.0
Kaufland,1185732,2022-07-10,July,Northeast,Berlin,Mezzo Mix,0.55,6750,3712.5000000000005
Netto,1185732,2022-07-10,July,Northeast,North Rhine-Westphalia,Fritz-Kola,0.51,4250,2167.5
Rewe,1185732,2022-07-10,July,Northeast,Saxony,Vita Cola,0.46,3500,1610.0
Penny,1185732,2022-07-10,July,Northeast,Baden-Württemberg,Bionade,0.46,3000,1380.0
Edeka,1185732,2022-07-10,July,Northeast,Saxony,Club-Mate,0.55,3250,1787.5000000000002
Metro,1185732,2022-07-10,July,Northeast,Thuringia,Vita Cola,0.6,5000,3000.0
Lidl,1185732,2022-08-11,August,Northeast,Hamburg,Club-Mate,0.55,6500,3575.0000000000005
Lidl,1185732,2022-08-11,August,Northeast,Berlin,Vita Cola,0.51,4250,2167.5
Netto,1185732,2022-08-11,August,Northeast,Baden-Württemberg,Fritz-Kola,0.46,3500,1610.0
Rewe,1185732,2022-08-11,August,Northeast,Mecklenburg-Vorpommern,Club-Mate,0.46,2500,1150.0
Aldi,1185732,2022-08-11,August,Northeast,Hamburg,Bionade,0.55,2250,1237.5
Metro,1185732,2022-08-11,August,Northeast,Schleswig-Holstein,Club-Mate,0.6,4000,2400.0
Metro,1185732,2022-09-10,September,Northeast,Hesse,Gerolsteiner,0.55,5250,2887.5000000000005
Netto,1185732,2022-09-10,September,Northeast,Bavaria,Fritz-Kola,0.51,3250,1657.5
Edeka,1185732,2022-09-10,September,Northeast,Baden-Württemberg,Gerolsteiner,0.46,2250,1035.0
Edeka,1185732,2022-09-10,September,Northeast,Hesse,Gerolsteiner,0.46,2000,920.0
Netto,1185732,2022-09-10,September,Northeast,Thuringia,Fritz-Kola,0.55,2000,1100.0
Lidl,1185732,2022-09-10,September,Northeast,North Rhine-Westphalia,Vita Cola,0.6,3000,1800.0
Lidl,1185732,2022-10-12,October,Northeast,Bavaria,Bionade,0.6,4750,2850.0
Kaufland,1185732,2022-10-12,October,Northeast,North Rhine-Westphalia,Vita Cola,0.55,3000,1650.0000000000002
Aldi,1185732,2022-10-12,October,Northeast,Bavaria,Club-Mate,0.55,2000,1100.0
Netto,1185732,2022-10-12,October,Northeast,Thuringia,Bionade,0.55,1750,962.5000000000001
Metro,1185732,2022-10-12,October,Northeast,Baden-Württemberg,Vita Cola,0.64,1750,1120.0
Metro,1185732,2022-10-12,October,Northeast,Baden-Württemberg,Vita Cola,0.69,3000,2070.0
Penny,1185732,2022-11-11,November,Northeast,Brandenburg,Club-Mate,0.64,4500,2880.0
Netto,1185732,2022-11-11,November,Northeast,Baden-Württemberg,Vita Cola,0.55,3250,1787.5000000000002
Kaufland,1185732,2022-11-11,November,Northeast,Schleswig-Holstein,Fritz-Kola,0.55,3200,1760.0000000000002
Kaufland,1185732,2022-11-11,November,Northeast,Saxony,Club-Mate,0.55,3000,1650.0000000000002
Lidl,1185732,2022-11-11,November,Northeast,Baden-Württemberg,Vita Cola,0.64,2750,1760.0
Kaufland,1185732,2022-11-11,November,Northeast,Baden-Württemberg,Mezzo Mix,0.69,3750,2587.5
Rewe,1185732,2022-12-10,December,Northeast,Baden-Württemberg,Vita Cola,0.64,6000,3840.0
Netto,1185732,2022-12-10,December,Northeast,Saxony,Mezzo Mix,0.55,4000,2200.0
Aldi,1185732,2022-12-10,December,Northeast,Saxony,Gerolsteiner,0.55,3750,2062.5
Kaufland,1185732,2022-12-10,December,Northeast,Hesse,Fritz-Kola,0.55,3250,1787.5000000000002
Lidl,1185732,2022-12-10,December,Northeast,Brandenburg,Club-Mate,0.64,3250,2080.0
Metro,1185732,2022-12-10,December,Northeast,Thuringia,Gerolsteiner,0.69,4250,2932.5
Edeka,1185732,2022-01-21,January,Northeast,Bavaria,Gerolsteiner,0.46,5250,2415.0
Rewe,1185732,2022-01-21,January,Northeast,Thuringia,Fritz-Kola,0.46,3250,1495.0
Edeka,1185732,2022-01-21,January,Northeast,Baden-Württemberg,Fritz-Kola,0.37,3250,1202.5
Rewe,1185732,2022-01-21,January,Northeast,Saxony-Anhalt,Gerolsteiner,0.41,1750,717.5
Aldi,1185732,2022-01-21,January,Northeast,North Rhine-Westphalia,Fritz-Kola,0.55,2250,1237.5
Netto,1185732,2022-01-21,January,Northeast,Schleswig-Holstein,Vita Cola,0.46,3250,1495.0
Penny,1185732,2022-02-19,February,Northeast,Bavaria,Mezzo Mix,0.46,6000,2760.0
Metro,1185732,2022-02-19,February,Northeast,Saxony,Vita Cola,0.46,2500,1150.0
Rewe,1185732,2022-02-19,February,Northeast,Brandenburg,Bionade,0.37,3000,1110.0
Aldi,1185732,2022-02-19,February,Northeast,Saxony,Club-Mate,0.41,2000,820.0
Lidl,1185732,2022-02-19,February,Northeast,Baden-Württemberg,Bionade,0.55,2750,1512.5000000000002
Netto,1185732,2022-02-19,February,Northeast,Schleswig-Holstein,Club-Mate,0.46,3750,1725.0
Lidl,1185732,2022-03-17,March,Northeast,Baden-Württemberg,Mezzo Mix,0.46,5700,2622.0
Netto,1185732,2022-03-17,March,Northeast,Hamburg,Vita Cola,0.46,2750,1265.0
Penny,1185732,2022-03-17,March,Northeast,Saxony-Anhalt,Bionade,0.37,3000,1110.0
Rewe,1185732,2022-03-17,March,Northeast,Saxony,Bionade,0.41,1500,615.0
Kaufland,1185732,2022-03-17,March,Northeast,Berlin,Bionade,0.55,2000,1100.0
Penny,1185732,2022-03-17,March,Northeast,Berlin,Gerolsteiner,0.46,3000,1380.0
Metro,1185732,2022-04-18,April,Northeast,Mecklenburg-Vorpommern,Mezzo Mix,0.46,5500,2530.0
Aldi,1185732,2022-04-18,April,Northeast,Saxony,Gerolsteiner,0.46,2500,1150.0
Edeka,1185732,2022-04-18,April,Northeast,Brandenburg,Club-Mate,0.37,2500,925.0
Rewe,1185732,2022-04-18,April,Northeast,Hamburg,Club-Mate,0.41,1750,717.5
Kaufland,1185732,2022-04-18,April,Northeast,Hesse,Fritz-Kola,0.55,1750,962.5000000000001
Aldi,1185732,2022-04-18,April,Northeast,Hamburg,Mezzo Mix,0.46,3250,1495.0
Penny,1185732,2022-05-17,May,Northeast,Thuringia,Vita Cola,0.6,5950,3570.0
Netto,1185732,2022-05-17,May,Northeast,Hamburg,Mezzo Mix,0.55,3000,1650.0000000000002
Penny,1185732,2022-05-17,May,Northeast,Bavaria,Fritz-Kola,0.51,3250,1657.5
Lidl,1185732,2022-05-17,May,Northeast,Baden-Württemberg,Gerolsteiner,0.51,2750,1402.5
Aldi,1185732,2022-05-17,May,Northeast,Hesse,Gerolsteiner,0.6,3000,1800.0
Lidl,1185732,2022-05-17,May,Northeast,Mecklenburg-Vorpommern,Bionade,0.64,4250,2720.0
Netto,1185732,2022-06-19,June,Northeast,Brandenburg,Gerolsteiner,0.6,6750,4050.0
Aldi,1185732,2022-06-19,June,Northeast,Bavaria,Bionade,0.55,4250,2337.5
Edeka,1185732,2022-06-19,June,Northeast,Brandenburg,Club-Mate,0.51,3500,1785.0
Netto,1185732,2022-06-19,June,Northeast,Hesse,Fritz-Kola,0.51,3250,1657.5
Netto,1185732,2022-06-19,June,Northeast,Mecklenburg-Vorpommern,Vita Cola,0.6,3250,1950.0
Kaufland,1185732,2022-06-19,June,Northeast,Thuringia,Vita Cola,0.64,4750,3040.0
Aldi,1185732,2022-07-17,July,Northeast,Bavaria,Gerolsteiner,0.6,7000,4200.0
Lidl,1185732,2022-07-17,July,Northeast,Hamburg,Gerolsteiner,0.55,4500,2475.0
Rewe,1185732,2022-07-17,July,Northeast,Thuringia,Bionade,0.51,3750,1912.5
Edeka,1185732,2022-07-17,July,Northeast,Bavaria,Mezzo Mix,0.51,3250,1657.5
Penny,1185732,2022-07-17,July,Northeast,North Rhine-Westphalia,Gerolsteiner,0.6,3500,2100.0
Kaufland,1185732,2022-07-17,July,Northeast,North Rhine-Westphalia,Club-Mate,0.64,5250,3360.0
Edeka,1185732,2022-08-18,August,Northeast,Brandenburg,Mezzo Mix,0.6,6750,4050.0
Penny,1185732,2022-08-18,August,Northeast,Thuringia,Club-Mate,0.55,4500,2475.0
Rewe,1185732,2022-08-18,August,Northeast,Mecklenburg-Vorpommern,Fritz-Kola,0.51,3750,1912.5
Metro,1185732,2022-08-18,August,Northeast,Saxony,Fritz-Kola,0.51,2750,1402.5
Metro,1185732,2022-08-18,August,Northeast,Thuringia,Mezzo Mix,0.6,2500,1500.0
Rewe,1185732,2022-08-18,August,Northeast,Saxony-Anhalt,Bionade,0.64,4250,2720.0
Aldi,1185732,2022-09-17,September,Northeast,North Rhine-Westphalia,Gerolsteiner,0.6,5500,3300.0
Kaufland,1185732,2022-09-17,September,Northeast,Saxony,Mezzo Mix,0.55,3500,1925.0000000000002
Rewe,1185732,2022-09-17,September,Northeast,Berlin,Fritz-Kola,0.51,2500,1275.0
Aldi,1185732,2022-09-17,September,Northeast,Bavaria,Mezzo Mix,0.51,2250,1147.5
Aldi,1185732,2022-09-17,September,Northeast,Schleswig-Holstein,Vita Cola,0.6,2250,1350.0
Penny,1185732,2022-09-17,September,Northeast,Berlin,Club-Mate,0.64,3250,2080.0
Aldi,1185732,2022-10-19,October,Northeast,Bavaria,Club-Mate,0.64,4750,3040.0
Edeka,1185732,2022-10-19,October,Northeast,Schleswig-Holstein,Fritz-Kola,0.6,3000,1800.0
Lidl,1185732,2022-10-19,October,Northeast,Hesse,Mezzo Mix,0.6,2000,1200.0
Edeka,1185732,2022-10-19,October,Northeast,Schleswig-Holstein,Fritz-Kola,0.6,1750,1050.0
Metro,1185732,2022-10-19,October,Northeast,Baden-Württemberg,Mezzo Mix,0.69,1750,1207.5
Edeka,1185732,2022-10-19,October,Northeast,Hesse,Fritz-Kola,0.74,3000,2220.0
Netto,1185732,2022-11-18,November,Northeast,Hesse,Vita Cola,0.69,4500,3104.9999999999995
Metro,1185732,2022-11-18,November,Northeast,Saxony,Bionade,0.6,3250,1950.0
Aldi,1185732,2022-11-18,November,Northeast,Berlin,Bionade,0.6,3450,2070.0
Lidl,1185732,2022-11-18,November,Northeast,Mecklenburg-Vorpommern,Gerolsteiner,0.6,3250,1950.0
Metro,1185732,2022-11-18,November,Northeast,Brandenburg,Fritz-Kola,0.69,3000,2070.0
Aldi,1185732,2022-11-18,November,Northeast,Schleswig-Holstein,Fritz-Kola,0.74,4000,2960.0
Netto,1185732,2022-12-17,December,Northeast,Baden-Württemberg,Club-Mate,0.69,6250,4312.5
Metro,1185732,2022-12-17,December,Northeast,Brandenburg,Club-Mate,0.6,4250,2550.0
Penny,1185732,2022-12-17,December,Northeast,Mecklenburg-Vorpommern,Fritz-Kola,0.6,4000,2400.0
Kaufland,1185732,2022-12-17,December,Northeast,Baden-Württemberg,Fritz-Kola,0.6,3500,2100.0
Kaufland,1185732,2022-12-17,December,Northeast,Baden-Württemberg,Club-Mate,0.69,3500,2415.0
Edeka,1185732,2022-12-17,December,Northeast,Mecklenburg-Vorpommern,Mezzo Mix,0.74,4500,3330.0
Kaufland,1185732,2022-01-24,January,Northeast,Thuringia,Gerolsteiner,0.51,5000,2550.0
Edeka,1185732,2022-01-24,January,Northeast,Saxony,Mezzo Mix,0.51,3000,1530.0
Penny,1185732,2022-01-24,January,Northeast,Baden-Württemberg,Bionade,0.41,3000,1230.0
Edeka,1185732,2022-01-24,January,Northeast,Hamburg,Mezzo Mix,0.46,1500,690.0
Penny,1185732,2022-01-24,January,Northeast,Berlin,Gerolsteiner,0.6,2000,1200.0
Metro,1185732,2022-01-24,January,Northeast,Thuringia,Gerolsteiner,0.51,3000,1530.0
Lidl,1185732,2022-02-22,February,Northeast,Berlin,Gerolsteiner,0.51,5750,2932.5
Rewe,1185732,2022-02-22,February,Northeast,Saxony,Bionade,0.51,2250,1147.5
Netto,1185732,2022-02-22,February,Northeast,Schleswig-Holstein,Bionade,0.41,2750,1127.5
Netto,1185732,2022-02-22,February,Northeast,Berlin,Bionade,0.46,1750,805.0
Aldi,1185732,2022-02-22,February,Northeast,Thuringia,Club-Mate,0.6,2500,1500.0
Penny,1185732,2022-02-22,February,Northeast,Brandenburg,Club-Mate,0.51,3500,1785.0
Aldi,1185732,2022-03-20,March,Northeast,Baden-Württemberg,Fritz-Kola,0.51,5450,2779.5
Penny,1185732,2022-03-20,March,Northeast,Hamburg,Fritz-Kola,0.51,2500,1275.0
Rewe,1185732,2022-03-20,March,Northeast,Saxony-Anhalt,Vita Cola,0.41,2750,1127.5
Rewe,1185732,2022-03-20,March,Northeast,Berlin,Fritz-Kola,0.46,1250,575.0
Aldi,1185732,2022-03-20,March,Northeast,Schleswig-Holstein,Vita Cola,0.6,1750,1050.0
Rewe,1185732,2022-03-20,March,Northeast,Schleswig-Holstein,Gerolsteiner,0.51,2750,1402.5
Aldi,1185732,2022-04-21,April,Northeast,North Rhine-Westphalia,Gerolsteiner,0.51,5250,2677.5
Edeka,1185732,2022-04-21,April,Northeast,Mecklenburg-Vorpommern,Bionade,0.51,2250,1147.5
Rewe,1185732,2022-04-21,April,Northeast,Hesse,Mezzo Mix,0.41,2250,922.5
Metro,1185732,2022-04-21,April,Northeast,Thuringia,Mezzo Mix,0.46,1500,690.0
Kaufland,1185732,2022-04-21,April,Northeast,Saxony-Anhalt,Gerolsteiner,0.55,1500,825.0000000000001
Penny,1185732,2022-04-21,April,Northeast,Bavaria,Fritz-Kola,0.46,3000,1380.0
Lidl,1185732,2022-05-20,May,Northeast,Berlin,Club-Mate,0.6,5700,3420.0
Metro,1185732,2022-05-20,May,Northeast,Bavaria,Gerolsteiner,0.55,2750,1512.5000000000002
Netto,1185732,2022-05-20,May,Northeast,Hesse,Club-Mate,0.51,3000,1530.0
Netto,1185732,2022-05-20,May,Northeast,Brandenburg,Bionade,0.51,2500,1275.0
Metro,1185732,2022-05-20,May,Northeast,Baden-Württemberg,Vita Cola,0.6,2750,1650.0
Penny,1185732,2022-05-20,May,Northeast,Bavaria,Vita Cola,0.64,4000,2560.0
Aldi,1185732,2022-06-22,June,Northeast,Bavaria,Bionade,0.6,6500,3900.0
Rewe,1185732,2022-06-22,June,Northeast,North Rhine-Westphalia,Gerolsteiner,0.55,4000,2200.0
Netto,1185732,2022-06-22,June,Northeast,Hamburg,Fritz-Kola,0.51,3250,1657.5
Metro,1185732,2022-06-22,June,Northeast,Hamburg,Vita Cola,0.51,3000,1530.0
Edeka,1185732,2022-06-22,June,Northeast,Hesse,Fritz-Kola,0.6,3000,1800.0
Lidl,1185732,2022-06-22,June,Northeast,Hesse,Club-Mate,0.64,4500,2880.0
Penny,1185732,2022-07-20,July,Northeast,North Rhine-Westphalia,Vita Cola,0.6,6750,4050.0
Lidl,1185732,2022-07-20,July,Northeast,North Rhine-Westphalia,Club-Mate,0.55,4250,2337.5
Lidl,1185732,2022-07-20,July,Northeast,Brandenburg,Club-Mate,0.51,3500,1785.0
Lidl,1185732,2022-07-20,July,Northeast,Brandenburg,Gerolsteiner,0.51,3000,1530.0
Edeka,1185732,2022-07-20,July,Northeast,Berlin,Gerolsteiner,0.6,3250,1950.0
Metro,1185732,2022-07-20,July,Northeast,Saxony,Club-Mate,0.64,5000,3200.0
Rewe,1185732,2022-08-21,August,Northeast,Saxony,Gerolsteiner,0.6,6500,3900.0
Metro,1185732,2022-08-21,August,Northeast,Mecklenburg-Vorpommern,Club-Mate,0.55,4250,2337.5
Metro,1185732,2022-08-21,August,Northeast,Saxony,Club-Mate,0.51,3500,1785.0
Rewe,1185732,2022-08-21,August,Northeast,Brandenburg,Gerolsteiner,0.51,2500,1275.0
Aldi,1185732,2022-08-21,August,Northeast,Bavaria,Mezzo Mix,0.6,2250,1350.0
Kaufland,1185732,2022-08-21,August,Northeast,Hesse,Club-Mate,0.64,4000,2560.0
Penny,1185732,2022-09-20,September,Northeast,Hamburg,Mezzo Mix,0.6,5250,3150.0
Edeka,1185732,2022-09-20,September,Northeast,Brandenburg,Vita Cola,0.55,3250,1787.5000000000002
Aldi,1185732,2022-09-20,September,Northeast,Brandenburg,Bionade,0.51,2250,1147.5
Metro,1185732,2022-09-20,September,Northeast,North Rhine-Westphalia,Fritz-Kola,0.51,2000,1020.0
Edeka,1185732,2022-09-20,September,Northeast,Saxony,Club-Mate,0.6,2000,1200.0
Metro,1185732,2022-09-20,September,Northeast,Saxony-Anhalt,Club-Mate,0.64,3000,1920.0
Metro,1185732,2022-10-22,October,Northeast,Baden-Württemberg,Club-Mate,0.64,4500,2880.0
Kaufland,1185732,2022-10-22,October,Northeast,North Rhine-Westphalia,Fritz-Kola,0.6,2750,1650.0
Rewe,1185732,2022-10-22,October,Northeast,Schleswig-Holstein,Gerolsteiner,0.6,1750,1050.0
Rewe,1185732,2022-10-22,October,Northeast,Hesse,Club-Mate,0.6,1500,900.0
Edeka,1185732,2022-10-22,October,Northeast,Thuringia,Mezzo Mix,0.69,1500,1035.0
Rewe,1185732,2022-10-22,October,Northeast,Mecklenburg-Vorpommern,Club-Mate,0.74,2750,2035.0
Metro,1185732,2022-11-21,November,Northeast,Thuringia,Fritz-Kola,0.69,4250,2932.5
Metro,1185732,2022-11-21,November,Northeast,Schleswig-Holstein,Vita Cola,0.6,3000,1800.0
Edeka,1185732,2022-11-21,November,Northeast,Bavaria,Gerolsteiner,0.6,3200,1920.0
Rewe,1185732,2022-11-21,November,Northeast,Hesse,Club-Mate,0.6,3000,1800.0
Rewe,1185732,2022-11-21,November,Northeast,Saxony,Vita Cola,0.69,2750,1897.4999999999998
Penny,1185732,2022-11-21,November,Northeast,Mecklenburg-Vorpommern,Vita Cola,0.74,3750,2775.0
Kaufland,1185732,2022-12-20,December,Northeast,Saxony,Fritz-Kola,0.69,6000,4140.0
Rewe,1185732,2022-12-20,December,Northeast,Thuringia,Gerolsteiner,0.6,4000,2400.0
Penny,1185732,2022-12-20,December,Northeast,Saxony,Vita Cola,0.6,3750,2250.0
Edeka,1185732,2022-12-20,December,Northeast,Berlin,Gerolsteiner,0.6,3250,1950.0
Aldi,1185732,2022-12-20,December,Northeast,Hamburg,Fritz-Kola,0.69,3250,2242.5
Metro,1185732,2022-12-20,December,Northeast,Brandenburg,Mezzo Mix,0.74,4250,3145.0
